qemu-system-i386 -drive file=build/HeliumOS.img,format=raw -serial stdio 
[CONSOLE] Initialized
========================================
 HeliumOS Kernel Started (1GB/3GB)
========================================
[PMM] Initializing...
[PMM] Done. Free pages: 32458
[HEAP] Initialized (slab, max=2048 bytes)
[GDT] Initializing...
[GDT] Loaded.
[TSS] Initializing...
[TSS] Loaded.
[VMM] Paging enabled (identity mapping for kernel).
[VMM] Kernel uses low 1GB space (0x00000000 - 0x3FFFFFFF).
[VMM] User space starts at 0x40000000.
[IDT] Initializing...
[IDT] Initialization complete.
[VOL] Initialized (8 slots)
[FS] Initialized
[DEV] Initialized
[DEV] Registered type 1
[ATA] Initializing...
[ATA] Drive detected (status 0x50).
[FAT32] Mounted at LBA 2048: bps=512 spc=1 fat_size=993 root=2
[VOL] Registered 'SYS' (fs_type=1, lba=2048, sectors=131072)
[VMM] New process page directory created at physical 0x00116000.
[ELF] PT_LOAD: vaddr=0x40000000 filesz=0x10ac memsz=0x10b4 pages=2
[VMM] Map: virt 0x40000000 -> phys 0x117000, PDE=0x118007, PTE=0x117007
[VMM] Map: virt 0x40001000 -> phys 0x119000, PDE=0x118007, PTE=0x119007
[VMM] Map: virt 0x7fffc000 -> phys 0x11c000, PDE=0x11e007, PTE=0x11c007
[VMM] Map: virt 0x7fffd000 -> phys 0x11d000, PDE=0x11e007, PTE=0x11d007
[TASK] Process 1 created. Entry: 0x40000000, Kernel stack: 0x0011b000, heap_brk=0x50000000
[KERNEL] IDLE task created (pid=1)
[VMM] New process page directory created at physical 0x0011f000.
[ELF] PT_LOAD: vaddr=0x40000000 filesz=0x2014 memsz=0x201c pages=3
[VMM] Map: virt 0x40000000 -> phys 0x120000, PDE=0x121007, PTE=0x120007
[VMM] Map: virt 0x40001000 -> phys 0x122000, PDE=0x121007, PTE=0x122007
[VMM] Map: virt 0x40002000 -> phys 0x123000, PDE=0x121007, PTE=0x123007
[VMM] Map: virt 0x7fffc000 -> phys 0x126000, PDE=0x128007, PTE=0x126007
[VMM] Map: virt 0x7fffd000 -> phys 0x127000, PDE=0x128007, PTE=0x127007
[TASK] Process 2 created. Entry: 0x40000745, Kernel stack: 0x00125000, heap_brk=0x50000000
[KERNEL] SHELL task created (pid=2)
[TEST] kmalloc: p1=0x00129fe4 p2=0x00129fd4 p3=0x0012af94 p4=0x0012b014
[HEAP] Stats:
  size=16  slabs=1  free=252
  size=64  slabs=1  free=62
  size=2048  slabs=1  free=0
[TEST] after kfree:
[HEAP] Stats:
  size=16  slabs=1  free=254
  size=64  slabs=1  free=63
  size=2048  slabs=1  free=1
[TEST] fat32 open/read:
  read 16 bytes: 7f 45 4c 46
[TEST] fat32 readdir:
  BOOT/
  IDLE.ELF
  SHELL.ELF
  TEST.ELF
  TESTKILL.ELF
  SLEEPER.ELF
  KMAIN.C
  IDLE.C
[KERNEL] Processes created. Starting scheduler...
[SYSCALL] regs=0x00125fb4 regs->eax=12 ret=1
[SYSCALL] regs=0x00125fb4 regs->eax=12 ret=1
[SYSCALL] regs=0x00125fb4 regs->eax=12 ret=1
[SYSCALL] regs=0x00125fb4 regs->eax=12 ret=1
[SYSCALL] regs=0x00125fb4 regs->eax=12 ret=1
[SYSCALL] regs=0x00125fb4 regs->eax=12 ret=1
[SYSCALL] regs=0x00125fb4 regs->eax=12 ret=1
[SYSCALL] regs=0x00125fb4 regs->eax=12 ret=1
[SYSCALL] regs=0x00125fb4 regs->eax=12 ret=1
[SYSCALL] regs=0x00125fb4 regs->eax=12 ret=1
[SYSCALL] regs=0x00125fb4 regs->eax=12 ret=1
[SYSCALL] regs=0x00125fb4 regs->eax=12 ret=1
[SYSCALL] regs=0x00125fb4 regs->eax=12 ret=1
[SYSCALL] regs=0x00125fb4 regs->eax=12 ret=1
[SYSCALL] regs=0x00125fb4 regs->eax=12 ret=1
[SYSCALL] regs=0x00125fb4 regs->eax=12 ret=1
[SYSCALL] regs=0x00125fb4 regs->eax=12 ret=1
[SYSCALL] regs=0x00125fb4 regs->eax=12 ret=1
[SYSCALL] regs=0x00125fb4 regs->eax=12 ret=1
[SYSCALL] regs=0x00125fb4 regs->eax=12 ret=1
[SYSCALL] regs=0x00125fb4 regs->eax=12 ret=1
[SYSCALL] regs=0x00125fb4 regs->eax=12 ret=1
[SYSCALL] regs=0x00125fb4 regs->eax=12 ret=1
[SYSCALL] regs=0x00125fb4 regs->eax=12 ret=1
[SYSCALL] regs=0x00125fb4 regs->eax=12 ret=1
[SYSCALL] regs=0x00125fb4 regs->eax=12 ret=1
[SYSCALL] regs=0x00125fb4 regs->eax=12 ret=1
[SYSCALL] regs=0x00125fb4 regs->eax=12 ret=1
[SYSCALL] regs=0x00125fb4 regs->eax=12 ret=1
[SYSCALL] regs=0x00125fb4 regs->eax=12 ret=1
[SYSCALL] regs=0x00125fb4 regs->eax=12 ret=1
[SYSCALL] regs=0x00125fb4 regs->eax=12 ret=1
[SYSCALL] regs=0x00125fb4 regs->eax=12 ret=1
[SYSCALL] regs=0x00125fb4 regs->eax=12 ret=1
[SYSCALL] regs=0x00125fb4 regs->eax=12 ret=1
[SYSCALL] regs=0x00125fb4 regs->eax=12 ret=1
[SYSCALL] regs=0x00125fb4 regs->eax=12 ret=1
[SYSCALL] regs=0x00125fb4 regs->eax=12 ret=1
[SYSCALL] regs=0x00125fb4 regs->eax=12 ret=1
[SYSCALL] regs=0x00125fb4 regs->eax=12 ret=1
[SYSCALL] regs=0x00125fb4 regs->eax=12 ret=1
[SYSCALL] regs=0x00125fb4 regs->eax=12 ret=1
[SYSCALL] regs=0x00125fb4 regs->eax=12 ret=1
[SYSCALL] regs=0x00125fb4 regs->eax=12 ret=1
[SYSCALL] regs=0x00125fb4 regs->eax=12 ret=1
[SYSCALL] regs=0x00125fb4 regs->eax=12 ret=1
[SYSCALL] regs=0x00125fb4 regs->eax=12 ret=1
[SYSCALL] regs=0x00125fb4 regs->eax=12 ret=1
[SYSCALL] regs=0x00125fb4 regs->eax=12 ret=1
[SYSCALL] regs=0x00125fb4 regs->eax=12 ret=1
[SYSCALL] regs=0x00125fb4 regs->eax=12 ret=1
[SYSCALL] regs=0x00125fb4 regs->eax=12 ret=1
[SYSCALL] regs=0x00125fb4 regs->eax=12 ret=1
[SYSCALL] regs=0x00125fb4 regs->eax=12 ret=1
[SYSCALL] regs=0x00125fb4 regs->eax=14 ret=0
[SYSCALL] regs=0x00125fb4 regs->eax=12 ret=1
[SYSCALL] regs=0x00125fb4 regs->eax=12 ret=1
[SYSCALL] regs=0x00125fb4 regs->eax=14 ret=0
[SYSCALL] regs=0x00125fb4 regs->eax=11 ret=0
[SYSCALL] regs=0x00125fb4 regs->eax=11 ret=0
[SYSCALL] regs=0x00125fb4 regs->eax=11 ret=0
[SYSCALL] regs=0x00125fb4 regs->eax=11 ret=0
[SYSCALL] regs=0x00125fb4 regs->eax=11 ret=0
[SYSCALL] regs=0x00125fb4 regs->eax=11 ret=0
[SYSCALL] regs=0x00125fb4 regs->eax=11 ret=0
[SYSCALL] regs=0x00125fb4 regs->eax=11 ret=0
[SYSCALL] regs=0x00125fb4 regs->eax=11 ret=0
[SYSCALL] regs=0x00125fb4 regs->eax=11 ret=0
[SYSCALL] regs=0x00125fb4 regs->eax=11 ret=0
[SYSCALL] regs=0x00125fb4 regs->eax=11 ret=0
[SYSCALL] regs=0x00125fb4 regs->eax=11 ret=0
[SYSCALL] regs=0x00125fb4 regs->eax=11 ret=0
[SYSCALL] regs=0x00125fb4 regs->eax=11 ret=0
[SYSCALL] regs=0x00125fb4 regs->eax=11 ret=0
[SYSCALL] regs=0x00125fb4 regs->eax=11 ret=0
[SYSCALL] regs=0x00125fb4 regs->eax=11 ret=0
[SYSCALL] regs=0x00125fb4 regs->eax=11 ret=0
[SYSCALL] regs=0x00125fb4 regs->eax=11 ret=0
[SYSCALL] regs=0x00125fb4 regs->eax=11 ret=0
[SYSCALL] regs=0x00125fb4 regs->eax=11 ret=0
[SYSCALL] regs=0x00125fb4 regs->eax=11 ret=0
[SYSCALL] regs=0x00125fb4 regs->eax=11 ret=0
[SYSCALL] regs=0x00125fb4 regs->eax=11 ret=0
[SYSCALL] regs=0x00125fb4 regs->eax=11 ret=0
[SYSCALL] regs=0x00125fb4 regs->eax=11 ret=0
[SYSCALL] regs=0x00125fb4 regs->eax=11 ret=0
[SYSCALL] regs=0x00125fb4 regs->eax=11 ret=0
[SYSCALL] regs=0x00125fb4 regs->eax=11 ret=0
[SYSCALL] regs=0x00125fb4 regs->eax=11 ret=0
[SYSCALL] regs=0x00125fb4 regs->eax=11 ret=0
[SYSCALL] regs=0x00125fb4 regs->eax=11 ret=0
[SYSCALL] regs=0x00125fb4 regs->eax=11 ret=0
[SYSCALL] regs=0x00125fb4 regs->eax=11 ret=0
[SYSCALL] regs=0x00125fb4 regs->eax=11 ret=0
[SYSCALL] regs=0x00125fb4 regs->eax=11 ret=0
[SYSCALL] regs=0x00125fb4 regs->eax=11 ret=0
[SYSCALL] regs=0x00125fb4 regs->eax=11 ret=0
[SYSCALL] regs=0x00125fb4 regs->eax=11 ret=0
[SYSCALL] regs=0x00125fb4 regs->eax=11 ret=0
[SYSCALL] regs=0x00125fb4 regs->eax=11 ret=0
[SYSCALL] regs=0x00125fb4 regs->eax=11 ret=0
[SYSCALL] regs=0x00125fb4 regs->eax=11 ret=0
[SYSCALL] regs=0x00125fb4 regs->eax=11 ret=0
[SYSCALL] regs=0x00125fb4 regs->eax=11 ret=0
[SYSCALL] regs=0x00125fb4 regs->eax=11 ret=0
[SYSCALL] regs=0x00125fb4 regs->eax=11 ret=0
[SYSCALL] regs=0x00125fb4 regs->eax=11 ret=0
[SYSCALL] regs=0x00125fb4 regs->eax=11 ret=0
[SYSCALL] regs=0x00125fb4 regs->eax=11 ret=0
[SYSCALL] regs=0x00125fb4 regs->eax=11 ret=0
[SYSCALL] regs=0x00125fb4 regs->eax=11 ret=0
[SYSCALL] regs=0x00125fb4 regs->eax=11 ret=0
[SYSCALL] regs=0x00125fb4 regs->eax=11 ret=0
[SYSCALL] regs=0x00125fb4 regs->eax=11 ret=0
[SYSCALL] regs=0x00125fb4 regs->eax=11 ret=0
[SYSCALL] regs=0x00125fb4 regs->eax=11 ret=0
[SYSCALL] regs=0x00125fb4 regs->eax=11 ret=0
[SYSCALL] regs=0x00125fb4 regs->eax=11 ret=0
[SYSCALL] regs=0x00125fb4 regs->eax=11 ret=0
[SYSCALL] regs=0x00125fb4 regs->eax=11 ret=0
[SYSCALL] regs=0x00125fb4 regs->eax=11 ret=0
[SYSCALL] regs=0x00125fb4 regs->eax=11 ret=0
[SYSCALL] regs=0x00125fb4 regs->eax=11 ret=0
[SYSCALL] regs=0x00125fb4 regs->eax=11 ret=0
[SYSCALL] regs=0x00125fb4 regs->eax=11 ret=0
[SYSCALL] regs=0x00125fb4 regs->eax=11 ret=0
[SYSCALL] regs=0x00125fb4 regs->eax=11 ret=0
[SYSCALL] regs=0x00125fb4 regs->eax=11 ret=0
[SYSCALL] regs=0x00125fb4 regs->eax=11 ret=0
[SYSCALL] regs=0x00125fb4 regs->eax=11 ret=0
[SYSCALL] regs=0x00125fb4 regs->eax=11 ret=0
[SYSCALL] regs=0x00125fb4 regs->eax=11 ret=0
[SYSCALL] regs=0x00125fb4 regs->eax=11 ret=0
[SYSCALL] regs=0x00125fb4 regs->eax=11 ret=0
[SYSCALL] regs=0x00125fb4 regs->eax=11 ret=0
[SYSCALL] regs=0x00125fb4 regs->eax=11 ret=0
[SYSCALL] regs=0x00125fb4 regs->eax=11 ret=0
[SYSCALL] regs=0x00125fb4 regs->eax=11 ret=0
[SYSCALL] regs=0x00125fb4 regs->eax=11 ret=0
[SYSCALL] regs=0x00125fb4 regs->eax=11 ret=0
[SYSCALL] regs=0x00125fb4 regs->eax=11 ret=0
[SYSCALL] regs=0x00125fb4 regs->eax=11 ret=0
[SYSCALL] regs=0x00125fb4 regs->eax=11 ret=0
[SYSCALL] regs=0x00125fb4 regs->eax=11 ret=0
[SYSCALL] regs=0x00125fb4 regs->eax=11 ret=0
[SYSCALL] regs=0x00125fb4 regs->eax=11 ret=0
[SYSCALL] regs=0x00125fb4 regs->eax=11 ret=0
[SYSCALL] regs=0x00125fb4 regs->eax=11 ret=0
[SYSCALL] regs=0x00125fb4 regs->eax=11 ret=0
[SYSCALL] regs=0x00125fb4 regs->eax=11 ret=0
[SYSCALL] regs=0x00125fb4 regs->eax=11 ret=0
[SYSCALL] regs=0x00125fb4 regs->eax=11 ret=0
[SYSCALL] regs=0x00125fb4 regs->eax=11 ret=0
[SYSCALL] regs=0x00125fb4 regs->eax=11 ret=0
[SYSCALL] regs=0x00125fb4 regs->eax=11 ret=0
[SYSCALL] regs=0x00125fb4 regs->eax=11 ret=0
[SYSCALL] regs=0x00125fb4 regs->eax=11 ret=0
[SYSCALL] regs=0x00125fb4 regs->eax=11 ret=0
[SYSCALL] regs=0x00125fb4 regs->eax=11 ret=0
[SYSCALL] regs=0x00125fb4 regs->eax=11 ret=0
[SYSCALL] regs=0x00125fb4 regs->eax=11 ret=0
[SYSCALL] regs=0x00125fb4 regs->eax=11 ret=0
[SYSCALL] regs=0x00125fb4 regs->eax=11 ret=0
[SYSCALL] regs=0x00125fb4 regs->eax=11 ret=0
[SYSCALL] regs=0x00125fb4 regs->eax=11 ret=0
[SYSCALL] regs=0x00125fb4 regs->eax=11 ret=0
[SYSCALL] regs=0x00125fb4 regs->eax=11 ret=0
[SYSCALL] regs=0x00125fb4 regs->eax=11 ret=0
[SYSCALL] regs=0x00125fb4 regs->eax=11 ret=0
[SYSCALL] regs=0x00125fb4 regs->eax=11 ret=0
[SYSCALL] regs=0x00125fb4 regs->eax=11 ret=0
[SYSCALL] regs=0x00125fb4 regs->eax=11 ret=0
[SYSCALL] regs=0x00125fb4 regs->eax=11 ret=0
[SYSCALL] regs=0x00125fb4 regs->eax=11 ret=0
[SYSCALL] regs=0x00125fb4 regs->eax=11 ret=0
[SYSCALL] regs=0x00125fb4 regs->eax=11 ret=0
[SYSCALL] regs=0x00125fb4 regs->eax=11 ret=0
[SYSCALL] regs=0x00125fb4 regs->eax=11 ret=0
[SYSCALL] regs=0x00125fb4 regs->eax=11 ret=0
[SYSCALL] regs=0x00125fb4 regs->eax=11 ret=0
[SYSCALL] regs=0x00125fb4 regs->eax=11 ret=0
[SYSCALL] regs=0x00125fb4 regs->eax=11 ret=0
[SYSCALL] regs=0x00125fb4 regs->eax=11 ret=0
[SYSCALL] regs=0x00125fb4 regs->eax=11 ret=0
[SYSCALL] regs=0x00125fb4 regs->eax=11 ret=0
[SYSCALL] regs=0x00125fb4 regs->eax=11 ret=0
[SYSCALL] regs=0x00125fb4 regs->eax=11 ret=0
[SYSCALL] regs=0x00125fb4 regs->eax=11 ret=0
[SYSCALL] regs=0x00125fb4 regs->eax=11 ret=0
[SYSCALL] regs=0x00125fb4 regs->eax=11 ret=0
[SYSCALL] regs=0x00125fb4 regs->eax=11 ret=0
[SYSCALL] regs=0x00125fb4 regs->eax=11 ret=0
[SYSCALL] regs=0x00125fb4 regs->eax=11 ret=0
[SYSCALL] regs=0x00125fb4 regs->eax=11 ret=0
[SYSCALL] regs=0x00125fb4 regs->eax=11 ret=0
[SYSCALL] regs=0x00125fb4 regs->eax=11 ret=0
[SYSCALL] regs=0x00125fb4 regs->eax=11 ret=0
[SYSCALL] regs=0x00125fb4 regs->eax=11 ret=0
[SYSCALL] regs=0x00125fb4 regs->eax=11 ret=0
[SYSCALL] regs=0x00125fb4 regs->eax=11 ret=0
[SYSCALL] regs=0x00125fb4 regs->eax=11 ret=0
[SYSCALL] regs=0x00125fb4 regs->eax=11 ret=0
[SYSCALL] regs=0x00125fb4 regs->eax=11 ret=0
[SYSCALL] regs=0x00125fb4 regs->eax=11 ret=0
[SYSCALL] regs=0x00125fb4 regs->eax=11 ret=0
[SYSCALL] regs=0x00125fb4 regs->eax=11 ret=0
[SYSCALL] regs=0x00125fb4 regs->eax=11 ret=0
[SYSCALL] regs=0x00125fb4 regs->eax=11 ret=0
[SYSCALL] regs=0x00125fb4 regs->eax=11 ret=0
[SYSCALL] regs=0x00125fb4 regs->eax=11 ret=0
[SYSCALL] regs=0x00125fb4 regs->eax=11 ret=0
[SYSCALL] regs=0x00125fb4 regs->eax=11 ret=0
[SYSCALL] regs=0x00125fb4 regs->eax=11 ret=0
[SYSCALL] regs=0x00125fb4 regs->eax=11 ret=0
[SYSCALL] regs=0x00125fb4 regs->eax=11 ret=0
[SYSCALL] regs=0x00125fb4 regs->eax=11 ret=0
[SYSCALL] regs=0x00125fb4 regs->eax=11 ret=0
[SYSCALL] regs=0x00125fb4 regs->eax=11 ret=0
[SYSCALL] regs=0x00125fb4 regs->eax=11 ret=0
[SYSCALL] regs=0x00125fb4 regs->eax=11 ret=0
[SYSCALL] regs=0x00125fb4 regs->eax=11 ret=0
[SYSCALL] regs=0x00125fb4 regs->eax=11 ret=0
[SYSCALL] regs=0x00125fb4 regs->eax=11 ret=0
[SYSCALL] regs=0x00125fb4 regs->eax=11 ret=0
[SYSCALL] regs=0x00125fb4 regs->eax=11 ret=0
[SYSCALL] regs=0x00125fb4 regs->eax=11 ret=0
[SYSCALL] regs=0x00125fb4 regs->eax=11 ret=0
[SYSCALL] regs=0x00125fb4 regs->eax=11 ret=0
[SYSCALL] regs=0x00125fb4 regs->eax=11 ret=0
[SYSCALL] regs=0x00125fb4 regs->eax=11 ret=0
[SYSCALL] regs=0x00125fb4 regs->eax=11 ret=0
[SYSCALL] regs=0x00125fb4 regs->eax=11 ret=0
[SYSCALL] regs=0x00125fb4 regs->eax=11 ret=0
[SYSCALL] regs=0x00125fb4 regs->eax=11 ret=0
[SYSCALL] regs=0x00125fb4 regs->eax=11 ret=0
[SYSCALL] regs=0x00125fb4 regs->eax=11 ret=0
[SYSCALL] regs=0x00125fb4 regs->eax=11 ret=0
[SYSCALL] regs=0x00125fb4 regs->eax=11 ret=0
[SYSCALL] regs=0x00125fb4 regs->eax=11 ret=0
[SYSCALL] regs=0x00125fb4 regs->eax=11 ret=0
[SYSCALL] regs=0x00125fb4 regs->eax=11 ret=0
[SYSCALL] regs=0x00125fb4 regs->eax=11 ret=0
[SYSCALL] regs=0x00125fb4 regs->eax=11 ret=0
[SYSCALL] regs=0x00125fb4 regs->eax=11 ret=0
[SYSCALL] regs=0x00125fb4 regs->eax=11 ret=0
[SYSCALL] regs=0x00125fb4 regs->eax=11 ret=0
[SYSCALL] regs=0x00125fb4 regs->eax=11 ret=0
[SYSCALL] regs=0x00125fb4 regs->eax=11 ret=0
[SYSCALL] regs=0x00125fb4 regs->eax=11 ret=0
[SYSCALL] regs=0x00125fb4 regs->eax=11 ret=0
[SYSCALL] regs=0x00125fb4 regs->eax=11 ret=0
[SYSCALL] regs=0x00125fb4 regs->eax=11 ret=0
[SYSCALL] regs=0x00125fb4 regs->eax=11 ret=0
[SYSCALL] regs=0x00125fb4 regs->eax=11 ret=0
[SYSCALL] regs=0x00125fb4 regs->eax=11 ret=0
[SYSCALL] regs=0x00125fb4 regs->eax=11 ret=0
[SYSCALL] regs=0x00125fb4 regs->eax=11 ret=0
[SYSCALL] regs=0x00125fb4 regs->eax=11 ret=0
[SYSCALL] regs=0x00125fb4 regs->eax=11 ret=0
[SYSCALL] regs=0x00125fb4 regs->eax=11 ret=0
[SYSCALL] regs=0x00125fb4 regs->eax=11 ret=0
[SYSCALL] regs=0x00125fb4 regs->eax=11 ret=0
[SYSCALL] regs=0x00125fb4 regs->eax=11 ret=0
[SYSCALL] regs=0x00125fb4 regs->eax=11 ret=0
[SYSCALL] regs=0x00125fb4 regs->eax=11 ret=0
[SYSCALL] regs=0x00125fb4 regs->eax=11 ret=0
[SYSCALL] regs=0x00125fb4 regs->eax=11 ret=0
[SYSCALL] regs=0x00125fb4 regs->eax=11 ret=0
[SYSCALL] regs=0x00125fb4 regs->eax=11 ret=0
[SYSCALL] regs=0x00125fb4 regs->eax=11 ret=0
[SYSCALL] regs=0x00125fb4 regs->eax=11 ret=0
[SYSCALL] regs=0x00125fb4 regs->eax=11 ret=0
[SYSCALL] regs=0x00125fb4 regs->eax=11 ret=0
[SYSCALL] regs=0x00125fb4 regs->eax=11 ret=0
[SYSCALL] regs=0x00125fb4 regs->eax=11 ret=0
[SYSCALL] regs=0x00125fb4 regs->eax=11 ret=0
[SYSCALL] regs=0x00125fb4 regs->eax=11 ret=0
[SYSCALL] regs=0x00125fb4 regs->eax=11 ret=0
[SYSCALL] regs=0x00125fb4 regs->eax=11 ret=0
[SYSCALL] regs=0x00125fb4 regs->eax=11 ret=0
[SYSCALL] regs=0x00125fb4 regs->eax=11 ret=0
[SYSCALL] regs=0x00125fb4 regs->eax=11 ret=0
[SYSCALL] regs=0x00125fb4 regs->eax=11 ret=0
[SYSCALL] regs=0x00125fb4 regs->eax=11 ret=0
[SYSCALL] regs=0x00125fb4 regs->eax=11 ret=0
[SYSCALL] regs=0x00125fb4 regs->eax=11 ret=0
[SYSCALL] regs=0x00125fb4 regs->eax=11 ret=0
[SYSCALL] regs=0x00125fb4 regs->eax=11 ret=0
[SYSCALL] regs=0x00125fb4 regs->eax=11 ret=0
[SYSCALL] regs=0x00125fb4 regs->eax=11 ret=0
[SYSCALL] regs=0x00125fb4 regs->eax=11 ret=0
[SYSCALL] regs=0x00125fb4 regs->eax=11 ret=0
[SYSCALL] regs=0x00125fb4 regs->eax=11 ret=0
[SYSCALL] regs=0x00125fb4 regs->eax=11 ret=0
[SYSCALL] regs=0x00125fb4 regs->eax=11 ret=0
[SYSCALL] regs=0x00125fb4 regs->eax=11 ret=0
[SYSCALL] regs=0x00125fb4 regs->eax=11 ret=0
[SYSCALL] regs=0x00125fb4 regs->eax=11 ret=0
[SYSCALL] regs=0x00125fb4 regs->eax=11 ret=0
[SYSCALL] regs=0x00125fb4 regs->eax=11 ret=0
[SYSCALL] regs=0x00125fb4 regs->eax=11 ret=0
[SYSCALL] regs=0x00125fb4 regs->eax=11 ret=0
[SYSCALL] regs=0x00125fb4 regs->eax=11 ret=0
[SYSCALL] regs=0x00125fb4 regs->eax=11 ret=0
[SYSCALL] regs=0x00125fb4 regs->eax=11 ret=0
[SYSCALL] regs=0x00125fb4 regs->eax=11 ret=0
[SYSCALL] regs=0x00125fb4 regs->eax=11 ret=0
[SYSCALL] regs=0x00125fb4 regs->eax=11 ret=0
[SYSCALL] regs=0x00125fb4 regs->eax=11 ret=0
[SYSCALL] regs=0x00125fb4 regs->eax=11 ret=0
[SYSCALL] regs=0x00125fb4 regs->eax=11 ret=0
[SYSCALL] regs=0x00125fb4 regs->eax=11 ret=0
[SYSCALL] regs=0x00125fb4 regs->eax=11 ret=0
[SYSCALL] regs=0x00125fb4 regs->eax=11 ret=0
[SYSCALL] regs=0x00125fb4 regs->eax=11 ret=0
[SYSCALL] regs=0x00125fb4 regs->eax=11 ret=0
[SYSCALL] regs=0x00125fb4 regs->eax=11 ret=0
[SYSCALL] regs=0x00125fb4 regs->eax=11 ret=0
[SYSCALL] regs=0x00125fb4 regs->eax=11 ret=0
[SYSCALL] regs=0x00125fb4 regs->eax=11 ret=0
[SYSCALL] regs=0x00125fb4 regs->eax=11 ret=0
[SYSCALL] regs=0x00125fb4 regs->eax=11 ret=0
[SYSCALL] regs=0x00125fb4 regs->eax=11 ret=0
[SYSCALL] regs=0x00125fb4 regs->eax=11 ret=0
[SYSCALL] regs=0x00125fb4 regs->eax=11 ret=0
[SYSCALL] regs=0x00125fb4 regs->eax=11 ret=0
[SYSCALL] regs=0x00125fb4 regs->eax=11 ret=0
[SYSCALL] regs=0x00125fb4 regs->eax=11 ret=0
[SYSCALL] regs=0x00125fb4 regs->eax=11 ret=0
[SYSCALL] regs=0x00125fb4 regs->eax=11 ret=0
[SYSCALL] regs=0x00125fb4 regs->eax=11 ret=0
[SYSCALL] regs=0x00125fb4 regs->eax=11 ret=0
[SYSCALL] regs=0x00125fb4 regs->eax=11 ret=0
[SYSCALL] regs=0x00125fb4 regs->eax=11 ret=0
[SYSCALL] regs=0x00125fb4 regs->eax=11 ret=0
[SYSCALL] regs=0x00125fb4 regs->eax=11 ret=0
[SYSCALL] regs=0x00125fb4 regs->eax=11 ret=0
[SYSCALL] regs=0x00125fb4 regs->eax=11 ret=0
[SYSCALL] regs=0x00125fb4 regs->eax=11 ret=0
[SYSCALL] regs=0x00125fb4 regs->eax=11 ret=0
[SYSCALL] regs=0x00125fb4 regs->eax=11 ret=0
[SYSCALL] regs=0x00125fb4 regs->eax=11 ret=0
[SYSCALL] regs=0x00125fb4 regs->eax=11 ret=0
[SYSCALL] regs=0x00125fb4 regs->eax=11 ret=0
[SYSCALL] regs=0x00125fb4 regs->eax=11 ret=0
[SYSCALL] regs=0x00125fb4 regs->eax=11 ret=0
[SYSCALL] regs=0x00125fb4 regs->eax=11 ret=0
[SYSCALL] regs=0x00125fb4 regs->eax=11 ret=0
[SYSCALL] regs=0x00125fb4 regs->eax=11 ret=0
[SYSCALL] regs=0x00125fb4 regs->eax=11 ret=0
[SYSCALL] regs=0x00125fb4 regs->eax=11 ret=0
[SYSCALL] regs=0x00125fb4 regs->eax=11 ret=0
[SYSCALL] regs=0x00125fb4 regs->eax=11 ret=0
[SYSCALL] regs=0x00125fb4 regs->eax=11 ret=0
[SYSCALL] regs=0x00125fb4 regs->eax=11 ret=0
[SYSCALL] regs=0x00125fb4 regs->eax=11 ret=0
[SYSCALL] regs=0x00125fb4 regs->eax=11 ret=0
[SYSCALL] regs=0x00125fb4 regs->eax=11 ret=0
[SYSCALL] regs=0x00125fb4 regs->eax=11 ret=0
[SYSCALL] regs=0x00125fb4 regs->eax=11 ret=0
[SYSCALL] regs=0x00125fb4 regs->eax=11 ret=0
[SYSCALL] regs=0x00125fb4 regs->eax=11 ret=0
[SYSCALL] regs=0x00125fb4 regs->eax=11 ret=0
[SYSCALL] regs=0x00125fb4 regs->eax=11 ret=0
[SYSCALL] regs=0x00125fb4 regs->eax=11 ret=0
[SYSCALL] regs=0x00125fb4 regs->eax=11 ret=0
[SYSCALL] regs=0x00125fb4 regs->eax=11 ret=0
[SYSCALL] regs=0x00125fb4 regs->eax=11 ret=0
[SYSCALL] regs=0x00125fb4 regs->eax=11 ret=0
[SYSCALL] regs=0x00125fb4 regs->eax=11 ret=0
[SYSCALL] regs=0x00125fb4 regs->eax=11 ret=0
[SYSCALL] regs=0x00125fb4 regs->eax=11 ret=0
[SYSCALL] regs=0x00125fb4 regs->eax=11 ret=0
[SYSCALL] regs=0x00125fb4 regs->eax=11 ret=0
[SYSCALL] regs=0x00125fb4 regs->eax=11 ret=0
[SYSCALL] regs=0x00125fb4 regs->eax=11 ret=0
[SYSCALL] regs=0x00125fb4 regs->eax=11 ret=0
[SYSCALL] regs=0x00125fb4 regs->eax=11 ret=0
[SYSCALL] regs=0x00125fb4 regs->eax=11 ret=0
[SYSCALL] regs=0x00125fb4 regs->eax=11 ret=0
[SYSCALL] regs=0x00125fb4 regs->eax=11 ret=0
[SYSCALL] regs=0x00125fb4 regs->eax=11 ret=0
[SYSCALL] regs=0x00125fb4 regs->eax=11 ret=0
[SYSCALL] regs=0x00125fb4 regs->eax=11 ret=0
[SYSCALL] regs=0x00125fb4 regs->eax=11 ret=0
[SYSCALL] regs=0x00125fb4 regs->eax=11 ret=0
[SYSCALL] regs=0x00125fb4 regs->eax=11 ret=0
[SYSCALL] regs=0x00125fb4 regs->eax=11 ret=0
[SYSCALL] regs=0x00125fb4 regs->eax=11 ret=0
[SYSCALL] regs=0x00125fb4 regs->eax=11 ret=0
[SYSCALL] regs=0x00125fb4 regs->eax=11 ret=0
[SYSCALL] regs=0x00125fb4 regs->eax=11 ret=0
[SYSCALL] regs=0x00125fb4 regs->eax=11 ret=0
[SYSCALL] regs=0x00125fb4 regs->eax=11 ret=0
[SYSCALL] regs=0x00125fb4 regs->eax=11 ret=0
[SYSCALL] regs=0x00125fb4 regs->eax=11 ret=0
[SYSCALL] regs=0x00125fb4 regs->eax=11 ret=0
[SYSCALL] regs=0x00125fb4 regs->eax=11 ret=0
[SYSCALL] regs=0x00125fb4 regs->eax=11 ret=0
[SYSCALL] regs=0x00125fb4 regs->eax=11 ret=0
[SYSCALL] regs=0x00125fb4 regs->eax=11 ret=0
[SYSCALL] regs=0x00125fb4 regs->eax=11 ret=0
[SYSCALL] regs=0x00125fb4 regs->eax=11 ret=0
[SYSCALL] regs=0x00125fb4 regs->eax=11 ret=0
[SYSCALL] regs=0x00125fb4 regs->eax=11 ret=0
[SYSCALL] regs=0x00125fb4 regs->eax=11 ret=0
[SYSCALL] regs=0x00125fb4 regs->eax=11 ret=0
[SYSCALL] regs=0x00125fb4 regs->eax=11 ret=0
[SYSCALL] regs=0x00125fb4 regs->eax=11 ret=0
[SYSCALL] regs=0x00125fb4 regs->eax=11 ret=0
[SYSCALL] regs=0x00125fb4 regs->eax=11 ret=0
[SYSCALL] regs=0x00125fb4 regs->eax=11 ret=0
[SYSCALL] regs=0x00125fb4 regs->eax=11 ret=0
[SYSCALL] regs=0x00125fb4 regs->eax=11 ret=0
[SYSCALL] regs=0x00125fb4 regs->eax=11 ret=0
[SYSCALL] regs=0x00125fb4 regs->eax=11 ret=0
[SYSCALL] regs=0x00125fb4 regs->eax=11 ret=0
[SYSCALL] regs=0x00125fb4 regs->eax=11 ret=0
[SYSCALL] regs=0x00125fb4 regs->eax=11 ret=0
[SYSCALL] regs=0x00125fb4 regs->eax=11 ret=0
[SYSCALL] regs=0x00125fb4 regs->eax=11 ret=0
[SYSCALL] regs=0x00125fb4 regs->eax=11 ret=0
[SYSCALL] regs=0x00125fb4 regs->eax=11 ret=0
[SYSCALL] regs=0x00125fb4 regs->eax=11 ret=0
[SYSCALL] regs=0x00125fb4 regs->eax=11 ret=0
[SYSCALL] regs=0x00125fb4 regs->eax=11 ret=0
[SYSCALL] regs=0x00125fb4 regs->eax=11 ret=0
[SYSCALL] regs=0x00125fb4 regs->eax=11 ret=0
[SYSCALL] regs=0x00125fb4 regs->eax=11 ret=0
[SYSCALL] regs=0x00125fb4 regs->eax=11 ret=0
[SYSCALL] regs=0x00125fb4 regs->eax=11 ret=0
[SYSCALL] regs=0x00125fb4 regs->eax=11 ret=0
[SYSCALL] regs=0x00125fb4 regs->eax=11 ret=0
[SYSCALL] regs=0x00125fb4 regs->eax=11 ret=0
[SYSCALL] regs=0x00125fb4 regs->eax=11 ret=0
[SYSCALL] regs=0x00125fb4 regs->eax=11 ret=0
[SYSCALL] regs=0x00125fb4 regs->eax=11 ret=0
[SYSCALL] regs=0x00125fb4 regs->eax=11 ret=0
[SYSCALL] regs=0x00125fb4 regs->eax=11 ret=0
[SYSCALL] regs=0x00125fb4 regs->eax=11 ret=0
[SYSCALL] regs=0x00125fb4 regs->eax=11 ret=0
[SYSCALL] regs=0x00125fb4 regs->eax=11 ret=0
[SYSCALL] regs=0x00125fb4 regs->eax=11 ret=0
[SYSCALL] regs=0x00125fb4 regs->eax=11 ret=0
[SYSCALL] regs=0x00125fb4 regs->eax=11 ret=0
[SYSCALL] regs=0x00125fb4 regs->eax=11 ret=0
[SYSCALL] regs=0x00125fb4 regs->eax=11 ret=0
[SYSCALL] regs=0x00125fb4 regs->eax=11 ret=0
[SYSCALL] regs=0x00125fb4 regs->eax=11 ret=0
[SYSCALL] regs=0x00125fb4 regs->eax=11 ret=0
[SYSCALL] regs=0x00125fb4 regs->eax=11 ret=0
[SYSCALL] regs=0x00125fb4 regs->eax=11 ret=0
[SYSCALL] regs=0x00125fb4 regs->eax=11 ret=0
[SYSCALL] regs=0x00125fb4 regs->eax=11 ret=0
[SYSCALL] regs=0x00125fb4 regs->eax=11 ret=0
[SYSCALL] regs=0x00125fb4 regs->eax=11 ret=0
[SYSCALL] regs=0x00125fb4 regs->eax=11 ret=0
[SYSCALL] regs=0x00125fb4 regs->eax=11 ret=0
[SYSCALL] regs=0x00125fb4 regs->eax=11 ret=0
[SYSCALL] regs=0x00125fb4 regs->eax=11 ret=0
[SYSCALL] regs=0x00125fb4 regs->eax=11 ret=0
[SYSCALL] regs=0x00125fb4 regs->eax=11 ret=0
[SYSCALL] regs=0x00125fb4 regs->eax=11 ret=0
[SYSCALL] regs=0x00125fb4 regs->eax=11 ret=0
[SYSCALL] regs=0x00125fb4 regs->eax=11 ret=0
[SYSCALL] regs=0x00125fb4 regs->eax=11 ret=0
[SYSCALL] regs=0x00125fb4 regs->eax=11 ret=0
[SYSCALL] regs=0x00125fb4 regs->eax=11 ret=0
[SYSCALL] regs=0x00125fb4 regs->eax=11 ret=0
[SYSCALL] regs=0x00125fb4 regs->eax=11 ret=0
[SYSCALL] regs=0x00125fb4 regs->eax=11 ret=0
[SYSCALL] regs=0x00125fb4 regs->eax=11 ret=0
[SYSCALL] regs=0x00125fb4 regs->eax=11 ret=0
[SYSCALL] regs=0x00125fb4 regs->eax=11 ret=0
[SYSCALL] regs=0x00125fb4 regs->eax=11 ret=0
[SYSCALL] regs=0x00125fb4 regs->eax=11 ret=0
[SYSCALL] regs=0x00125fb4 regs->eax=11 ret=0
[SYSCALL] regs=0x00125fb4 regs->eax=11 ret=0
[SYSCALL] regs=0x00125fb4 regs->eax=11 ret=0
[SYSCALL] regs=0x00125fb4 regs->eax=11 ret=0
[SYSCALL] regs=0x00125fb4 regs->eax=11 ret=0
[SYSCALL] regs=0x00125fb4 regs->eax=11 ret=0
[SYSCALL] regs=0x00125fb4 regs->eax=11 ret=0
[SYSCALL] regs=0x00125fb4 regs->eax=11 ret=0
[SYSCALL] regs=0x00125fb4 regs->eax=11 ret=0
[SYSCALL] regs=0x00125fb4 regs->eax=11 ret=0
[SYSCALL] regs=0x00125fb4 regs->eax=11 ret=0
[SYSCALL] regs=0x00125fb4 regs->eax=11 ret=0
[SYSCALL] regs=0x00125fb4 regs->eax=11 ret=0
[SYSCALL] regs=0x00125fb4 regs->eax=11 ret=0
[SYSCALL] regs=0x00125fb4 regs->eax=11 ret=0
[SYSCALL] regs=0x00125fb4 regs->eax=11 ret=0
[SYSCALL] regs=0x00125fb4 regs->eax=11 ret=0
[SYSCALL] regs=0x00125fb4 regs->eax=11 ret=0
[SYSCALL] regs=0x00125fb4 regs->eax=11 ret=0
[SYSCALL] regs=0x00125fb4 regs->eax=11 ret=0
[SYSCALL] regs=0x00125fb4 regs->eax=11 ret=0
[SYSCALL] regs=0x00125fb4 regs->eax=11 ret=0
[SYSCALL] regs=0x00125fb4 regs->eax=11 ret=0
[SYSCALL] regs=0x00125fb4 regs->eax=11 ret=0
[SYSCALL] regs=0x00125fb4 regs->eax=11 ret=0
[SYSCALL] regs=0x00125fb4 regs->eax=11 ret=0
[SYSCALL] regs=0x00125fb4 regs->eax=11 ret=0
[SYSCALL] regs=0x00125fb4 regs->eax=11 ret=0
[SYSCALL] regs=0x00125fb4 regs->eax=11 ret=0
[SYSCALL] regs=0x00125fb4 regs->eax=11 ret=0
[SYSCALL] regs=0x00125fb4 regs->eax=11 ret=0
[SYSCALL] regs=0x00125fb4 regs->eax=11 ret=0
[SYSCALL] regs=0x00125fb4 regs->eax=11 ret=0
[SYSCALL] regs=0x00125fb4 regs->eax=11 ret=0
[SYSCALL] regs=0x00125fb4 regs->eax=11 ret=0
[SYSCALL] regs=0x00125fb4 regs->eax=11 ret=0
[SYSCALL] regs=0x00125fb4 regs->eax=11 ret=0
[SYSCALL] regs=0x00125fb4 regs->eax=11 ret=0
[SYSCALL] regs=0x00125fb4 regs->eax=11 ret=0
[SYSCALL] regs=0x00125fb4 regs->eax=11 ret=0
[SYSCALL] regs=0x00125fb4 regs->eax=11 ret=0
[SYSCALL] regs=0x00125fb4 regs->eax=11 ret=0
[SYSCALL] regs=0x00125fb4 regs->eax=11 ret=0
[SYSCALL] regs=0x00125fb4 regs->eax=11 ret=0
[SYSCALL] regs=0x00125fb4 regs->eax=11 ret=0
[SYSCALL] regs=0x00125fb4 regs->eax=11 ret=0
[SYSCALL] regs=0x00125fb4 regs->eax=11 ret=0
[SYSCALL] regs=0x00125fb4 regs->eax=11 ret=0
[SYSCALL] regs=0x00125fb4 regs->eax=11 ret=0
[SYSCALL] regs=0x00125fb4 regs->eax=11 ret=0
[SYSCALL] regs=0x00125fb4 regs->eax=11 ret=0
[SYSCALL] regs=0x00125fb4 regs->eax=11 ret=0
[SYSCALL] regs=0x00125fb4 regs->eax=11 ret=0
[SYSCALL] regs=0x00125fb4 regs->eax=11 ret=0
[SYSCALL] regs=0x00125fb4 regs->eax=11 ret=0
[SYSCALL] regs=0x00125fb4 regs->eax=11 ret=0
[SYSCALL] regs=0x00125fb4 regs->eax=11 ret=0
[SYSCALL] regs=0x00125fb4 regs->eax=11 ret=0
[SYSCALL] regs=0x00125fb4 regs->eax=11 ret=0
[SYSCALL] regs=0x00125fb4 regs->eax=11 ret=0
[SYSCALL] regs=0x00125fb4 regs->eax=11 ret=0
[SYSCALL] regs=0x00125fb4 regs->eax=11 ret=0
[SYSCALL] regs=0x00125fb4 regs->eax=11 ret=0
[SYSCALL] regs=0x00125fb4 regs->eax=11 ret=0
[SYSCALL] regs=0x00125fb4 regs->eax=11 ret=0
[SYSCALL] regs=0x00125fb4 regs->eax=11 ret=0
[SYSCALL] regs=0x00125fb4 regs->eax=11 ret=0
[SYSCALL] regs=0x00125fb4 regs->eax=11 ret=0
[SYSCALL] regs=0x00125fb4 regs->eax=11 ret=0
[SYSCALL] regs=0x00125fb4 regs->eax=11 ret=0
[SYSCALL] regs=0x00125fb4 regs->eax=11 ret=0
[SYSCALL] regs=0x00125fb4 regs->eax=11 ret=0
[SYSCALL] regs=0x00125fb4 regs->eax=11 ret=0
[SYSCALL] regs=0x00125fb4 regs->eax=11 ret=0
[SYSCALL] regs=0x00125fb4 regs->eax=11 ret=0
[SYSCALL] regs=0x00125fb4 regs->eax=11 ret=0
[SYSCALL] regs=0x00125fb4 regs->eax=11 ret=0
[SYSCALL] regs=0x00125fb4 regs->eax=11 ret=0
[SYSCALL] regs=0x00125fb4 regs->eax=11 ret=0
[SYSCALL] regs=0x00125fb4 regs->eax=11 ret=0
[SYSCALL] regs=0x00125fb4 regs->eax=11 ret=0
[SYSCALL] regs=0x00125fb4 regs->eax=11 ret=0
[SYSCALL] regs=0x00125fb4 regs->eax=11 ret=0
[SYSCALL] regs=0x00125fb4 regs->eax=11 ret=0
[SYSCALL] regs=0x00125fb4 regs->eax=11 ret=0
[SYSCALL] regs=0x00125fb4 regs->eax=11 ret=0
[SYSCALL] regs=0x00125fb4 regs->eax=11 ret=0
[SYSCALL] regs=0x00125fb4 regs->eax=11 ret=0
[SYSCALL] regs=0x00125fb4 regs->eax=11 ret=0
[SYSCALL] regs=0x00125fb4 regs->eax=11 ret=0
[SYSCALL] regs=0x00125fb4 regs->eax=11 ret=0
[SYSCALL] regs=0x00125fb4 regs->eax=11 ret=0
[SYSCALL] regs=0x00125fb4 regs->eax=11 ret=0
[SYSCALL] regs=0x00125fb4 regs->eax=11 ret=0
[SYSCALL] regs=0x00125fb4 regs->eax=11 ret=0
[SYSCALL] regs=0x00125fb4 regs->eax=11 ret=0
[SYSCALL] regs=0x00125fb4 regs->eax=11 ret=0
[SYSCALL] regs=0x00125fb4 regs->eax=11 ret=0
[SYSCALL] regs=0x00125fb4 regs->eax=11 ret=0
[SYSCALL] regs=0x00125fb4 regs->eax=11 ret=0
[SYSCALL] regs=0x00125fb4 regs->eax=11 ret=0
[SYSCALL] regs=0x00125fb4 regs->eax=11 ret=0
[SYSCALL] regs=0x00125fb4 regs->eax=11 ret=0
[SYSCALL] regs=0x00125fb4 regs->eax=11 ret=0
[SYSCALL] regs=0x00125fb4 regs->eax=11 ret=0
[SYSCALL] regs=0x00125fb4 regs->eax=11 ret=0
[SYSCALL] regs=0x00125fb4 regs->eax=11 ret=0
[SYSCALL] regs=0x00125fb4 regs->eax=11 ret=0
[SYSCALL] regs=0x00125fb4 regs->eax=11 ret=0
[SYSCALL] regs=0x00125fb4 regs->eax=11 ret=0
[SYSCALL] regs=0x00125fb4 regs->eax=11 ret=0
[SYSCALL] regs=0x00125fb4 regs->eax=11 ret=0
[SYSCALL] regs=0x00125fb4 regs->eax=11 ret=0
[SYSCALL] regs=0x00125fb4 regs->eax=11 ret=0
[SYSCALL] regs=0x00125fb4 regs->eax=11 ret=0
[SYSCALL] regs=0x00125fb4 regs->eax=11 ret=0
[SYSCALL] regs=0x00125fb4 regs->eax=11 ret=0
[SYSCALL] regs=0x00125fb4 regs->eax=11 ret=0
[SYSCALL] regs=0x00125fb4 regs->eax=11 ret=0
[SYSCALL] regs=0x00125fb4 regs->eax=11 ret=0
[SYSCALL] regs=0x00125fb4 regs->eax=11 ret=0
[SYSCALL] regs=0x00125fb4 regs->eax=11 ret=0
[SYSCALL] regs=0x00125fb4 regs->eax=11 ret=0
[SYSCALL] regs=0x00125fb4 regs->eax=11 ret=0
[SYSCALL] regs=0x00125fb4 regs->eax=11 ret=0
[SYSCALL] regs=0x00125fb4 regs->eax=11 ret=0
[SYSCALL] regs=0x00125fb4 regs->eax=11 ret=0
[SYSCALL] regs=0x00125fb4 regs->eax=11 ret=0
[SYSCALL] regs=0x00125fb4 regs->eax=11 ret=0
[SYSCALL] regs=0x00125fb4 regs->eax=11 ret=0
[SYSCALL] regs=0x00125fb4 regs->eax=11 ret=0
[SYSCALL] regs=0x00125fb4 regs->eax=11 ret=0
[SYSCALL] regs=0x00125fb4 regs->eax=11 ret=0
[SYSCALL] regs=0x00125fb4 regs->eax=11 ret=0
[SYSCALL] regs=0x00125fb4 regs->eax=11 ret=0
[SYSCALL] regs=0x00125fb4 regs->eax=11 ret=0
[SYSCALL] regs=0x00125fb4 regs->eax=11 ret=0
[SYSCALL] regs=0x00125fb4 regs->eax=11 ret=0
[SYSCALL] regs=0x00125fb4 regs->eax=11 ret=0
[SYSCALL] regs=0x00125fb4 regs->eax=11 ret=0
[SYSCALL] regs=0x00125fb4 regs->eax=11 ret=0
[SYSCALL] regs=0x00125fb4 regs->eax=11 ret=0
[SYSCALL] regs=0x00125fb4 regs->eax=11 ret=0
[SYSCALL] regs=0x00125fb4 regs->eax=11 ret=0
[SYSCALL] regs=0x00125fb4 regs->eax=11 ret=0
[SYSCALL] regs=0x00125fb4 regs->eax=11 ret=0
[SYSCALL] regs=0x00125fb4 regs->eax=11 ret=0
[SYSCALL] regs=0x00125fb4 regs->eax=11 ret=0
[SYSCALL] regs=0x00125fb4 regs->eax=11 ret=0
[SYSCALL] regs=0x00125fb4 regs->eax=11 ret=0
[SYSCALL] regs=0x00125fb4 regs->eax=11 ret=0
[SYSCALL] regs=0x00125fb4 regs->eax=11 ret=0
[SYSCALL] regs=0x00125fb4 regs->eax=11 ret=0
[SYSCALL] regs=0x00125fb4 regs->eax=11 ret=0
[SYSCALL] regs=0x00125fb4 regs->eax=11 ret=0
[SYSCALL] regs=0x00125fb4 regs->eax=11 ret=0
[SYSCALL] regs=0x00125fb4 regs->eax=11 ret=0
[SYSCALL] regs=0x00125fb4 regs->eax=11 ret=0
[SYSCALL] regs=0x00125fb4 regs->eax=11 ret=0
[SYSCALL] regs=0x00125fb4 regs->eax=11 ret=0
[SYSCALL] regs=0x00125fb4 regs->eax=11 ret=0
[SYSCALL] regs=0x00125fb4 regs->eax=11 ret=0
[SYSCALL] regs=0x00125fb4 regs->eax=11 ret=0
[SYSCALL] regs=0x00125fb4 regs->eax=11 ret=0
[SYSCALL] regs=0x00125fb4 regs->eax=11 ret=0
[SYSCALL] regs=0x00125fb4 regs->eax=11 ret=0
[SYSCALL] regs=0x00125fb4 regs->eax=11 ret=0
[SYSCALL] regs=0x00125fb4 regs->eax=11 ret=0
[SYSCALL] regs=0x00125fb4 regs->eax=11 ret=0
[SYSCALL] regs=0x00125fb4 regs->eax=11 ret=0
[SYSCALL] regs=0x00125fb4 regs->eax=11 ret=0
[SYSCALL] regs=0x00125fb4 regs->eax=11 ret=0
[SYSCALL] regs=0x00125fb4 regs->eax=11 ret=0
[SYSCALL] regs=0x00125fb4 regs->eax=11 ret=0
[SYSCALL] regs=0x00125fb4 regs->eax=11 ret=0
[SYSCALL] regs=0x00125fb4 regs->eax=11 ret=0
[SYSCALL] regs=0x00125fb4 regs->eax=11 ret=0
[SYSCALL] regs=0x00125fb4 regs->eax=11 ret=0
[SYSCALL] regs=0x00125fb4 regs->eax=11 ret=0
[SYSCALL] regs=0x00125fb4 regs->eax=11 ret=0
[SYSCALL] regs=0x00125fb4 regs->eax=11 ret=0
[SYSCALL] regs=0x00125fb4 regs->eax=11 ret=0
[SYSCALL] regs=0x00125fb4 regs->eax=11 ret=0
[SYSCALL] regs=0x00125fb4 regs->eax=11 ret=0
[SYSCALL] regs=0x00125fb4 regs->eax=11 ret=0
[SYSCALL] regs=0x00125fb4 regs->eax=11 ret=0
[SYSCALL] regs=0x00125fb4 regs->eax=11 ret=0
[SYSCALL] regs=0x00125fb4 regs->eax=11 ret=0
[SYSCALL] regs=0x00125fb4 regs->eax=11 ret=0
[SYSCALL] regs=0x00125fb4 regs->eax=11 ret=0
[SYSCALL] regs=0x00125fb4 regs->eax=11 ret=0
[SYSCALL] regs=0x00125fb4 regs->eax=11 ret=0
[SYSCALL] regs=0x00125fb4 regs->eax=11 ret=0
[SYSCALL] regs=0x00125fb4 regs->eax=11 ret=0
[SYSCALL] regs=0x00125fb4 regs->eax=11 ret=0
[SYSCALL] regs=0x00125fb4 regs->eax=11 ret=0
[SYSCALL] regs=0x00125fb4 regs->eax=11 ret=0
[SYSCALL] regs=0x00125fb4 regs->eax=11 ret=0
[SYSCALL] regs=0x00125fb4 regs->eax=11 ret=0
[SYSCALL] regs=0x00125fb4 regs->eax=11 ret=0
[SYSCALL] regs=0x00125fb4 regs->eax=11 ret=0
[SYSCALL] regs=0x00125fb4 regs->eax=11 ret=0
[SYSCALL] regs=0x00125fb4 regs->eax=11 ret=0
[SYSCALL] regs=0x00125fb4 regs->eax=11 ret=0
[SYSCALL] regs=0x00125fb4 regs->eax=11 ret=0
[SYSCALL] regs=0x00125fb4 regs->eax=11 ret=0
[SYSCALL] regs=0x00125fb4 regs->eax=11 ret=0
[SYSCALL] regs=0x00125fb4 regs->eax=11 ret=0
[SYSCALL] regs=0x00125fb4 regs->eax=11 ret=0
[SYSCALL] regs=0x00125fb4 regs->eax=11 ret=0
[SYSCALL] regs=0x00125fb4 regs->eax=11 ret=0
[SYSCALL] regs=0x00125fb4 regs->eax=11 ret=0
[SYSCALL] regs=0x00125fb4 regs->eax=11 ret=0
[SYSCALL] regs=0x00125fb4 regs->eax=11 ret=0
[SYSCALL] regs=0x00125fb4 regs->eax=11 ret=0
[SYSCALL] regs=0x00125fb4 regs->eax=11 ret=0
[SYSCALL] regs=0x00125fb4 regs->eax=11 ret=0
[SYSCALL] regs=0x00125fb4 regs->eax=11 ret=0
[SYSCALL] regs=0x00125fb4 regs->eax=11 ret=0
[SYSCALL] regs=0x00125fb4 regs->eax=11 ret=0
[SYSCALL] regs=0x00125fb4 regs->eax=11 ret=0
[SYSCALL] regs=0x00125fb4 regs->eax=11 ret=0
[SYSCALL] regs=0x00125fb4 regs->eax=11 ret=0
[SYSCALL] regs=0x00125fb4 regs->eax=11 ret=0
[SYSCALL] regs=0x00125fb4 regs->eax=11 ret=0
[SYSCALL] regs=0x00125fb4 regs->eax=11 ret=0
[SYSCALL] regs=0x00125fb4 regs->eax=11 ret=0
[SYSCALL] regs=0x00125fb4 regs->eax=11 ret=0
[SYSCALL] regs=0x00125fb4 regs->eax=11 ret=0
[SYSCALL] regs=0x00125fb4 regs->eax=11 ret=0
[SYSCALL] regs=0x00125fb4 regs->eax=11 ret=0
[SYSCALL] regs=0x00125fb4 regs->eax=11 ret=0
[SYSCALL] regs=0x00125fb4 regs->eax=11 ret=0
[SYSCALL] regs=0x00125fb4 regs->eax=11 ret=0
[SYSCALL] regs=0x00125fb4 regs->eax=11 ret=0
[SYSCALL] regs=0x00125fb4 regs->eax=11 ret=0
[SYSCALL] regs=0x00125fb4 regs->eax=11 ret=0
[SYSCALL] regs=0x00125fb4 regs->eax=11 ret=0
[SYSCALL] regs=0x00125fb4 regs->eax=11 ret=0
[SYSCALL] regs=0x00125fb4 regs->eax=11 ret=0
[SYSCALL] regs=0x00125fb4 regs->eax=11 ret=0
[SYSCALL] regs=0x00125fb4 regs->eax=11 ret=0
[SYSCALL] regs=0x00125fb4 regs->eax=11 ret=0
[SYSCALL] regs=0x00125fb4 regs->eax=11 ret=0
[SYSCALL] regs=0x00125fb4 regs->eax=11 ret=0
[SYSCALL] regs=0x00125fb4 regs->eax=11 ret=0
[SYSCALL] regs=0x00125fb4 regs->eax=11 ret=0
[SYSCALL] regs=0x00125fb4 regs->eax=11 ret=0
[SYSCALL] regs=0x00125fb4 regs->eax=11 ret=0
[SYSCALL] regs=0x00125fb4 regs->eax=11 ret=0
[SYSCALL] regs=0x00125fb4 regs->eax=11 ret=0
[SYSCALL] regs=0x00125fb4 regs->eax=11 ret=0
[SYSCALL] regs=0x00125fb4 regs->eax=11 ret=0
[SYSCALL] regs=0x00125fb4 regs->eax=11 ret=0
[SYSCALL] regs=0x00125fb4 regs->eax=11 ret=0
[SYSCALL] regs=0x00125fb4 regs->eax=11 ret=0
[SYSCALL] regs=0x00125fb4 regs->eax=11 ret=0
[SYSCALL] regs=0x00125fb4 regs->eax=11 ret=0
[SYSCALL] regs=0x00125fb4 regs->eax=11 ret=0
[SYSCALL] regs=0x00125fb4 regs->eax=11 ret=0
[SYSCALL] regs=0x00125fb4 regs->eax=11 ret=0
[SYSCALL] regs=0x00125fb4 regs->eax=11 ret=0
[SYSCALL] regs=0x00125fb4 regs->eax=11 ret=0
[SYSCALL] regs=0x00125fb4 regs->eax=11 ret=0
[SYSCALL] regs=0x00125fb4 regs->eax=11 ret=0
[SYSCALL] regs=0x00125fb4 regs->eax=11 ret=0
[SYSCALL] regs=0x00125fb4 regs->eax=11 ret=0
[SYSCALL] regs=0x00125fb4 regs->eax=11 ret=0
[SYSCALL] regs=0x00125fb4 regs->eax=11 ret=0
[SYSCALL] regs=0x00125fb4 regs->eax=11 ret=0
[SYSCALL] regs=0x00125fb4 regs->eax=11 ret=0
[SYSCALL] regs=0x00125fb4 regs->eax=11 ret=0
[SYSCALL] regs=0x00125fb4 regs->eax=11 ret=0
[SYSCALL] regs=0x00125fb4 regs->eax=11 ret=0
[SYSCALL] regs=0x00125fb4 regs->eax=11 ret=0
[SYSCALL] regs=0x00125fb4 regs->eax=11 ret=0
[SYSCALL] regs=0x00125fb4 regs->eax=11 ret=0
[SYSCALL] regs=0x00125fb4 regs->eax=11 ret=0
[SYSCALL] regs=0x00125fb4 regs->eax=11 ret=0
[SYSCALL] regs=0x00125fb4 regs->eax=11 ret=0
[SYSCALL] regs=0x00125fb4 regs->eax=11 ret=0
[SYSCALL] regs=0x00125fb4 regs->eax=11 ret=0
[SYSCALL] regs=0x00125fb4 regs->eax=11 ret=0
[SYSCALL] regs=0x00125fb4 regs->eax=11 ret=0
[SYSCALL] regs=0x00125fb4 regs->eax=11 ret=0
[SYSCALL] regs=0x00125fb4 regs->eax=11 ret=0
[SYSCALL] regs=0x00125fb4 regs->eax=11 ret=0
[SYSCALL] regs=0x00125fb4 regs->eax=11 ret=0
[SYSCALL] regs=0x00125fb4 regs->eax=11 ret=0
[SYSCALL] regs=0x00125fb4 regs->eax=11 ret=0
[SYSCALL] regs=0x00125fb4 regs->eax=11 ret=0
[SYSCALL] regs=0x00125fb4 regs->eax=11 ret=0
[SYSCALL] regs=0x00125fb4 regs->eax=11 ret=0
[SYSCALL] regs=0x00125fb4 regs->eax=11 ret=0
[SYSCALL] regs=0x00125fb4 regs->eax=11 ret=0
[SYSCALL] regs=0x00125fb4 regs->eax=11 ret=0
[SYSCALL] regs=0x00125fb4 regs->eax=11 ret=0
[SYSCALL] regs=0x00125fb4 regs->eax=11 ret=0
[SYSCALL] regs=0x00125fb4 regs->eax=11 ret=0
[SYSCALL] regs=0x00125fb4 regs->eax=11 ret=0
[SYSCALL] regs=0x00125fb4 regs->eax=11 ret=0
[SYSCALL] regs=0x00125fb4 regs->eax=11 ret=0
[SYSCALL] regs=0x00125fb4 regs->eax=11 ret=0
[SYSCALL] regs=0x00125fb4 regs->eax=11 ret=0
[SYSCALL] regs=0x00125fb4 regs->eax=11 ret=0
[SYSCALL] regs=0x00125fb4 regs->eax=11 ret=0
[SYSCALL] regs=0x00125fb4 regs->eax=11 ret=0
[SYSCALL] regs=0x00125fb4 regs->eax=11 ret=0
[SYSCALL] regs=0x00125fb4 regs->eax=11 ret=0
[SYSCALL] regs=0x00125fb4 regs->eax=11 ret=0
[SYSCALL] regs=0x00125fb4 regs->eax=11 ret=0
[SYSCALL] regs=0x00125fb4 regs->eax=11 ret=0
[SYSCALL] regs=0x00125fb4 regs->eax=11 ret=0
[SYSCALL] regs=0x00125fb4 regs->eax=11 ret=0
[SYSCALL] regs=0x00125fb4 regs->eax=11 ret=0
[SYSCALL] regs=0x00125fb4 regs->eax=11 ret=0
[SYSCALL] regs=0x00125fb4 regs->eax=11 ret=0
[SYSCALL] regs=0x00125fb4 regs->eax=11 ret=0
[SYSCALL] regs=0x00125fb4 regs->eax=11 ret=0
[SYSCALL] regs=0x00125fb4 regs->eax=11 ret=0
[SYSCALL] regs=0x00125fb4 regs->eax=11 ret=0
[SYSCALL] regs=0x00125fb4 regs->eax=11 ret=0
[SYSCALL] regs=0x00125fb4 regs->eax=11 ret=0
[SYSCALL] regs=0x00125fb4 regs->eax=11 ret=0
[SYSCALL] regs=0x00125fb4 regs->eax=11 ret=0
[SYSCALL] regs=0x00125fb4 regs->eax=11 ret=0
[SYSCALL] regs=0x00125fb4 regs->eax=11 ret=0
[SYSCALL] regs=0x00125fb4 regs->eax=11 ret=0
[SYSCALL] regs=0x00125fb4 regs->eax=11 ret=0
[SYSCALL] regs=0x00125fb4 regs->eax=11 ret=0
[SYSCALL] regs=0x00125fb4 regs->eax=11 ret=0
[SYSCALL] regs=0x00125fb4 regs->eax=11 ret=0
[SYSCALL] regs=0x00125fb4 regs->eax=11 ret=0
[SYSCALL] regs=0x00125fb4 regs->eax=11 ret=0
[SYSCALL] regs=0x00125fb4 regs->eax=11 ret=0
[SYSCALL] regs=0x00125fb4 regs->eax=11 ret=0
[SYSCALL] regs=0x00125fb4 regs->eax=11 ret=0
[SYSCALL] regs=0x00125fb4 regs->eax=11 ret=0
[SYSCALL] regs=0x00125fb4 regs->eax=11 ret=0
[SYSCALL] regs=0x00125fb4 regs->eax=11 ret=0
[SYSCALL] regs=0x00125fb4 regs->eax=11 ret=0
[SYSCALL] regs=0x00125fb4 regs->eax=11 ret=0
[SYSCALL] regs=0x00125fb4 regs->eax=11 ret=0
[SYSCALL] regs=0x00125fb4 regs->eax=11 ret=0
[SYSCALL] regs=0x00125fb4 regs->eax=11 ret=0
[SYSCALL] regs=0x00125fb4 regs->eax=11 ret=0
[SYSCALL] regs=0x00125fb4 regs->eax=11 ret=0
[SYSCALL] regs=0x00125fb4 regs->eax=11 ret=0
[SYSCALL] regs=0x00125fb4 regs->eax=11 ret=0
[SYSCALL] regs=0x00125fb4 regs->eax=11 ret=0
[SYSCALL] regs=0x00125fb4 regs->eax=11 ret=0
[SYSCALL] regs=0x00125fb4 regs->eax=11 ret=0
[SYSCALL] regs=0x00125fb4 regs->eax=11 ret=0
[SYSCALL] regs=0x00125fb4 regs->eax=11 ret=0
[SYSCALL] regs=0x00125fb4 regs->eax=11 ret=0
[SYSCALL] regs=0x00125fb4 regs->eax=11 ret=0
[SYSCALL] regs=0x00125fb4 regs->eax=11 ret=0
[SYSCALL] regs=0x00125fb4 regs->eax=11 ret=0
[SYSCALL] regs=0x00125fb4 regs->eax=11 ret=0
[SYSCALL] regs=0x00125fb4 regs->eax=11 ret=0
[SYSCALL] regs=0x00125fb4 regs->eax=11 ret=0
[SYSCALL] regs=0x00125fb4 regs->eax=11 ret=0
[SYSCALL] regs=0x00125fb4 regs->eax=11 ret=0
[SYSCALL] regs=0x00125fb4 regs->eax=11 ret=0
[SYSCALL] regs=0x00125fb4 regs->eax=11 ret=0
[SYSCALL] regs=0x00125fb4 regs->eax=11 ret=0
[SYSCALL] regs=0x00125fb4 regs->eax=11 ret=0
[SYSCALL] regs=0x00125fb4 regs->eax=11 ret=0
[SYSCALL] regs=0x00125fb4 regs->eax=11 ret=0
[SYSCALL] regs=0x00125fb4 regs->eax=11 ret=0
[SYSCALL] regs=0x00125fb4 regs->eax=11 ret=0
[SYSCALL] regs=0x00125fb4 regs->eax=11 ret=0
[SYSCALL] regs=0x00125fb4 regs->eax=11 ret=0
[SYSCALL] regs=0x00125fb4 regs->eax=11 ret=0
[SYSCALL] regs=0x00125fb4 regs->eax=11 ret=0
[SYSCALL] regs=0x00125fb4 regs->eax=11 ret=0
[SYSCALL] regs=0x00125fb4 regs->eax=11 ret=0
[SYSCALL] regs=0x00125fb4 regs->eax=11 ret=0
[SYSCALL] regs=0x00125fb4 regs->eax=11 ret=0
[SYSCALL] regs=0x00125fb4 regs->eax=11 ret=0
[SYSCALL] regs=0x00125fb4 regs->eax=11 ret=0
[SYSCALL] regs=0x00125fb4 regs->eax=11 ret=0
[SYSCALL] regs=0x00125fb4 regs->eax=11 ret=0
[SYSCALL] regs=0x00125fb4 regs->eax=11 ret=0
[SYSCALL] regs=0x00125fb4 regs->eax=11 ret=0
[SYSCALL] regs=0x00125fb4 regs->eax=11 ret=0
[SYSCALL] regs=0x00125fb4 regs->eax=11 ret=0
[SYSCALL] regs=0x00125fb4 regs->eax=11 ret=0
[SYSCALL] regs=0x00125fb4 regs->eax=11 ret=0
[SYSCALL] regs=0x00125fb4 regs->eax=11 ret=0
[SYSCALL] regs=0x00125fb4 regs->eax=11 ret=0
[SYSCALL] regs=0x00125fb4 regs->eax=11 ret=0
[SYSCALL] regs=0x00125fb4 regs->eax=11 ret=0
[SYSCALL] regs=0x00125fb4 regs->eax=11 ret=0
[SYSCALL] regs=0x00125fb4 regs->eax=11 ret=0
[SYSCALL] regs=0x00125fb4 regs->eax=11 ret=0
[SYSCALL] regs=0x00125fb4 regs->eax=11 ret=0
[SYSCALL] regs=0x00125fb4 regs->eax=11 ret=0
[SYSCALL] regs=0x00125fb4 regs->eax=11 ret=0
[SYSCALL] regs=0x00125fb4 regs->eax=11 ret=0
[SYSCALL] regs=0x00125fb4 regs->eax=11 ret=0
[SYSCALL] regs=0x00125fb4 regs->eax=11 ret=0
[SYSCALL] regs=0x00125fb4 regs->eax=11 ret=0
[SYSCALL] regs=0x00125fb4 regs->eax=11 ret=0
[SYSCALL] regs=0x00125fb4 regs->eax=11 ret=0
[SYSCALL] regs=0x00125fb4 regs->eax=11 ret=0
[SYSCALL] regs=0x00125fb4 regs->eax=11 ret=0
[SYSCALL] regs=0x00125fb4 regs->eax=11 ret=0
[SYSCALL] regs=0x00125fb4 regs->eax=11 ret=0
[SYSCALL] regs=0x00125fb4 regs->eax=11 ret=0
[SYSCALL] regs=0x00125fb4 regs->eax=11 ret=0
[SYSCALL] regs=0x00125fb4 regs->eax=11 ret=0
[SYSCALL] regs=0x00125fb4 regs->eax=11 ret=0
[SYSCALL] regs=0x00125fb4 regs->eax=11 ret=0
[SYSCALL] regs=0x00125fb4 regs->eax=11 ret=0
[SYSCALL] regs=0x00125fb4 regs->eax=11 ret=0
[SYSCALL] regs=0x00125fb4 regs->eax=11 ret=0
[SYSCALL] regs=0x00125fb4 regs->eax=11 ret=0
[SYSCALL] regs=0x00125fb4 regs->eax=11 ret=0
[SYSCALL] regs=0x00125fb4 regs->eax=11 ret=0
[SYSCALL] regs=0x00125fb4 regs->eax=11 ret=0
[SYSCALL] regs=0x00125fb4 regs->eax=11 ret=0
[SYSCALL] regs=0x00125fb4 regs->eax=11 ret=0
[SYSCALL] regs=0x00125fb4 regs->eax=11 ret=0
[SYSCALL] regs=0x00125fb4 regs->eax=11 ret=0
[SYSCALL] regs=0x00125fb4 regs->eax=11 ret=0
[SYSCALL] regs=0x00125fb4 regs->eax=11 ret=0
[SYSCALL] regs=0x00125fb4 regs->eax=11 ret=0
[SYSCALL] regs=0x00125fb4 regs->eax=11 ret=0
[SYSCALL] regs=0x00125fb4 regs->eax=11 ret=0
[SYSCALL] regs=0x00125fb4 regs->eax=11 ret=0
[SYSCALL] regs=0x00125fb4 regs->eax=11 ret=0
[SYSCALL] regs=0x00125fb4 regs->eax=11 ret=0
[SYSCALL] regs=0x00125fb4 regs->eax=11 ret=0
[SYSCALL] regs=0x00125fb4 regs->eax=11 ret=0
[SYSCALL] regs=0x00125fb4 regs->eax=11 ret=0
[SYSCALL] regs=0x00125fb4 regs->eax=11 ret=0
[SYSCALL] regs=0x00125fb4 regs->eax=11 ret=0
[SYSCALL] regs=0x00125fb4 regs->eax=11 ret=0
[SYSCALL] regs=0x00125fb4 regs->eax=11 ret=0
[SYSCALL] regs=0x00125fb4 regs->eax=11 ret=0
[SYSCALL] regs=0x00125fb4 regs->eax=11 ret=0
[SYSCALL] regs=0x00125fb4 regs->eax=11 ret=0
[SYSCALL] regs=0x00125fb4 regs->eax=11 ret=0
[SYSCALL] regs=0x00125fb4 regs->eax=11 ret=0
[SYSCALL] regs=0x00125fb4 regs->eax=11 ret=0
[SYSCALL] regs=0x00125fb4 regs->eax=11 ret=0
[SYSCALL] regs=0x00125fb4 regs->eax=11 ret=0
[SYSCALL] regs=0x00125fb4 regs->eax=11 ret=0
[SYSCALL] regs=0x00125fb4 regs->eax=11 ret=0
[SYSCALL] regs=0x00125fb4 regs->eax=11 ret=0
[SYSCALL] regs=0x00125fb4 regs->eax=11 ret=0
[SYSCALL] regs=0x00125fb4 regs->eax=11 ret=0
[SYSCALL] regs=0x00125fb4 regs->eax=11 ret=0
[SYSCALL] regs=0x00125fb4 regs->eax=11 ret=0
[SYSCALL] regs=0x00125fb4 regs->eax=11 ret=0
[SYSCALL] regs=0x00125fb4 regs->eax=11 ret=0
[SYSCALL] regs=0x00125fb4 regs->eax=11 ret=0
[SYSCALL] regs=0x00125fb4 regs->eax=11 ret=0
[SYSCALL] regs=0x00125fb4 regs->eax=11 ret=0
[SYSCALL] regs=0x00125fb4 regs->eax=11 ret=0
[SYSCALL] regs=0x00125fb4 regs->eax=11 ret=0
[SYSCALL] regs=0x00125fb4 regs->eax=11 ret=0
[SYSCALL] regs=0x00125fb4 regs->eax=11 ret=0
[SYSCALL] regs=0x00125fb4 regs->eax=11 ret=0
[SYSCALL] regs=0x00125fb4 regs->eax=11 ret=0
[SYSCALL] regs=0x00125fb4 regs->eax=11 ret=0
[SYSCALL] regs=0x00125fb4 regs->eax=11 ret=0
[SYSCALL] regs=0x00125fb4 regs->eax=11 ret=0
[SYSCALL] regs=0x00125fb4 regs->eax=11 ret=0
[SYSCALL] regs=0x00125fb4 regs->eax=11 ret=0
[SYSCALL] regs=0x00125fb4 regs->eax=11 ret=0
[SYSCALL] regs=0x00125fb4 regs->eax=11 ret=0
[SYSCALL] regs=0x00125fb4 regs->eax=11 ret=0
[SYSCALL] regs=0x00125fb4 regs->eax=11 ret=0
[SYSCALL] regs=0x00125fb4 regs->eax=11 ret=0
[SYSCALL] regs=0x00125fb4 regs->eax=11 ret=0
[SYSCALL] regs=0x00125fb4 regs->eax=11 ret=0
[SYSCALL] regs=0x00125fb4 regs->eax=11 ret=0
[SYSCALL] regs=0x00125fb4 regs->eax=11 ret=0
[SYSCALL] regs=0x00125fb4 regs->eax=11 ret=0
[SYSCALL] regs=0x00125fb4 regs->eax=11 ret=0
[SYSCALL] regs=0x00125fb4 regs->eax=11 ret=0
[SYSCALL] regs=0x00125fb4 regs->eax=11 ret=0
[SYSCALL] regs=0x00125fb4 regs->eax=11 ret=0
[SYSCALL] regs=0x00125fb4 regs->eax=11 ret=0
[SYSCALL] regs=0x00125fb4 regs->eax=11 ret=0
[SYSCALL] regs=0x00125fb4 regs->eax=11 ret=0
[SYSCALL] regs=0x00125fb4 regs->eax=11 ret=0
[SYSCALL] regs=0x00125fb4 regs->eax=11 ret=0
[SYSCALL] regs=0x00125fb4 regs->eax=11 ret=0
[SYSCALL] regs=0x00125fb4 regs->eax=11 ret=0
[SYSCALL] regs=0x00125fb4 regs->eax=11 ret=0
[SYSCALL] regs=0x00125fb4 regs->eax=11 ret=0
[SYSCALL] regs=0x00125fb4 regs->eax=11 ret=0
[SYSCALL] regs=0x00125fb4 regs->eax=11 ret=0
[SYSCALL] regs=0x00125fb4 regs->eax=11 ret=0
[SYSCALL] regs=0x00125fb4 regs->eax=11 ret=0
[SYSCALL] regs=0x00125fb4 regs->eax=11 ret=0
[SYSCALL] regs=0x00125fb4 regs->eax=11 ret=0
[SYSCALL] regs=0x00125fb4 regs->eax=11 ret=0
[SYSCALL] regs=0x00125fb4 regs->eax=11 ret=0
[SYSCALL] regs=0x00125fb4 regs->eax=11 ret=0
[SYSCALL] regs=0x00125fb4 regs->eax=11 ret=0
[SYSCALL] regs=0x00125fb4 regs->eax=11 ret=0
[SYSCALL] regs=0x00125fb4 regs->eax=11 ret=0
[SYSCALL] regs=0x00125fb4 regs->eax=11 ret=0
[SYSCALL] regs=0x00125fb4 regs->eax=11 ret=0
[SYSCALL] regs=0x00125fb4 regs->eax=11 ret=0
[SYSCALL] regs=0x00125fb4 regs->eax=11 ret=0
[SYSCALL] regs=0x00125fb4 regs->eax=11 ret=0
[SYSCALL] regs=0x00125fb4 regs->eax=11 ret=0
[SYSCALL] regs=0x00125fb4 regs->eax=11 ret=0
[SYSCALL] regs=0x00125fb4 regs->eax=11 ret=0
[SYSCALL] regs=0x00125fb4 regs->eax=11 ret=0
[SYSCALL] regs=0x00125fb4 regs->eax=11 ret=0
[SYSCALL] regs=0x00125fb4 regs->eax=11 ret=0
[SYSCALL] regs=0x00125fb4 regs->eax=11 ret=0
[SYSCALL] regs=0x00125fb4 regs->eax=11 ret=0
[SYSCALL] regs=0x00125fb4 regs->eax=11 ret=0
[SYSCALL] regs=0x00125fb4 regs->eax=11 ret=0
[SYSCALL] regs=0x00125fb4 regs->eax=11 ret=0
[SYSCALL] regs=0x00125fb4 regs->eax=11 ret=0
[SYSCALL] regs=0x00125fb4 regs->eax=11 ret=0
[SYSCALL] regs=0x00125fb4 regs->eax=11 ret=0
[SYSCALL] regs=0x00125fb4 regs->eax=11 ret=0
[SYSCALL] regs=0x00125fb4 regs->eax=11 ret=0
[SYSCALL] regs=0x00125fb4 regs->eax=11 ret=0
[SYSCALL] regs=0x00125fb4 regs->eax=11 ret=0
[SYSCALL] regs=0x00125fb4 regs->eax=11 ret=0
[SYSCALL] regs=0x00125fb4 regs->eax=11 ret=0
[SYSCALL] regs=0x00125fb4 regs->eax=11 ret=0
[SYSCALL] regs=0x00125fb4 regs->eax=11 ret=0
[SYSCALL] regs=0x00125fb4 regs->eax=11 ret=0
[SYSCALL] regs=0x00125fb4 regs->eax=11 ret=0
[SYSCALL] regs=0x00125fb4 regs->eax=11 ret=0
[SYSCALL] regs=0x00125fb4 regs->eax=11 ret=0
[SYSCALL] regs=0x00125fb4 regs->eax=11 ret=0
[SYSCALL] regs=0x00125fb4 regs->eax=11 ret=0
[SYSCALL] regs=0x00125fb4 regs->eax=11 ret=0
[SYSCALL] regs=0x00125fb4 regs->eax=11 ret=0
[SYSCALL] regs=0x00125fb4 regs->eax=11 ret=0
[SYSCALL] regs=0x00125fb4 regs->eax=11 ret=0
[SYSCALL] regs=0x00125fb4 regs->eax=11 ret=0
[SYSCALL] regs=0x00125fb4 regs->eax=11 ret=0
[SYSCALL] regs=0x00125fb4 regs->eax=11 ret=0
[SYSCALL] regs=0x00125fb4 regs->eax=11 ret=0
[SYSCALL] regs=0x00125fb4 regs->eax=11 ret=0
[SYSCALL] regs=0x00125fb4 regs->eax=11 ret=0
[SYSCALL] regs=0x00125fb4 regs->eax=11 ret=0
[SYSCALL] regs=0x00125fb4 regs->eax=11 ret=0
[SYSCALL] regs=0x00125fb4 regs->eax=11 ret=0
[SYSCALL] regs=0x00125fb4 regs->eax=11 ret=0
[SYSCALL] regs=0x00125fb4 regs->eax=11 ret=0
[SYSCALL] regs=0x00125fb4 regs->eax=11 ret=0
[SYSCALL] regs=0x00125fb4 regs->eax=11 ret=0
[SYSCALL] regs=0x00125fb4 regs->eax=11 ret=0
[SYSCALL] regs=0x00125fb4 regs->eax=11 ret=0
[SYSCALL] regs=0x00125fb4 regs->eax=11 ret=0
[SYSCALL] regs=0x00125fb4 regs->eax=11 ret=0
[SYSCALL] regs=0x00125fb4 regs->eax=11 ret=0
[SYSCALL] regs=0x00125fb4 regs->eax=11 ret=0
[SYSCALL] regs=0x00125fb4 regs->eax=11 ret=0
[SYSCALL] regs=0x00125fb4 regs->eax=11 ret=0
[SYSCALL] regs=0x00125fb4 regs->eax=11 ret=0
[SYSCALL] regs=0x00125fb4 regs->eax=11 ret=0
[SYSCALL] regs=0x00125fb4 regs->eax=11 ret=0
[SYSCALL] regs=0x00125fb4 regs->eax=11 ret=0
[SYSCALL] regs=0x00125fb4 regs->eax=11 ret=0
[SYSCALL] regs=0x00125fb4 regs->eax=11 ret=0
[SYSCALL] regs=0x00125fb4 regs->eax=11 ret=0
[SYSCALL] regs=0x00125fb4 regs->eax=11 ret=0
[SYSCALL] regs=0x00125fb4 regs->eax=11 ret=0
[SYSCALL] regs=0x00125fb4 regs->eax=11 ret=0
[SYSCALL] regs=0x00125fb4 regs->eax=11 ret=0
[SYSCALL] regs=0x00125fb4 regs->eax=11 ret=0
[SYSCALL] regs=0x00125fb4 regs->eax=11 ret=0
[SYSCALL] regs=0x00125fb4 regs->eax=11 ret=0
[SYSCALL] regs=0x00125fb4 regs->eax=11 ret=0
[SYSCALL] regs=0x00125fb4 regs->eax=11 ret=0
[SYSCALL] regs=0x00125fb4 regs->eax=11 ret=0
[SYSCALL] regs=0x00125fb4 regs->eax=11 ret=0
[SYSCALL] regs=0x00125fb4 regs->eax=11 ret=0
[SYSCALL] regs=0x00125fb4 regs->eax=11 ret=0
[SYSCALL] regs=0x00125fb4 regs->eax=11 ret=0
[SYSCALL] regs=0x00125fb4 regs->eax=11 ret=0
[SYSCALL] regs=0x00125fb4 regs->eax=11 ret=0
[SYSCALL] regs=0x00125fb4 regs->eax=11 ret=0
[SYSCALL] regs=0x00125fb4 regs->eax=11 ret=0
[SYSCALL] regs=0x00125fb4 regs->eax=11 ret=0
[SYSCALL] regs=0x00125fb4 regs->eax=11 ret=0
[SYSCALL] regs=0x00125fb4 regs->eax=11 ret=0
[SYSCALL] regs=0x00125fb4 regs->eax=11 ret=0
[SYSCALL] regs=0x00125fb4 regs->eax=11 ret=0
[SYSCALL] regs=0x00125fb4 regs->eax=11 ret=0
[SYSCALL] regs=0x00125fb4 regs->eax=11 ret=0
[SYSCALL] regs=0x00125fb4 regs->eax=11 ret=0
[SYSCALL] regs=0x00125fb4 regs->eax=11 ret=0
[SYSCALL] regs=0x00125fb4 regs->eax=11 ret=0
[SYSCALL] regs=0x00125fb4 regs->eax=11 ret=0
[SYSCALL] regs=0x00125fb4 regs->eax=11 ret=0
[SYSCALL] regs=0x00125fb4 regs->eax=11 ret=0
[SYSCALL] regs=0x00125fb4 regs->eax=11 ret=0
[SYSCALL] regs=0x00125fb4 regs->eax=11 ret=0
[SYSCALL] regs=0x00125fb4 regs->eax=11 ret=0
[SYSCALL] regs=0x00125fb4 regs->eax=11 ret=0
[SYSCALL] regs=0x00125fb4 regs->eax=11 ret=0
[SYSCALL] regs=0x00125fb4 regs->eax=11 ret=0
[SYSCALL] regs=0x00125fb4 regs->eax=11 ret=0
[SYSCALL] regs=0x00125fb4 regs->eax=11 ret=0
[SYSCALL] regs=0x00125fb4 regs->eax=11 ret=0
[SYSCALL] regs=0x00125fb4 regs->eax=11 ret=0
[SYSCALL] regs=0x00125fb4 regs->eax=11 ret=0
[SYSCALL] regs=0x00125fb4 regs->eax=11 ret=0
[SYSCALL] regs=0x00125fb4 regs->eax=11 ret=0
[SYSCALL] regs=0x00125fb4 regs->eax=11 ret=0
[SYSCALL] regs=0x00125fb4 regs->eax=11 ret=0
[SYSCALL] regs=0x00125fb4 regs->eax=11 ret=0
[SYSCALL] regs=0x00125fb4 regs->eax=11 ret=0
[SYSCALL] regs=0x00125fb4 regs->eax=11 ret=0
[SYSCALL] regs=0x00125fb4 regs->eax=11 ret=0
[SYSCALL] regs=0x00125fb4 regs->eax=11 ret=0
[SYSCALL] regs=0x00125fb4 regs->eax=11 ret=0
[SYSCALL] regs=0x00125fb4 regs->eax=11 ret=0
[SYSCALL] regs=0x00125fb4 regs->eax=11 ret=0
[SYSCALL] regs=0x00125fb4 regs->eax=11 ret=0
[SYSCALL] regs=0x00125fb4 regs->eax=11 ret=0
[SYSCALL] regs=0x00125fb4 regs->eax=11 ret=0
[SYSCALL] regs=0x00125fb4 regs->eax=11 ret=0
[SYSCALL] regs=0x00125fb4 regs->eax=11 ret=0
[SYSCALL] regs=0x00125fb4 regs->eax=11 ret=0
[SYSCALL] regs=0x00125fb4 regs->eax=11 ret=0
[SYSCALL] regs=0x00125fb4 regs->eax=11 ret=0
[SYSCALL] regs=0x00125fb4 regs->eax=11 ret=0
[SYSCALL] regs=0x00125fb4 regs->eax=11 ret=0
[SYSCALL] regs=0x00125fb4 regs->eax=11 ret=0
[SYSCALL] regs=0x00125fb4 regs->eax=11 ret=0
[SYSCALL] regs=0x00125fb4 regs->eax=11 ret=0
[SYSCALL] regs=0x00125fb4 regs->eax=11 ret=0
[SYSCALL] regs=0x00125fb4 regs->eax=11 ret=0
[SYSCALL] regs=0x00125fb4 regs->eax=11 ret=0
[SYSCALL] regs=0x00125fb4 regs->eax=11 ret=0
[SYSCALL] regs=0x00125fb4 regs->eax=11 ret=0
[SYSCALL] regs=0x00125fb4 regs->eax=11 ret=0
[SYSCALL] regs=0x00125fb4 regs->eax=11 ret=0
[SYSCALL] regs=0x00125fb4 regs->eax=11 ret=0
[SYSCALL] regs=0x00125fb4 regs->eax=11 ret=0
[SYSCALL] regs=0x00125fb4 regs->eax=11 ret=0
[SYSCALL] regs=0x00125fb4 regs->eax=11 ret=0
[SYSCALL] regs=0x00125fb4 regs->eax=11 ret=0
[SYSCALL] regs=0x00125fb4 regs->eax=11 ret=0
[SYSCALL] regs=0x00125fb4 regs->eax=11 ret=0
[SYSCALL] regs=0x00125fb4 regs->eax=11 ret=0
[SYSCALL] regs=0x00125fb4 regs->eax=11 ret=0
[SYSCALL] regs=0x00125fb4 regs->eax=11 ret=0
[SYSCALL] regs=0x00125fb4 regs->eax=11 ret=0
[SYSCALL] regs=0x00125fb4 regs->eax=11 ret=0
[SYSCALL] regs=0x00125fb4 regs->eax=11 ret=0
[SYSCALL] regs=0x00125fb4 regs->eax=11 ret=0
[SYSCALL] regs=0x00125fb4 regs->eax=11 ret=0
[SYSCALL] regs=0x00125fb4 regs->eax=11 ret=0
[SYSCALL] regs=0x00125fb4 regs->eax=11 ret=0
[SYSCALL] regs=0x00125fb4 regs->eax=11 ret=0
[SYSCALL] regs=0x00125fb4 regs->eax=11 ret=0
[SYSCALL] regs=0x00125fb4 regs->eax=11 ret=0
[SYSCALL] regs=0x00125fb4 regs->eax=11 ret=0
[SYSCALL] regs=0x00125fb4 regs->eax=11 ret=0
[SYSCALL] regs=0x00125fb4 regs->eax=11 ret=0
[SYSCALL] regs=0x00125fb4 regs->eax=11 ret=0
[SYSCALL] regs=0x00125fb4 regs->eax=11 ret=0
[SYSCALL] regs=0x00125fb4 regs->eax=11 ret=0
[SYSCALL] regs=0x00125fb4 regs->eax=11 ret=0
[SYSCALL] regs=0x00125fb4 regs->eax=11 ret=0
[SYSCALL] regs=0x00125fb4 regs->eax=11 ret=0
[SYSCALL] regs=0x00125fb4 regs->eax=11 ret=0
[SYSCALL] regs=0x00125fb4 regs->eax=11 ret=0
[SYSCALL] regs=0x00125fb4 regs->eax=11 ret=0
[SYSCALL] regs=0x00125fb4 regs->eax=11 ret=0
[SYSCALL] regs=0x00125fb4 regs->eax=11 ret=0
[SYSCALL] regs=0x00125fb4 regs->eax=11 ret=0
[SYSCALL] regs=0x00125fb4 regs->eax=11 ret=0
[SYSCALL] regs=0x00125fb4 regs->eax=11 ret=0
[SYSCALL] regs=0x00125fb4 regs->eax=11 ret=0
[SYSCALL] regs=0x00125fb4 regs->eax=11 ret=0
[SYSCALL] regs=0x00125fb4 regs->eax=11 ret=0
[SYSCALL] regs=0x00125fb4 regs->eax=11 ret=1
[SYSCALL] regs=0x00125fb4 regs->eax=12 ret=1
[SYSCALL] regs=0x00125fb4 regs->eax=11 ret=0
[SYSCALL] regs=0x00125fb4 regs->eax=11 ret=0
[SYSCALL] regs=0x00125fb4 regs->eax=11 ret=0
[SYSCALL] regs=0x00125fb4 regs->eax=11 ret=0
[SYSCALL] regs=0x00125fb4 regs->eax=11 ret=0
[SYSCALL] regs=0x00125fb4 regs->eax=11 ret=0
[SYSCALL] regs=0x00125fb4 regs->eax=11 ret=0
[SYSCALL] regs=0x00125fb4 regs->eax=11 ret=0
[SYSCALL] regs=0x00125fb4 regs->eax=11 ret=0
[SYSCALL] regs=0x00125fb4 regs->eax=11 ret=0
[SYSCALL] regs=0x00125fb4 regs->eax=11 ret=0
[SYSCALL] regs=0x00125fb4 regs->eax=11 ret=0
[SYSCALL] regs=0x00125fb4 regs->eax=11 ret=0
[SYSCALL] regs=0x00125fb4 regs->eax=11 ret=0
[SYSCALL] regs=0x00125fb4 regs->eax=11 ret=0
[SYSCALL] regs=0x00125fb4 regs->eax=11 ret=0
[SYSCALL] regs=0x00125fb4 regs->eax=11 ret=0
[SYSCALL] regs=0x00125fb4 regs->eax=11 ret=0
[SYSCALL] regs=0x00125fb4 regs->eax=11 ret=0
[SYSCALL] regs=0x00125fb4 regs->eax=11 ret=0
[SYSCALL] regs=0x00125fb4 regs->eax=11 ret=0
[SYSCALL] regs=0x00125fb4 regs->eax=11 ret=0
[SYSCALL] regs=0x00125fb4 regs->eax=11 ret=0
[SYSCALL] regs=0x00125fb4 regs->eax=11 ret=0
[SYSCALL] regs=0x00125fb4 regs->eax=11 ret=0
[SYSCALL] regs=0x00125fb4 regs->eax=11 ret=0
[SYSCALL] regs=0x00125fb4 regs->eax=11 ret=0
[SYSCALL] regs=0x00125fb4 regs->eax=11 ret=0
[SYSCALL] regs=0x00125fb4 regs->eax=11 ret=0
[SYSCALL] regs=0x00125fb4 regs->eax=11 ret=0
[SYSCALL] regs=0x00125fb4 regs->eax=11 ret=0
[SYSCALL] regs=0x00125fb4 regs->eax=11 ret=0
[SYSCALL] regs=0x00125fb4 regs->eax=11 ret=0
[SYSCALL] regs=0x00125fb4 regs->eax=11 ret=0
[SYSCALL] regs=0x00125fb4 regs->eax=11 ret=0
[SYSCALL] regs=0x00125fb4 regs->eax=11 ret=0
[SYSCALL] regs=0x00125fb4 regs->eax=11 ret=0
[SYSCALL] regs=0x00125fb4 regs->eax=11 ret=0
[SYSCALL] regs=0x00125fb4 regs->eax=11 ret=0
[SYSCALL] regs=0x00125fb4 regs->eax=11 ret=0
[SYSCALL] regs=0x00125fb4 regs->eax=11 ret=0
[SYSCALL] regs=0x00125fb4 regs->eax=11 ret=1
[SYSCALL] regs=0x00125fb4 regs->eax=12 ret=1
[SYSCALL] regs=0x00125fb4 regs->eax=11 ret=0
[SYSCALL] regs=0x00125fb4 regs->eax=11 ret=0
[SYSCALL] regs=0x00125fb4 regs->eax=11 ret=0
[SYSCALL] regs=0x00125fb4 regs->eax=11 ret=0
[SYSCALL] regs=0x00125fb4 regs->eax=11 ret=0
[SYSCALL] regs=0x00125fb4 regs->eax=11 ret=0
[SYSCALL] regs=0x00125fb4 regs->eax=11 ret=0
[SYSCALL] regs=0x00125fb4 regs->eax=11 ret=0
[SYSCALL] regs=0x00125fb4 regs->eax=11 ret=0
[SYSCALL] regs=0x00125fb4 regs->eax=11 ret=0
[SYSCALL] regs=0x00125fb4 regs->eax=11 ret=0
[SYSCALL] regs=0x00125fb4 regs->eax=11 ret=0
[SYSCALL] regs=0x00125fb4 regs->eax=11 ret=0
[SYSCALL] regs=0x00125fb4 regs->eax=11 ret=0
[SYSCALL] regs=0x00125fb4 regs->eax=11 ret=0
[SYSCALL] regs=0x00125fb4 regs->eax=11 ret=0
[SYSCALL] regs=0x00125fb4 regs->eax=11 ret=0
[SYSCALL] regs=0x00125fb4 regs->eax=11 ret=0
[SYSCALL] regs=0x00125fb4 regs->eax=11 ret=0
[SYSCALL] regs=0x00125fb4 regs->eax=11 ret=0
[SYSCALL] regs=0x00125fb4 regs->eax=11 ret=0
[SYSCALL] regs=0x00125fb4 regs->eax=11 ret=0
[SYSCALL] regs=0x00125fb4 regs->eax=11 ret=0
[SYSCALL] regs=0x00125fb4 regs->eax=11 ret=1
[SYSCALL] regs=0x00125fb4 regs->eax=12 ret=1
[SYSCALL] regs=0x00125fb4 regs->eax=11 ret=0
[SYSCALL] regs=0x00125fb4 regs->eax=11 ret=0
[SYSCALL] regs=0x00125fb4 regs->eax=11 ret=0
[SYSCALL] regs=0x00125fb4 regs->eax=11 ret=0
[SYSCALL] regs=0x00125fb4 regs->eax=11 ret=0
[SYSCALL] regs=0x00125fb4 regs->eax=11 ret=0
[SYSCALL] regs=0x00125fb4 regs->eax=11 ret=0
[SYSCALL] regs=0x00125fb4 regs->eax=11 ret=0
[SYSCALL] regs=0x00125fb4 regs->eax=11 ret=0
[SYSCALL] regs=0x00125fb4 regs->eax=11 ret=0
[SYSCALL] regs=0x00125fb4 regs->eax=11 ret=0
[SYSCALL] regs=0x00125fb4 regs->eax=11 ret=0
[SYSCALL] regs=0x00125fb4 regs->eax=11 ret=0
[SYSCALL] regs=0x00125fb4 regs->eax=11 ret=0
[SYSCALL] regs=0x00125fb4 regs->eax=11 ret=0
[SYSCALL] regs=0x00125fb4 regs->eax=11 ret=0
[SYSCALL] regs=0x00125fb4 regs->eax=11 ret=0
[SYSCALL] regs=0x00125fb4 regs->eax=11 ret=0
[SYSCALL] regs=0x00125fb4 regs->eax=11 ret=0
[SYSCALL] regs=0x00125fb4 regs->eax=11 ret=0
[SYSCALL] regs=0x00125fb4 regs->eax=11 ret=0
[SYSCALL] regs=0x00125fb4 regs->eax=11 ret=0
[SYSCALL] regs=0x00125fb4 regs->eax=11 ret=0
[SYSCALL] regs=0x00125fb4 regs->eax=11 ret=0
[SYSCALL] regs=0x00125fb4 regs->eax=11 ret=0
[SYSCALL] regs=0x00125fb4 regs->eax=11 ret=0
[SYSCALL] regs=0x00125fb4 regs->eax=11 ret=0
[SYSCALL] regs=0x00125fb4 regs->eax=11 ret=0
[SYSCALL] regs=0x00125fb4 regs->eax=11 ret=0
[SYSCALL] regs=0x00125fb4 regs->eax=11 ret=0
[SYSCALL] regs=0x00125fb4 regs->eax=11 ret=0
[SYSCALL] regs=0x00125fb4 regs->eax=11 ret=0
[SYSCALL] regs=0x00125fb4 regs->eax=11 ret=0
[SYSCALL] regs=0x00125fb4 regs->eax=11 ret=0
[SYSCALL] regs=0x00125fb4 regs->eax=11 ret=0
[SYSCALL] regs=0x00125fb4 regs->eax=11 ret=0
[SYSCALL] regs=0x00125fb4 regs->eax=11 ret=0
[SYSCALL] regs=0x00125fb4 regs->eax=11 ret=0
[SYSCALL] regs=0x00125fb4 regs->eax=11 ret=0
[SYSCALL] regs=0x00125fb4 regs->eax=11 ret=0
[SYSCALL] regs=0x00125fb4 regs->eax=11 ret=0
[SYSCALL] regs=0x00125fb4 regs->eax=11 ret=0
[SYSCALL] regs=0x00125fb4 regs->eax=11 ret=0
[SYSCALL] regs=0x00125fb4 regs->eax=11 ret=0
[SYSCALL] regs=0x00125fb4 regs->eax=11 ret=0
[SYSCALL] regs=0x00125fb4 regs->eax=11 ret=0
[SYSCALL] regs=0x00125fb4 regs->eax=11 ret=0
[SYSCALL] regs=0x00125fb4 regs->eax=11 ret=0
[SYSCALL] regs=0x00125fb4 regs->eax=11 ret=0
[SYSCALL] regs=0x00125fb4 regs->eax=11 ret=0
[SYSCALL] regs=0x00125fb4 regs->eax=11 ret=0
[SYSCALL] regs=0x00125fb4 regs->eax=11 ret=1
[SYSCALL] regs=0x00125fb4 regs->eax=12 ret=1
[SYSCALL] regs=0x00125fb4 regs->eax=11 ret=0
[SYSCALL] regs=0x00125fb4 regs->eax=11 ret=0
[SYSCALL] regs=0x00125fb4 regs->eax=11 ret=0
[SYSCALL] regs=0x00125fb4 regs->eax=11 ret=0
[SYSCALL] regs=0x00125fb4 regs->eax=11 ret=0
[SYSCALL] regs=0x00125fb4 regs->eax=11 ret=0
[SYSCALL] regs=0x00125fb4 regs->eax=11 ret=0
[SYSCALL] regs=0x00125fb4 regs->eax=11 ret=0
[SYSCALL] regs=0x00125fb4 regs->eax=11 ret=0
[SYSCALL] regs=0x00125fb4 regs->eax=11 ret=0
[SYSCALL] regs=0x00125fb4 regs->eax=11 ret=0
[SYSCALL] regs=0x00125fb4 regs->eax=11 ret=0
[SYSCALL] regs=0x00125fb4 regs->eax=11 ret=0
[SYSCALL] regs=0x00125fb4 regs->eax=11 ret=0
[SYSCALL] regs=0x00125fb4 regs->eax=11 ret=0
[SYSCALL] regs=0x00125fb4 regs->eax=11 ret=0
[SYSCALL] regs=0x00125fb4 regs->eax=11 ret=0
[SYSCALL] regs=0x00125fb4 regs->eax=11 ret=0
[SYSCALL] regs=0x00125fb4 regs->eax=11 ret=0
[SYSCALL] regs=0x00125fb4 regs->eax=11 ret=0
[SYSCALL] regs=0x00125fb4 regs->eax=11 ret=0
[SYSCALL] regs=0x00125fb4 regs->eax=11 ret=0
[SYSCALL] regs=0x00125fb4 regs->eax=11 ret=0
[SYSCALL] regs=0x00125fb4 regs->eax=11 ret=0
[SYSCALL] regs=0x00125fb4 regs->eax=11 ret=0
[SYSCALL] regs=0x00125fb4 regs->eax=11 ret=0
[SYSCALL] regs=0x00125fb4 regs->eax=11 ret=0
[SYSCALL] regs=0x00125fb4 regs->eax=11 ret=0
[SYSCALL] regs=0x00125fb4 regs->eax=11 ret=0
[SYSCALL] regs=0x00125fb4 regs->eax=11 ret=0
[SYSCALL] regs=0x00125fb4 regs->eax=11 ret=0
[SYSCALL] regs=0x00125fb4 regs->eax=11 ret=0
[SYSCALL] regs=0x00125fb4 regs->eax=11 ret=0
[SYSCALL] regs=0x00125fb4 regs->eax=11 ret=0
[SYSCALL] regs=0x00125fb4 regs->eax=11 ret=0
[SYSCALL] regs=0x00125fb4 regs->eax=11 ret=0
[SYSCALL] regs=0x00125fb4 regs->eax=11 ret=0
[SYSCALL] regs=0x00125fb4 regs->eax=11 ret=0
[SYSCALL] regs=0x00125fb4 regs->eax=11 ret=0
[SYSCALL] regs=0x00125fb4 regs->eax=11 ret=0
[SYSCALL] regs=0x00125fb4 regs->eax=11 ret=0
[SYSCALL] regs=0x00125fb4 regs->eax=11 ret=0
[SYSCALL] regs=0x00125fb4 regs->eax=11 ret=0
[SYSCALL] regs=0x00125fb4 regs->eax=11 ret=0
[SYSCALL] regs=0x00125fb4 regs->eax=11 ret=0
[SYSCALL] regs=0x00125fb4 regs->eax=11 ret=0
[SYSCALL] regs=0x00125fb4 regs->eax=11 ret=0
[SYSCALL] regs=0x00125fb4 regs->eax=11 ret=0
[SYSCALL] regs=0x00125fb4 regs->eax=11 ret=0
[SYSCALL] regs=0x00125fb4 regs->eax=11 ret=0
[SYSCALL] regs=0x00125fb4 regs->eax=11 ret=0
[SYSCALL] regs=0x00125fb4 regs->eax=11 ret=0
[SYSCALL] regs=0x00125fb4 regs->eax=11 ret=0
[SYSCALL] regs=0x00125fb4 regs->eax=11 ret=0
[SYSCALL] regs=0x00125fb4 regs->eax=11 ret=0
[SYSCALL] regs=0x00125fb4 regs->eax=11 ret=0
[SYSCALL] regs=0x00125fb4 regs->eax=11 ret=0
[SYSCALL] regs=0x00125fb4 regs->eax=11 ret=0
[SYSCALL] regs=0x00125fb4 regs->eax=11 ret=0
[SYSCALL] regs=0x00125fb4 regs->eax=11 ret=0
[SYSCALL] regs=0x00125fb4 regs->eax=11 ret=0
[SYSCALL] regs=0x00125fb4 regs->eax=11 ret=0
[SYSCALL] regs=0x00125fb4 regs->eax=11 ret=0
[SYSCALL] regs=0x00125fb4 regs->eax=11 ret=0
[SYSCALL] regs=0x00125fb4 regs->eax=11 ret=0
[SYSCALL] regs=0x00125fb4 regs->eax=11 ret=0
[SYSCALL] regs=0x00125fb4 regs->eax=11 ret=0
[SYSCALL] regs=0x00125fb4 regs->eax=11 ret=0
[SYSCALL] regs=0x00125fb4 regs->eax=11 ret=0
[SYSCALL] regs=0x00125fb4 regs->eax=11 ret=0
[SYSCALL] regs=0x00125fb4 regs->eax=11 ret=0
[SYSCALL] regs=0x00125fb4 regs->eax=11 ret=0
[SYSCALL] regs=0x00125fb4 regs->eax=11 ret=0
[SYSCALL] regs=0x00125fb4 regs->eax=11 ret=0
[SYSCALL] regs=0x00125fb4 regs->eax=11 ret=0
[SYSCALL] regs=0x00125fb4 regs->eax=11 ret=0
[SYSCALL] regs=0x00125fb4 regs->eax=11 ret=0
[SYSCALL] regs=0x00125fb4 regs->eax=11 ret=0
[SYSCALL] regs=0x00125fb4 regs->eax=11 ret=0
[SYSCALL] regs=0x00125fb4 regs->eax=11 ret=0
[SYSCALL] regs=0x00125fb4 regs->eax=11 ret=0
[SYSCALL] regs=0x00125fb4 regs->eax=11 ret=0
[SYSCALL] regs=0x00125fb4 regs->eax=11 ret=0
[SYSCALL] regs=0x00125fb4 regs->eax=11 ret=0
[SYSCALL] regs=0x00125fb4 regs->eax=11 ret=0
[SYSCALL] regs=0x00125fb4 regs->eax=11 ret=0
[SYSCALL] regs=0x00125fb4 regs->eax=11 ret=0
[SYSCALL] regs=0x00125fb4 regs->eax=11 ret=0
[SYSCALL] regs=0x00125fb4 regs->eax=11 ret=0
[SYSCALL] regs=0x00125fb4 regs->eax=11 ret=0
[SYSCALL] regs=0x00125fb4 regs->eax=11 ret=0
[SYSCALL] regs=0x00125fb4 regs->eax=11 ret=0
[SYSCALL] regs=0x00125fb4 regs->eax=11 ret=0
[SYSCALL] regs=0x00125fb4 regs->eax=11 ret=0
[SYSCALL] regs=0x00125fb4 regs->eax=11 ret=0
[SYSCALL] regs=0x00125fb4 regs->eax=11 ret=0
[SYSCALL] regs=0x00125fb4 regs->eax=11 ret=0
[SYSCALL] regs=0x00125fb4 regs->eax=11 ret=0
[SYSCALL] regs=0x00125fb4 regs->eax=11 ret=0
[SYSCALL] regs=0x00125fb4 regs->eax=11 ret=0
[SYSCALL] regs=0x00125fb4 regs->eax=11 ret=0
[SYSCALL] regs=0x00125fb4 regs->eax=11 ret=0
[SYSCALL] regs=0x00125fb4 regs->eax=11 ret=0
[SYSCALL] regs=0x00125fb4 regs->eax=11 ret=0
[SYSCALL] regs=0x00125fb4 regs->eax=11 ret=0
[SYSCALL] regs=0x00125fb4 regs->eax=11 ret=0
[SYSCALL] regs=0x00125fb4 regs->eax=11 ret=0
[SYSCALL] regs=0x00125fb4 regs->eax=11 ret=0
[SYSCALL] regs=0x00125fb4 regs->eax=11 ret=0
[SYSCALL] regs=0x00125fb4 regs->eax=11 ret=0
[SYSCALL] regs=0x00125fb4 regs->eax=11 ret=0
[SYSCALL] regs=0x00125fb4 regs->eax=11 ret=0
[SYSCALL] regs=0x00125fb4 regs->eax=11 ret=0
[SYSCALL] regs=0x00125fb4 regs->eax=11 ret=0
[SYSCALL] regs=0x00125fb4 regs->eax=11 ret=0
[SYSCALL] regs=0x00125fb4 regs->eax=11 ret=0
[SYSCALL] regs=0x00125fb4 regs->eax=11 ret=0
[SYSCALL] regs=0x00125fb4 regs->eax=11 ret=0
[SYSCALL] regs=0x00125fb4 regs->eax=11 ret=0
[SYSCALL] regs=0x00125fb4 regs->eax=11 ret=0
[SYSCALL] regs=0x00125fb4 regs->eax=11 ret=0
[SYSCALL] regs=0x00125fb4 regs->eax=11 ret=0
[SYSCALL] regs=0x00125fb4 regs->eax=11 ret=0
[SYSCALL] regs=0x00125fb4 regs->eax=11 ret=0
[SYSCALL] regs=0x00125fb4 regs->eax=11 ret=0
[SYSCALL] regs=0x00125fb4 regs->eax=11 ret=0
[SYSCALL] regs=0x00125fb4 regs->eax=11 ret=0
[SYSCALL] regs=0x00125fb4 regs->eax=11 ret=0
[SYSCALL] regs=0x00125fb4 regs->eax=11 ret=0
[SYSCALL] regs=0x00125fb4 regs->eax=11 ret=0
[SYSCALL] regs=0x00125fb4 regs->eax=11 ret=0
[SYSCALL] regs=0x00125fb4 regs->eax=11 ret=0
[SYSCALL] regs=0x00125fb4 regs->eax=11 ret=0
[SYSCALL] regs=0x00125fb4 regs->eax=11 ret=0
[SYSCALL] regs=0x00125fb4 regs->eax=11 ret=0
[SYSCALL] regs=0x00125fb4 regs->eax=11 ret=0
[SYSCALL] regs=0x00125fb4 regs->eax=11 ret=0
[SYSCALL] regs=0x00125fb4 regs->eax=11 ret=0
[SYSCALL] regs=0x00125fb4 regs->eax=11 ret=0
[SYSCALL] regs=0x00125fb4 regs->eax=11 ret=0
[SYSCALL] regs=0x00125fb4 regs->eax=11 ret=0
[SYSCALL] regs=0x00125fb4 regs->eax=11 ret=0
[SYSCALL] regs=0x00125fb4 regs->eax=11 ret=0
[SYSCALL] regs=0x00125fb4 regs->eax=11 ret=0
[SYSCALL] regs=0x00125fb4 regs->eax=11 ret=0
[SYSCALL] regs=0x00125fb4 regs->eax=11 ret=0
[SYSCALL] regs=0x00125fb4 regs->eax=11 ret=0
[SYSCALL] regs=0x00125fb4 regs->eax=11 ret=0
[SYSCALL] regs=0x00125fb4 regs->eax=11 ret=0
[SYSCALL] regs=0x00125fb4 regs->eax=11 ret=0
[SYSCALL] regs=0x00125fb4 regs->eax=11 ret=0
[SYSCALL] regs=0x00125fb4 regs->eax=11 ret=0
[SYSCALL] regs=0x00125fb4 regs->eax=11 ret=0
[SYSCALL] regs=0x00125fb4 regs->eax=11 ret=0
[SYSCALL] regs=0x00125fb4 regs->eax=11 ret=0
[SYSCALL] regs=0x00125fb4 regs->eax=11 ret=0
[SYSCALL] regs=0x00125fb4 regs->eax=11 ret=0
[SYSCALL] regs=0x00125fb4 regs->eax=11 ret=0
[SYSCALL] regs=0x00125fb4 regs->eax=11 ret=0
[SYSCALL] regs=0x00125fb4 regs->eax=11 ret=0
[SYSCALL] regs=0x00125fb4 regs->eax=11 ret=0
[SYSCALL] regs=0x00125fb4 regs->eax=11 ret=0
[SYSCALL] regs=0x00125fb4 regs->eax=11 ret=0
[SYSCALL] regs=0x00125fb4 regs->eax=11 ret=0
[SYSCALL] regs=0x00125fb4 regs->eax=11 ret=0
[SYSCALL] regs=0x00125fb4 regs->eax=11 ret=0
[SYSCALL] regs=0x00125fb4 regs->eax=11 ret=0
[SYSCALL] regs=0x00125fb4 regs->eax=11 ret=0
[SYSCALL] regs=0x00125fb4 regs->eax=11 ret=0
[SYSCALL] regs=0x00125fb4 regs->eax=11 ret=0
[SYSCALL] regs=0x00125fb4 regs->eax=11 ret=0
[SYSCALL] regs=0x00125fb4 regs->eax=11 ret=0
[SYSCALL] regs=0x00125fb4 regs->eax=11 ret=0
[SYSCALL] regs=0x00125fb4 regs->eax=11 ret=0
[SYSCALL] regs=0x00125fb4 regs->eax=11 ret=0
[SYSCALL] regs=0x00125fb4 regs->eax=11 ret=0
[SYSCALL] regs=0x00125fb4 regs->eax=11 ret=0
[SYSCALL] regs=0x00125fb4 regs->eax=11 ret=0
[SYSCALL] regs=0x00125fb4 regs->eax=11 ret=0
[SYSCALL] regs=0x00125fb4 regs->eax=11 ret=0
[SYSCALL] regs=0x00125fb4 regs->eax=11 ret=0
[SYSCALL] regs=0x00125fb4 regs->eax=11 ret=0
[SYSCALL] regs=0x00125fb4 regs->eax=11 ret=0
[SYSCALL] regs=0x00125fb4 regs->eax=11 ret=0
[SYSCALL] regs=0x00125fb4 regs->eax=11 ret=0
[SYSCALL] regs=0x00125fb4 regs->eax=11 ret=0
[SYSCALL] regs=0x00125fb4 regs->eax=11 ret=0
[SYSCALL] regs=0x00125fb4 regs->eax=11 ret=0
[SYSCALL] regs=0x00125fb4 regs->eax=11 ret=0
[SYSCALL] regs=0x00125fb4 regs->eax=11 ret=0
[SYSCALL] regs=0x00125fb4 regs->eax=11 ret=0
[SYSCALL] regs=0x00125fb4 regs->eax=11 ret=0
[SYSCALL] regs=0x00125fb4 regs->eax=11 ret=0
[SYSCALL] regs=0x00125fb4 regs->eax=11 ret=0
[SYSCALL] regs=0x00125fb4 regs->eax=11 ret=0
[SYSCALL] regs=0x00125fb4 regs->eax=11 ret=0
[SYSCALL] regs=0x00125fb4 regs->eax=11 ret=0
[SYSCALL] regs=0x00125fb4 regs->eax=11 ret=0
[SYSCALL] regs=0x00125fb4 regs->eax=11 ret=0
[SYSCALL] regs=0x00125fb4 regs->eax=11 ret=0
[SYSCALL] regs=0x00125fb4 regs->eax=11 ret=0
[SYSCALL] regs=0x00125fb4 regs->eax=11 ret=0
[SYSCALL] regs=0x00125fb4 regs->eax=11 ret=0
[SYSCALL] regs=0x00125fb4 regs->eax=11 ret=0
[SYSCALL] regs=0x00125fb4 regs->eax=11 ret=0
[SYSCALL] regs=0x00125fb4 regs->eax=11 ret=0
[SYSCALL] regs=0x00125fb4 regs->eax=11 ret=0
[SYSCALL] regs=0x00125fb4 regs->eax=11 ret=0
[SYSCALL] regs=0x00125fb4 regs->eax=11 ret=0
[SYSCALL] regs=0x00125fb4 regs->eax=11 ret=0
[SYSCALL] regs=0x00125fb4 regs->eax=11 ret=0
[SYSCALL] regs=0x00125fb4 regs->eax=11 ret=0
[SYSCALL] regs=0x00125fb4 regs->eax=11 ret=0
[SYSCALL] regs=0x00125fb4 regs->eax=11 ret=0
[SYSCALL] regs=0x00125fb4 regs->eax=11 ret=0
[SYSCALL] regs=0x00125fb4 regs->eax=11 ret=0
[SYSCALL] regs=0x00125fb4 regs->eax=11 ret=0
[SYSCALL] regs=0x00125fb4 regs->eax=11 ret=0
[SYSCALL] regs=0x00125fb4 regs->eax=11 ret=0
[SYSCALL] regs=0x00125fb4 regs->eax=11 ret=0
[SYSCALL] regs=0x00125fb4 regs->eax=11 ret=0
[SYSCALL] regs=0x00125fb4 regs->eax=11 ret=0
[SYSCALL] regs=0x00125fb4 regs->eax=11 ret=0
[SYSCALL] regs=0x00125fb4 regs->eax=11 ret=0
[SYSCALL] regs=0x00125fb4 regs->eax=11 ret=0
[SYSCALL] regs=0x00125fb4 regs->eax=11 ret=0
[SYSCALL] regs=0x00125fb4 regs->eax=11 ret=0
[SYSCALL] regs=0x00125fb4 regs->eax=11 ret=0
[SYSCALL] regs=0x00125fb4 regs->eax=11 ret=0
[SYSCALL] regs=0x00125fb4 regs->eax=11 ret=0
[SYSCALL] regs=0x00125fb4 regs->eax=11 ret=0
[SYSCALL] regs=0x00125fb4 regs->eax=11 ret=0
[SYSCALL] regs=0x00125fb4 regs->eax=11 ret=0
[SYSCALL] regs=0x00125fb4 regs->eax=11 ret=0
[SYSCALL] regs=0x00125fb4 regs->eax=11 ret=0
[SYSCALL] regs=0x00125fb4 regs->eax=11 ret=0
[SYSCALL] regs=0x00125fb4 regs->eax=11 ret=0
[SYSCALL] regs=0x00125fb4 regs->eax=11 ret=0
[SYSCALL] regs=0x00125fb4 regs->eax=11 ret=0
[SYSCALL] regs=0x00125fb4 regs->eax=11 ret=0
[SYSCALL] regs=0x00125fb4 regs->eax=11 ret=0
[SYSCALL] regs=0x00125fb4 regs->eax=11 ret=0
[SYSCALL] regs=0x00125fb4 regs->eax=11 ret=0
[SYSCALL] regs=0x00125fb4 regs->eax=11 ret=0
[SYSCALL] regs=0x00125fb4 regs->eax=11 ret=0
[SYSCALL] regs=0x00125fb4 regs->eax=11 ret=0
[SYSCALL] regs=0x00125fb4 regs->eax=11 ret=0
[SYSCALL] regs=0x00125fb4 regs->eax=11 ret=0
[SYSCALL] regs=0x00125fb4 regs->eax=11 ret=0
[SYSCALL] regs=0x00125fb4 regs->eax=11 ret=0
[SYSCALL] regs=0x00125fb4 regs->eax=11 ret=0
[SYSCALL] regs=0x00125fb4 regs->eax=11 ret=0
[SYSCALL] regs=0x00125fb4 regs->eax=11 ret=0
[SYSCALL] regs=0x00125fb4 regs->eax=11 ret=0
[SYSCALL] regs=0x00125fb4 regs->eax=11 ret=0
[SYSCALL] regs=0x00125fb4 regs->eax=11 ret=0
[SYSCALL] regs=0x00125fb4 regs->eax=11 ret=0
[SYSCALL] regs=0x00125fb4 regs->eax=11 ret=0
[SYSCALL] regs=0x00125fb4 regs->eax=11 ret=0
[SYSCALL] regs=0x00125fb4 regs->eax=11 ret=0
[SYSCALL] regs=0x00125fb4 regs->eax=11 ret=0
[SYSCALL] regs=0x00125fb4 regs->eax=11 ret=0
[SYSCALL] regs=0x00125fb4 regs->eax=11 ret=0
[SYSCALL] regs=0x00125fb4 regs->eax=11 ret=0
[SYSCALL] regs=0x00125fb4 regs->eax=11 ret=0
[SYSCALL] regs=0x00125fb4 regs->eax=11 ret=0
[SYSCALL] regs=0x00125fb4 regs->eax=11 ret=0
[SYSCALL] regs=0x00125fb4 regs->eax=11 ret=0
[SYSCALL] regs=0x00125fb4 regs->eax=11 ret=0
[SYSCALL] regs=0x00125fb4 regs->eax=11 ret=0
[SYSCALL] regs=0x00125fb4 regs->eax=11 ret=0
[SYSCALL] regs=0x00125fb4 regs->eax=11 ret=0
[SYSCALL] regs=0x00125fb4 regs->eax=11 ret=0
[SYSCALL] regs=0x00125fb4 regs->eax=11 ret=0
[SYSCALL] regs=0x00125fb4 regs->eax=11 ret=0
[SYSCALL] regs=0x00125fb4 regs->eax=11 ret=0
[SYSCALL] regs=0x00125fb4 regs->eax=11 ret=0
[SYSCALL] regs=0x00125fb4 regs->eax=11 ret=0
[SYSCALL] regs=0x00125fb4 regs->eax=11 ret=0
[SYSCALL] regs=0x00125fb4 regs->eax=11 ret=0
[SYSCALL] regs=0x00125fb4 regs->eax=11 ret=0
[SYSCALL] regs=0x00125fb4 regs->eax=11 ret=0
[SYSCALL] regs=0x00125fb4 regs->eax=11 ret=0
[SYSCALL] regs=0x00125fb4 regs->eax=11 ret=0
[SYSCALL] regs=0x00125fb4 regs->eax=11 ret=0
[SYSCALL] regs=0x00125fb4 regs->eax=11 ret=0
[SYSCALL] regs=0x00125fb4 regs->eax=11 ret=0
[SYSCALL] regs=0x00125fb4 regs->eax=11 ret=0
[SYSCALL] regs=0x00125fb4 regs->eax=11 ret=0
[SYSCALL] regs=0x00125fb4 regs->eax=11 ret=0
[SYSCALL] regs=0x00125fb4 regs->eax=11 ret=0
[SYSCALL] regs=0x00125fb4 regs->eax=11 ret=0
[SYSCALL] regs=0x00125fb4 regs->eax=11 ret=0
[SYSCALL] regs=0x00125fb4 regs->eax=11 ret=0
[SYSCALL] regs=0x00125fb4 regs->eax=11 ret=0
[SYSCALL] regs=0x00125fb4 regs->eax=11 ret=0
[SYSCALL] regs=0x00125fb4 regs->eax=11 ret=0
[SYSCALL] regs=0x00125fb4 regs->eax=11 ret=0
[SYSCALL] regs=0x00125fb4 regs->eax=11 ret=0
[SYSCALL] regs=0x00125fb4 regs->eax=11 ret=0
[SYSCALL] regs=0x00125fb4 regs->eax=11 ret=0
[SYSCALL] regs=0x00125fb4 regs->eax=11 ret=0
[SYSCALL] regs=0x00125fb4 regs->eax=11 ret=0
[SYSCALL] regs=0x00125fb4 regs->eax=11 ret=0
[SYSCALL] regs=0x00125fb4 regs->eax=11 ret=0
[SYSCALL] regs=0x00125fb4 regs->eax=11 ret=0
[SYSCALL] regs=0x00125fb4 regs->eax=11 ret=0
[SYSCALL] regs=0x00125fb4 regs->eax=11 ret=0
[SYSCALL] regs=0x00125fb4 regs->eax=11 ret=0
[SYSCALL] regs=0x00125fb4 regs->eax=11 ret=0
[SYSCALL] regs=0x00125fb4 regs->eax=11 ret=0
[SYSCALL] regs=0x00125fb4 regs->eax=11 ret=0
[SYSCALL] regs=0x00125fb4 regs->eax=11 ret=0
[SYSCALL] regs=0x00125fb4 regs->eax=11 ret=0
[SYSCALL] regs=0x00125fb4 regs->eax=11 ret=0
[SYSCALL] regs=0x00125fb4 regs->eax=11 ret=0
[SYSCALL] regs=0x00125fb4 regs->eax=11 ret=0
[SYSCALL] regs=0x00125fb4 regs->eax=11 ret=0
[SYSCALL] regs=0x00125fb4 regs->eax=11 ret=0
[SYSCALL] regs=0x00125fb4 regs->eax=11 ret=0
[SYSCALL] regs=0x00125fb4 regs->eax=11 ret=0
[SYSCALL] regs=0x00125fb4 regs->eax=11 ret=0
[SYSCALL] regs=0x00125fb4 regs->eax=11 ret=0
[SYSCALL] regs=0x00125fb4 regs->eax=11 ret=0
[SYSCALL] regs=0x00125fb4 regs->eax=11 ret=0
[SYSCALL] regs=0x00125fb4 regs->eax=11 ret=0
[SYSCALL] regs=0x00125fb4 regs->eax=11 ret=0
[SYSCALL] regs=0x00125fb4 regs->eax=11 ret=0
[SYSCALL] regs=0x00125fb4 regs->eax=11 ret=0
[SYSCALL] regs=0x00125fb4 regs->eax=11 ret=0
[SYSCALL] regs=0x00125fb4 regs->eax=11 ret=0
[SYSCALL] regs=0x00125fb4 regs->eax=11 ret=0
[SYSCALL] regs=0x00125fb4 regs->eax=11 ret=0
[SYSCALL] regs=0x00125fb4 regs->eax=11 ret=0
[SYSCALL] regs=0x00125fb4 regs->eax=11 ret=0
[SYSCALL] regs=0x00125fb4 regs->eax=11 ret=0
[SYSCALL] regs=0x00125fb4 regs->eax=11 ret=0
[SYSCALL] regs=0x00125fb4 regs->eax=11 ret=0
[SYSCALL] regs=0x00125fb4 regs->eax=11 ret=0
[SYSCALL] regs=0x00125fb4 regs->eax=11 ret=0
[SYSCALL] regs=0x00125fb4 regs->eax=11 ret=0
[SYSCALL] regs=0x00125fb4 regs->eax=11 ret=0
[SYSCALL] regs=0x00125fb4 regs->eax=11 ret=0
[SYSCALL] regs=0x00125fb4 regs->eax=11 ret=0
[SYSCALL] regs=0x00125fb4 regs->eax=11 ret=0
[SYSCALL] regs=0x00125fb4 regs->eax=11 ret=0
[SYSCALL] regs=0x00125fb4 regs->eax=11 ret=0
[SYSCALL] regs=0x00125fb4 regs->eax=11 ret=0
[SYSCALL] regs=0x00125fb4 regs->eax=11 ret=0
[SYSCALL] regs=0x00125fb4 regs->eax=11 ret=0
[SYSCALL] regs=0x00125fb4 regs->eax=11 ret=0
[SYSCALL] regs=0x00125fb4 regs->eax=11 ret=0
[SYSCALL] regs=0x00125fb4 regs->eax=11 ret=0
[SYSCALL] regs=0x00125fb4 regs->eax=11 ret=0
[SYSCALL] regs=0x00125fb4 regs->eax=11 ret=0
[SYSCALL] regs=0x00125fb4 regs->eax=11 ret=0
[SYSCALL] regs=0x00125fb4 regs->eax=11 ret=0
[SYSCALL] regs=0x00125fb4 regs->eax=11 ret=0
[SYSCALL] regs=0x00125fb4 regs->eax=11 ret=0
[SYSCALL] regs=0x00125fb4 regs->eax=11 ret=0
[SYSCALL] regs=0x00125fb4 regs->eax=11 ret=0
[SYSCALL] regs=0x00125fb4 regs->eax=11 ret=0
[SYSCALL] regs=0x00125fb4 regs->eax=11 ret=0
[SYSCALL] regs=0x00125fb4 regs->eax=11 ret=0
[SYSCALL] regs=0x00125fb4 regs->eax=11 ret=0
[SYSCALL] regs=0x00125fb4 regs->eax=11 ret=0
[SYSCALL] regs=0x00125fb4 regs->eax=11 ret=0
[SYSCALL] regs=0x00125fb4 regs->eax=11 ret=0
[SYSCALL] regs=0x00125fb4 regs->eax=11 ret=0
[SYSCALL] regs=0x00125fb4 regs->eax=11 ret=0
[SYSCALL] regs=0x00125fb4 regs->eax=11 ret=0
[SYSCALL] regs=0x00125fb4 regs->eax=11 ret=0
[SYSCALL] regs=0x00125fb4 regs->eax=11 ret=0
[SYSCALL] regs=0x00125fb4 regs->eax=11 ret=0
[SYSCALL] regs=0x00125fb4 regs->eax=11 ret=0
[SYSCALL] regs=0x00125fb4 regs->eax=11 ret=0
[SYSCALL] regs=0x00125fb4 regs->eax=11 ret=0
[SYSCALL] regs=0x00125fb4 regs->eax=11 ret=0
[SYSCALL] regs=0x00125fb4 regs->eax=11 ret=0
[SYSCALL] regs=0x00125fb4 regs->eax=11 ret=0
[SYSCALL] regs=0x00125fb4 regs->eax=11 ret=0
[SYSCALL] regs=0x00125fb4 regs->eax=11 ret=0
[SYSCALL] regs=0x00125fb4 regs->eax=11 ret=0
[SYSCALL] regs=0x00125fb4 regs->eax=11 ret=0
[SYSCALL] regs=0x00125fb4 regs->eax=11 ret=0
[SYSCALL] regs=0x00125fb4 regs->eax=11 ret=0
[SYSCALL] regs=0x00125fb4 regs->eax=11 ret=0
[SYSCALL] regs=0x00125fb4 regs->eax=11 ret=0
[SYSCALL] regs=0x00125fb4 regs->eax=11 ret=0
[SYSCALL] regs=0x00125fb4 regs->eax=11 ret=0
[SYSCALL] regs=0x00125fb4 regs->eax=11 ret=0
[SYSCALL] regs=0x00125fb4 regs->eax=11 ret=0
[SYSCALL] regs=0x00125fb4 regs->eax=11 ret=0
[SYSCALL] regs=0x00125fb4 regs->eax=11 ret=0
[SYSCALL] regs=0x00125fb4 regs->eax=11 ret=0
[SYSCALL] regs=0x00125fb4 regs->eax=11 ret=0
[SYSCALL] regs=0x00125fb4 regs->eax=11 ret=0
[SYSCALL] regs=0x00125fb4 regs->eax=11 ret=0
[SYSCALL] regs=0x00125fb4 regs->eax=11 ret=0
[SYSCALL] regs=0x00125fb4 regs->eax=11 ret=0
[SYSCALL] regs=0x00125fb4 regs->eax=11 ret=0
[SYSCALL] regs=0x00125fb4 regs->eax=11 ret=0
[SYSCALL] regs=0x00125fb4 regs->eax=11 ret=0
[SYSCALL] regs=0x00125fb4 regs->eax=11 ret=0
[SYSCALL] regs=0x00125fb4 regs->eax=11 ret=0
[SYSCALL] regs=0x00125fb4 regs->eax=11 ret=0
[SYSCALL] regs=0x00125fb4 regs->eax=11 ret=0
[SYSCALL] regs=0x00125fb4 regs->eax=11 ret=0
[SYSCALL] regs=0x00125fb4 regs->eax=11 ret=0
[SYSCALL] regs=0x00125fb4 regs->eax=11 ret=0
[SYSCALL] regs=0x00125fb4 regs->eax=11 ret=0
[SYSCALL] regs=0x00125fb4 regs->eax=11 ret=0
[SYSCALL] regs=0x00125fb4 regs->eax=11 ret=0
[SYSCALL] regs=0x00125fb4 regs->eax=11 ret=0
[SYSCALL] regs=0x00125fb4 regs->eax=11 ret=0
[SYSCALL] regs=0x00125fb4 regs->eax=11 ret=0
[SYSCALL] regs=0x00125fb4 regs->eax=11 ret=0
[SYSCALL] regs=0x00125fb4 regs->eax=11 ret=0
[SYSCALL] regs=0x00125fb4 regs->eax=11 ret=0
[SYSCALL] regs=0x00125fb4 regs->eax=11 ret=0
[SYSCALL] regs=0x00125fb4 regs->eax=11 ret=0
[SYSCALL] regs=0x00125fb4 regs->eax=11 ret=0
[SYSCALL] regs=0x00125fb4 regs->eax=11 ret=0
[SYSCALL] regs=0x00125fb4 regs->eax=11 ret=0
[SYSCALL] regs=0x00125fb4 regs->eax=11 ret=0
[SYSCALL] regs=0x00125fb4 regs->eax=11 ret=0
[SYSCALL] regs=0x00125fb4 regs->eax=11 ret=0
[SYSCALL] regs=0x00125fb4 regs->eax=11 ret=0
[SYSCALL] regs=0x00125fb4 regs->eax=11 ret=0
[SYSCALL] regs=0x00125fb4 regs->eax=11 ret=0
[SYSCALL] regs=0x00125fb4 regs->eax=11 ret=0
[SYSCALL] regs=0x00125fb4 regs->eax=11 ret=0
[SYSCALL] regs=0x00125fb4 regs->eax=11 ret=0
[SYSCALL] regs=0x00125fb4 regs->eax=11 ret=0
[SYSCALL] regs=0x00125fb4 regs->eax=11 ret=0
[SYSCALL] regs=0x00125fb4 regs->eax=11 ret=0
[SYSCALL] regs=0x00125fb4 regs->eax=11 ret=0
[SYSCALL] regs=0x00125fb4 regs->eax=11 ret=0
[SYSCALL] regs=0x00125fb4 regs->eax=11 ret=0
[SYSCALL] regs=0x00125fb4 regs->eax=11 ret=0
[SYSCALL] regs=0x00125fb4 regs->eax=11 ret=0
[SYSCALL] regs=0x00125fb4 regs->eax=11 ret=0
[SYSCALL] regs=0x00125fb4 regs->eax=11 ret=0
[SYSCALL] regs=0x00125fb4 regs->eax=11 ret=0
[SYSCALL] regs=0x00125fb4 regs->eax=11 ret=0
[SYSCALL] regs=0x00125fb4 regs->eax=11 ret=0
[SYSCALL] regs=0x00125fb4 regs->eax=11 ret=0
[SYSCALL] regs=0x00125fb4 regs->eax=11 ret=0
[SYSCALL] regs=0x00125fb4 regs->eax=11 ret=0
[SYSCALL] regs=0x00125fb4 regs->eax=11 ret=0
[SYSCALL] regs=0x00125fb4 regs->eax=11 ret=0
[SYSCALL] regs=0x00125fb4 regs->eax=11 ret=0
[SYSCALL] regs=0x00125fb4 regs->eax=11 ret=0
[SYSCALL] regs=0x00125fb4 regs->eax=11 ret=0
[SYSCALL] regs=0x00125fb4 regs->eax=11 ret=0
[SYSCALL] regs=0x00125fb4 regs->eax=11 ret=0
[SYSCALL] regs=0x00125fb4 regs->eax=11 ret=0
[SYSCALL] regs=0x00125fb4 regs->eax=11 ret=0
[SYSCALL] regs=0x00125fb4 regs->eax=11 ret=0
[SYSCALL] regs=0x00125fb4 regs->eax=11 ret=0
[SYSCALL] regs=0x00125fb4 regs->eax=11 ret=0
[SYSCALL] regs=0x00125fb4 regs->eax=11 ret=0
[SYSCALL] regs=0x00125fb4 regs->eax=11 ret=0
[SYSCALL] regs=0x00125fb4 regs->eax=11 ret=0
[SYSCALL] regs=0x00125fb4 regs->eax=11 ret=0
[SYSCALL] regs=0x00125fb4 regs->eax=11 ret=0
[SYSCALL] regs=0x00125fb4 regs->eax=11 ret=0
[SYSCALL] regs=0x00125fb4 regs->eax=11 ret=0
[SYSCALL] regs=0x00125fb4 regs->eax=11 ret=0
[SYSCALL] regs=0x00125fb4 regs->eax=11 ret=0
[SYSCALL] regs=0x00125fb4 regs->eax=11 ret=0
[SYSCALL] regs=0x00125fb4 regs->eax=11 ret=0
[SYSCALL] regs=0x00125fb4 regs->eax=11 ret=0
[SYSCALL] regs=0x00125fb4 regs->eax=11 ret=0
[SYSCALL] regs=0x00125fb4 regs->eax=11 ret=0
[SYSCALL] regs=0x00125fb4 regs->eax=11 ret=0
[SYSCALL] regs=0x00125fb4 regs->eax=11 ret=0
[SYSCALL] regs=0x00125fb4 regs->eax=11 ret=0
[SYSCALL] regs=0x00125fb4 regs->eax=11 ret=0
[SYSCALL] regs=0x00125fb4 regs->eax=11 ret=0
[SYSCALL] regs=0x00125fb4 regs->eax=11 ret=0
[SYSCALL] regs=0x00125fb4 regs->eax=11 ret=0
[SYSCALL] regs=0x00125fb4 regs->eax=11 ret=0
[SYSCALL] regs=0x00125fb4 regs->eax=11 ret=0
[SYSCALL] regs=0x00125fb4 regs->eax=11 ret=0
[SYSCALL] regs=0x00125fb4 regs->eax=11 ret=0
[SYSCALL] regs=0x00125fb4 regs->eax=11 ret=0
[SYSCALL] regs=0x00125fb4 regs->eax=11 ret=0
[SYSCALL] regs=0x00125fb4 regs->eax=11 ret=0
[SYSCALL] regs=0x00125fb4 regs->eax=11 ret=0
[SYSCALL] regs=0x00125fb4 regs->eax=11 ret=0
[SYSCALL] regs=0x00125fb4 regs->eax=11 ret=0
[SYSCALL] regs=0x00125fb4 regs->eax=11 ret=0
[SYSCALL] regs=0x00125fb4 regs->eax=11 ret=0
[SYSCALL] regs=0x00125fb4 regs->eax=11 ret=0
[SYSCALL] regs=0x00125fb4 regs->eax=11 ret=0
[SYSCALL] regs=0x00125fb4 regs->eax=11 ret=0
[SYSCALL] regs=0x00125fb4 regs->eax=11 ret=0
[SYSCALL] regs=0x00125fb4 regs->eax=11 ret=0
[SYSCALL] regs=0x00125fb4 regs->eax=11 ret=0
[SYSCALL] regs=0x00125fb4 regs->eax=11 ret=0
[SYSCALL] regs=0x00125fb4 regs->eax=11 ret=0
[SYSCALL] regs=0x00125fb4 regs->eax=11 ret=0
[SYSCALL] regs=0x00125fb4 regs->eax=11 ret=0
[SYSCALL] regs=0x00125fb4 regs->eax=11 ret=0
[SYSCALL] regs=0x00125fb4 regs->eax=11 ret=0
[SYSCALL] regs=0x00125fb4 regs->eax=11 ret=0
[SYSCALL] regs=0x00125fb4 regs->eax=11 ret=0
[SYSCALL] regs=0x00125fb4 regs->eax=11 ret=0
[SYSCALL] regs=0x00125fb4 regs->eax=11 ret=0
[SYSCALL] regs=0x00125fb4 regs->eax=11 ret=0
[SYSCALL] regs=0x00125fb4 regs->eax=11 ret=0
[SYSCALL] regs=0x00125fb4 regs->eax=11 ret=0
[SYSCALL] regs=0x00125fb4 regs->eax=11 ret=0
[SYSCALL] regs=0x00125fb4 regs->eax=11 ret=0
[SYSCALL] regs=0x00125fb4 regs->eax=11 ret=0
[SYSCALL] regs=0x00125fb4 regs->eax=11 ret=0
[SYSCALL] regs=0x00125fb4 regs->eax=11 ret=0
[SYSCALL] regs=0x00125fb4 regs->eax=11 ret=0
[SYSCALL] regs=0x00125fb4 regs->eax=11 ret=0
[SYSCALL] regs=0x00125fb4 regs->eax=11 ret=0
[SYSCALL] regs=0x00125fb4 regs->eax=11 ret=0
[SYSCALL] regs=0x00125fb4 regs->eax=11 ret=0
[SYSCALL] regs=0x00125fb4 regs->eax=11 ret=0
[SYSCALL] regs=0x00125fb4 regs->eax=11 ret=0
[SYSCALL] regs=0x00125fb4 regs->eax=11 ret=0
[SYSCALL] regs=0x00125fb4 regs->eax=11 ret=0
[SYSCALL] regs=0x00125fb4 regs->eax=11 ret=0
[SYSCALL] regs=0x00125fb4 regs->eax=11 ret=0
[SYSCALL] regs=0x00125fb4 regs->eax=11 ret=0
[SYSCALL] regs=0x00125fb4 regs->eax=11 ret=0
[SYSCALL] regs=0x00125fb4 regs->eax=11 ret=0
[SYSCALL] regs=0x00125fb4 regs->eax=11 ret=0
[SYSCALL] regs=0x00125fb4 regs->eax=11 ret=0
[SYSCALL] regs=0x00125fb4 regs->eax=11 ret=0
[SYSCALL] regs=0x00125fb4 regs->eax=11 ret=0
[SYSCALL] regs=0x00125fb4 regs->eax=11 ret=0
[SYSCALL] regs=0x00125fb4 regs->eax=11 ret=0
[SYSCALL] regs=0x00125fb4 regs->eax=11 ret=0
[SYSCALL] regs=0x00125fb4 regs->eax=11 ret=0
[SYSCALL] regs=0x00125fb4 regs->eax=11 ret=0
[SYSCALL] regs=0x00125fb4 regs->eax=11 ret=0
[SYSCALL] regs=0x00125fb4 regs->eax=11 ret=0
[SYSCALL] regs=0x00125fb4 regs->eax=11 ret=0
[SYSCALL] regs=0x00125fb4 regs->eax=11 ret=0
[SYSCALL] regs=0x00125fb4 regs->eax=11 ret=0
[SYSCALL] regs=0x00125fb4 regs->eax=11 ret=0
[SYSCALL] regs=0x00125fb4 regs->eax=11 ret=0
[SYSCALL] regs=0x00125fb4 regs->eax=11 ret=0
[SYSCALL] regs=0x00125fb4 regs->eax=11 ret=0
[SYSCALL] regs=0x00125fb4 regs->eax=11 ret=0
[SYSCALL] regs=0x00125fb4 regs->eax=11 ret=0
[SYSCALL] regs=0x00125fb4 regs->eax=11 ret=0
[SYSCALL] regs=0x00125fb4 regs->eax=11 ret=0
[SYSCALL] regs=0x00125fb4 regs->eax=11 ret=0
[SYSCALL] regs=0x00125fb4 regs->eax=11 ret=0
[SYSCALL] regs=0x00125fb4 regs->eax=11 ret=0
[SYSCALL] regs=0x00125fb4 regs->eax=11 ret=0
[SYSCALL] regs=0x00125fb4 regs->eax=11 ret=0
[SYSCALL] regs=0x00125fb4 regs->eax=11 ret=0
[SYSCALL] regs=0x00125fb4 regs->eax=11 ret=0
[SYSCALL] regs=0x00125fb4 regs->eax=11 ret=0
[SYSCALL] regs=0x00125fb4 regs->eax=11 ret=0
[SYSCALL] regs=0x00125fb4 regs->eax=11 ret=0
[SYSCALL] regs=0x00125fb4 regs->eax=11 ret=0
[SYSCALL] regs=0x00125fb4 regs->eax=11 ret=0
[SYSCALL] regs=0x00125fb4 regs->eax=11 ret=0
[SYSCALL] regs=0x00125fb4 regs->eax=11 ret=0
[SYSCALL] regs=0x00125fb4 regs->eax=11 ret=0
[SYSCALL] regs=0x00125fb4 regs->eax=11 ret=0
[SYSCALL] regs=0x00125fb4 regs->eax=11 ret=0
[SYSCALL] regs=0x00125fb4 regs->eax=11 ret=0
[SYSCALL] regs=0x00125fb4 regs->eax=11 ret=0
[SYSCALL] regs=0x00125fb4 regs->eax=11 ret=0
[SYSCALL] regs=0x00125fb4 regs->eax=11 ret=0
[SYSCALL] regs=0x00125fb4 regs->eax=11 ret=0
[SYSCALL] regs=0x00125fb4 regs->eax=11 ret=0
[SYSCALL] regs=0x00125fb4 regs->eax=11 ret=0
[SYSCALL] regs=0x00125fb4 regs->eax=11 ret=0
[SYSCALL] regs=0x00125fb4 regs->eax=11 ret=0
[SYSCALL] regs=0x00125fb4 regs->eax=11 ret=0
[SYSCALL] regs=0x00125fb4 regs->eax=11 ret=0
[SYSCALL] regs=0x00125fb4 regs->eax=11 ret=0
[SYSCALL] regs=0x00125fb4 regs->eax=11 ret=0
[SYSCALL] regs=0x00125fb4 regs->eax=11 ret=0
[SYSCALL] regs=0x00125fb4 regs->eax=11 ret=0
[SYSCALL] regs=0x00125fb4 regs->eax=11 ret=0
[SYSCALL] regs=0x00125fb4 regs->eax=11 ret=0
[SYSCALL] regs=0x00125fb4 regs->eax=11 ret=0
[SYSCALL] regs=0x00125fb4 regs->eax=11 ret=0
[SYSCALL] regs=0x00125fb4 regs->eax=11 ret=0
[SYSCALL] regs=0x00125fb4 regs->eax=11 ret=0
[SYSCALL] regs=0x00125fb4 regs->eax=11 ret=0
[SYSCALL] regs=0x00125fb4 regs->eax=11 ret=0
[SYSCALL] regs=0x00125fb4 regs->eax=11 ret=0
[SYSCALL] regs=0x00125fb4 regs->eax=11 ret=0
[SYSCALL] regs=0x00125fb4 regs->eax=11 ret=0
[SYSCALL] regs=0x00125fb4 regs->eax=11 ret=0
[SYSCALL] regs=0x00125fb4 regs->eax=11 ret=0
[SYSCALL] regs=0x00125fb4 regs->eax=11 ret=0
[SYSCALL] regs=0x00125fb4 regs->eax=11 ret=0
[SYSCALL] regs=0x00125fb4 regs->eax=11 ret=0
[SYSCALL] regs=0x00125fb4 regs->eax=11 ret=0
[SYSCALL] regs=0x00125fb4 regs->eax=11 ret=0
[SYSCALL] regs=0x00125fb4 regs->eax=11 ret=0
[SYSCALL] regs=0x00125fb4 regs->eax=11 ret=0
[SYSCALL] regs=0x00125fb4 regs->eax=11 ret=0
[SYSCALL] regs=0x00125fb4 regs->eax=11 ret=0
[SYSCALL] regs=0x00125fb4 regs->eax=11 ret=0
[SYSCALL] regs=0x00125fb4 regs->eax=11 ret=0
[SYSCALL] regs=0x00125fb4 regs->eax=11 ret=0
[SYSCALL] regs=0x00125fb4 regs->eax=11 ret=0
[SYSCALL] regs=0x00125fb4 regs->eax=11 ret=0
[SYSCALL] regs=0x00125fb4 regs->eax=11 ret=0
[SYSCALL] regs=0x00125fb4 regs->eax=11 ret=0
[SYSCALL] regs=0x00125fb4 regs->eax=11 ret=0
[SYSCALL] regs=0x00125fb4 regs->eax=11 ret=0
[SYSCALL] regs=0x00125fb4 regs->eax=11 ret=0
[SYSCALL] regs=0x00125fb4 regs->eax=11 ret=0
[SYSCALL] regs=0x00125fb4 regs->eax=11 ret=0
[SYSCALL] regs=0x00125fb4 regs->eax=11 ret=0
[SYSCALL] regs=0x00125fb4 regs->eax=11 ret=0
[SYSCALL] regs=0x00125fb4 regs->eax=11 ret=0
[SYSCALL] regs=0x00125fb4 regs->eax=11 ret=0
[SYSCALL] regs=0x00125fb4 regs->eax=11 ret=0
[SYSCALL] regs=0x00125fb4 regs->eax=11 ret=0
[SYSCALL] regs=0x00125fb4 regs->eax=11 ret=0
[SYSCALL] regs=0x00125fb4 regs->eax=11 ret=0
[SYSCALL] regs=0x00125fb4 regs->eax=11 ret=0
[SYSCALL] regs=0x00125fb4 regs->eax=11 ret=0
[SYSCALL] regs=0x00125fb4 regs->eax=11 ret=0
[SYSCALL] regs=0x00125fb4 regs->eax=11 ret=0
[SYSCALL] regs=0x00125fb4 regs->eax=11 ret=0
[SYSCALL] regs=0x00125fb4 regs->eax=11 ret=0
[SYSCALL] regs=0x00125fb4 regs->eax=11 ret=0
[SYSCALL] regs=0x00125fb4 regs->eax=11 ret=0
[SYSCALL] regs=0x00125fb4 regs->eax=11 ret=0
[SYSCALL] regs=0x00125fb4 regs->eax=11 ret=0
[SYSCALL] regs=0x00125fb4 regs->eax=11 ret=0
[SYSCALL] regs=0x00125fb4 regs->eax=11 ret=0
[SYSCALL] regs=0x00125fb4 regs->eax=11 ret=0
[SYSCALL] regs=0x00125fb4 regs->eax=11 ret=0
[SYSCALL] regs=0x00125fb4 regs->eax=11 ret=0
[SYSCALL] regs=0x00125fb4 regs->eax=11 ret=0
[SYSCALL] regs=0x00125fb4 regs->eax=11 ret=0
[SYSCALL] regs=0x00125fb4 regs->eax=11 ret=0
[SYSCALL] regs=0x00125fb4 regs->eax=11 ret=0
[SYSCALL] regs=0x00125fb4 regs->eax=11 ret=0
[SYSCALL] regs=0x00125fb4 regs->eax=11 ret=0
[SYSCALL] regs=0x00125fb4 regs->eax=11 ret=0
[SYSCALL] regs=0x00125fb4 regs->eax=11 ret=0
[SYSCALL] regs=0x00125fb4 regs->eax=11 ret=0
[SYSCALL] regs=0x00125fb4 regs->eax=11 ret=0
[SYSCALL] regs=0x00125fb4 regs->eax=11 ret=0
[SYSCALL] regs=0x00125fb4 regs->eax=11 ret=0
[SYSCALL] regs=0x00125fb4 regs->eax=11 ret=0
[SYSCALL] regs=0x00125fb4 regs->eax=11 ret=0
[SYSCALL] regs=0x00125fb4 regs->eax=11 ret=0
[SYSCALL] regs=0x00125fb4 regs->eax=11 ret=0
[SYSCALL] regs=0x00125fb4 regs->eax=11 ret=0
[SYSCALL] regs=0x00125fb4 regs->eax=11 ret=0
[SYSCALL] regs=0x00125fb4 regs->eax=11 ret=0
[SYSCALL] regs=0x00125fb4 regs->eax=11 ret=0
[SYSCALL] regs=0x00125fb4 regs->eax=11 ret=0
[SYSCALL] regs=0x00125fb4 regs->eax=11 ret=0
[SYSCALL] regs=0x00125fb4 regs->eax=11 ret=0
[SYSCALL] regs=0x00125fb4 regs->eax=11 ret=0
[SYSCALL] regs=0x00125fb4 regs->eax=11 ret=0
[SYSCALL] regs=0x00125fb4 regs->eax=11 ret=0
[SYSCALL] regs=0x00125fb4 regs->eax=11 ret=0
[SYSCALL] regs=0x00125fb4 regs->eax=11 ret=0
[SYSCALL] regs=0x00125fb4 regs->eax=11 ret=0
[SYSCALL] regs=0x00125fb4 regs->eax=11 ret=0
[SYSCALL] regs=0x00125fb4 regs->eax=11 ret=0
[SYSCALL] regs=0x00125fb4 regs->eax=11 ret=1
[SYSCALL] regs=0x00125fb4 regs->eax=12 ret=1
[SYSCALL] regs=0x00125fb4 regs->eax=11 ret=0
[SYSCALL] regs=0x00125fb4 regs->eax=11 ret=0
[SYSCALL] regs=0x00125fb4 regs->eax=11 ret=0
[SYSCALL] regs=0x00125fb4 regs->eax=11 ret=0
[SYSCALL] regs=0x00125fb4 regs->eax=11 ret=0
[SYSCALL] regs=0x00125fb4 regs->eax=11 ret=0
[SYSCALL] regs=0x00125fb4 regs->eax=11 ret=0
[SYSCALL] regs=0x00125fb4 regs->eax=11 ret=0
[SYSCALL] regs=0x00125fb4 regs->eax=11 ret=0
[SYSCALL] regs=0x00125fb4 regs->eax=11 ret=0
[SYSCALL] regs=0x00125fb4 regs->eax=11 ret=0
[SYSCALL] regs=0x00125fb4 regs->eax=11 ret=0
[SYSCALL] regs=0x00125fb4 regs->eax=11 ret=0
[SYSCALL] regs=0x00125fb4 regs->eax=11 ret=0
[SYSCALL] regs=0x00125fb4 regs->eax=11 ret=0
[SYSCALL] regs=0x00125fb4 regs->eax=11 ret=0
[SYSCALL] regs=0x00125fb4 regs->eax=11 ret=0
[SYSCALL] regs=0x00125fb4 regs->eax=11 ret=0
[SYSCALL] regs=0x00125fb4 regs->eax=11 ret=0
[SYSCALL] regs=0x00125fb4 regs->eax=11 ret=0
[SYSCALL] regs=0x00125fb4 regs->eax=11 ret=0
[SYSCALL] regs=0x00125fb4 regs->eax=11 ret=0
[SYSCALL] regs=0x00125fb4 regs->eax=11 ret=0
[SYSCALL] regs=0x00125fb4 regs->eax=11 ret=0
[SYSCALL] regs=0x00125fb4 regs->eax=11 ret=0
[SYSCALL] regs=0x00125fb4 regs->eax=11 ret=0
[SYSCALL] regs=0x00125fb4 regs->eax=11 ret=0
[SYSCALL] regs=0x00125fb4 regs->eax=11 ret=0
[SYSCALL] regs=0x00125fb4 regs->eax=11 ret=0
[SYSCALL] regs=0x00125fb4 regs->eax=11 ret=0
[SYSCALL] regs=0x00125fb4 regs->eax=11 ret=0
[SYSCALL] regs=0x00125fb4 regs->eax=11 ret=0
[SYSCALL] regs=0x00125fb4 regs->eax=11 ret=0
[SYSCALL] regs=0x00125fb4 regs->eax=11 ret=0
[SYSCALL] regs=0x00125fb4 regs->eax=11 ret=0
[SYSCALL] regs=0x00125fb4 regs->eax=11 ret=0
[SYSCALL] regs=0x00125fb4 regs->eax=11 ret=0
[SYSCALL] regs=0x00125fb4 regs->eax=11 ret=0
[SYSCALL] regs=0x00125fb4 regs->eax=11 ret=0
[SYSCALL] regs=0x00125fb4 regs->eax=11 ret=0
[SYSCALL] regs=0x00125fb4 regs->eax=11 ret=0
[SYSCALL] regs=0x00125fb4 regs->eax=11 ret=0
[SYSCALL] regs=0x00125fb4 regs->eax=11 ret=0
[SYSCALL] regs=0x00125fb4 regs->eax=11 ret=0
[SYSCALL] regs=0x00125fb4 regs->eax=11 ret=0
[SYSCALL] regs=0x00125fb4 regs->eax=11 ret=0
[SYSCALL] regs=0x00125fb4 regs->eax=11 ret=0
[SYSCALL] regs=0x00125fb4 regs->eax=11 ret=0
[SYSCALL] regs=0x00125fb4 regs->eax=11 ret=0
[SYSCALL] regs=0x00125fb4 regs->eax=11 ret=0
[SYSCALL] regs=0x00125fb4 regs->eax=11 ret=0
[SYSCALL] regs=0x00125fb4 regs->eax=11 ret=0
[SYSCALL] regs=0x00125fb4 regs->eax=11 ret=0
[SYSCALL] regs=0x00125fb4 regs->eax=11 ret=0
[SYSCALL] regs=0x00125fb4 regs->eax=11 ret=0
[SYSCALL] regs=0x00125fb4 regs->eax=11 ret=0
[SYSCALL] regs=0x00125fb4 regs->eax=11 ret=0
[SYSCALL] regs=0x00125fb4 regs->eax=11 ret=0
[SYSCALL] regs=0x00125fb4 regs->eax=11 ret=0
[SYSCALL] regs=0x00125fb4 regs->eax=11 ret=0
[SYSCALL] regs=0x00125fb4 regs->eax=11 ret=0
[SYSCALL] regs=0x00125fb4 regs->eax=11 ret=0
[SYSCALL] regs=0x00125fb4 regs->eax=11 ret=0
[SYSCALL] regs=0x00125fb4 regs->eax=11 ret=0
[SYSCALL] regs=0x00125fb4 regs->eax=11 ret=0
[SYSCALL] regs=0x00125fb4 regs->eax=11 ret=0
[SYSCALL] regs=0x00125fb4 regs->eax=11 ret=0
[SYSCALL] regs=0x00125fb4 regs->eax=11 ret=0
[SYSCALL] regs=0x00125fb4 regs->eax=11 ret=0
[SYSCALL] regs=0x00125fb4 regs->eax=11 ret=0
[SYSCALL] regs=0x00125fb4 regs->eax=11 ret=0
[SYSCALL] regs=0x00125fb4 regs->eax=11 ret=0
[SYSCALL] regs=0x00125fb4 regs->eax=11 ret=0
[SYSCALL] regs=0x00125fb4 regs->eax=11 ret=0
[SYSCALL] regs=0x00125fb4 regs->eax=11 ret=0
[SYSCALL] regs=0x00125fb4 regs->eax=11 ret=0
[SYSCALL] regs=0x00125fb4 regs->eax=11 ret=0
[SYSCALL] regs=0x00125fb4 regs->eax=11 ret=0
[SYSCALL] regs=0x00125fb4 regs->eax=11 ret=0
[SYSCALL] regs=0x00125fb4 regs->eax=11 ret=0
[SYSCALL] regs=0x00125fb4 regs->eax=11 ret=0
[SYSCALL] regs=0x00125fb4 regs->eax=11 ret=0
[SYSCALL] regs=0x00125fb4 regs->eax=11 ret=0
[SYSCALL] regs=0x00125fb4 regs->eax=11 ret=0
[SYSCALL] regs=0x00125fb4 regs->eax=11 ret=0
[SYSCALL] regs=0x00125fb4 regs->eax=11 ret=0
[SYSCALL] regs=0x00125fb4 regs->eax=11 ret=0
[SYSCALL] regs=0x00125fb4 regs->eax=11 ret=0
[SYSCALL] regs=0x00125fb4 regs->eax=11 ret=0
[SYSCALL] regs=0x00125fb4 regs->eax=11 ret=0
[SYSCALL] regs=0x00125fb4 regs->eax=11 ret=0
[SYSCALL] regs=0x00125fb4 regs->eax=11 ret=0
[SYSCALL] regs=0x00125fb4 regs->eax=11 ret=0
[SYSCALL] regs=0x00125fb4 regs->eax=11 ret=0
[SYSCALL] regs=0x00125fb4 regs->eax=11 ret=0
[SYSCALL] regs=0x00125fb4 regs->eax=11 ret=0
[SYSCALL] regs=0x00125fb4 regs->eax=11 ret=0
[SYSCALL] regs=0x00125fb4 regs->eax=11 ret=1
[SYSCALL] regs=0x00125fb4 regs->eax=12 ret=1
[SYSCALL] regs=0x00125fb4 regs->eax=11 ret=0
[SYSCALL] regs=0x00125fb4 regs->eax=11 ret=0
[SYSCALL] regs=0x00125fb4 regs->eax=11 ret=0
[SYSCALL] regs=0x00125fb4 regs->eax=11 ret=0
[SYSCALL] regs=0x00125fb4 regs->eax=11 ret=0
[SYSCALL] regs=0x00125fb4 regs->eax=11 ret=0
[SYSCALL] regs=0x00125fb4 regs->eax=11 ret=0
[SYSCALL] regs=0x00125fb4 regs->eax=11 ret=0
[SYSCALL] regs=0x00125fb4 regs->eax=11 ret=0
[SYSCALL] regs=0x00125fb4 regs->eax=11 ret=0
[SYSCALL] regs=0x00125fb4 regs->eax=11 ret=0
[SYSCALL] regs=0x00125fb4 regs->eax=11 ret=0
[SYSCALL] regs=0x00125fb4 regs->eax=11 ret=0
[SYSCALL] regs=0x00125fb4 regs->eax=11 ret=0
[SYSCALL] regs=0x00125fb4 regs->eax=11 ret=0
[SYSCALL] regs=0x00125fb4 regs->eax=11 ret=0
[SYSCALL] regs=0x00125fb4 regs->eax=11 ret=0
[SYSCALL] regs=0x00125fb4 regs->eax=11 ret=0
[SYSCALL] regs=0x00125fb4 regs->eax=11 ret=0
[SYSCALL] regs=0x00125fb4 regs->eax=11 ret=0
[SYSCALL] regs=0x00125fb4 regs->eax=11 ret=0
[SYSCALL] regs=0x00125fb4 regs->eax=11 ret=0
[SYSCALL] regs=0x00125fb4 regs->eax=11 ret=0
[SYSCALL] regs=0x00125fb4 regs->eax=11 ret=0
[SYSCALL] regs=0x00125fb4 regs->eax=11 ret=0
[SYSCALL] regs=0x00125fb4 regs->eax=11 ret=0
[SYSCALL] regs=0x00125fb4 regs->eax=11 ret=0
[SYSCALL] regs=0x00125fb4 regs->eax=11 ret=0
[SYSCALL] regs=0x00125fb4 regs->eax=11 ret=0
[SYSCALL] regs=0x00125fb4 regs->eax=11 ret=0
[SYSCALL] regs=0x00125fb4 regs->eax=11 ret=0
[SYSCALL] regs=0x00125fb4 regs->eax=11 ret=0
[SYSCALL] regs=0x00125fb4 regs->eax=11 ret=0
[SYSCALL] regs=0x00125fb4 regs->eax=11 ret=0
[SYSCALL] regs=0x00125fb4 regs->eax=11 ret=0
[SYSCALL] regs=0x00125fb4 regs->eax=11 ret=0
[SYSCALL] regs=0x00125fb4 regs->eax=11 ret=0
[SYSCALL] regs=0x00125fb4 regs->eax=11 ret=0
[SYSCALL] regs=0x00125fb4 regs->eax=11 ret=0
[SYSCALL] regs=0x00125fb4 regs->eax=11 ret=0
[SYSCALL] regs=0x00125fb4 regs->eax=11 ret=0
[SYSCALL] regs=0x00125fb4 regs->eax=11 ret=0
[SYSCALL] regs=0x00125fb4 regs->eax=11 ret=0
[SYSCALL] regs=0x00125fb4 regs->eax=11 ret=0
[SYSCALL] regs=0x00125fb4 regs->eax=11 ret=0
[SYSCALL] regs=0x00125fb4 regs->eax=11 ret=0
[SYSCALL] regs=0x00125fb4 regs->eax=11 ret=0
[SYSCALL] regs=0x00125fb4 regs->eax=11 ret=0
[SYSCALL] regs=0x00125fb4 regs->eax=11 ret=0
[SYSCALL] regs=0x00125fb4 regs->eax=11 ret=0
[SYSCALL] regs=0x00125fb4 regs->eax=11 ret=0
[SYSCALL] regs=0x00125fb4 regs->eax=11 ret=0
[SYSCALL] regs=0x00125fb4 regs->eax=11 ret=0
[SYSCALL] regs=0x00125fb4 regs->eax=11 ret=0
[SYSCALL] regs=0x00125fb4 regs->eax=11 ret=0
[SYSCALL] regs=0x00125fb4 regs->eax=11 ret=0
[SYSCALL] regs=0x00125fb4 regs->eax=11 ret=0
[SYSCALL] regs=0x00125fb4 regs->eax=11 ret=0
[SYSCALL] regs=0x00125fb4 regs->eax=11 ret=0
[SYSCALL] regs=0x00125fb4 regs->eax=11 ret=0
[SYSCALL] regs=0x00125fb4 regs->eax=11 ret=0
[SYSCALL] regs=0x00125fb4 regs->eax=11 ret=0
[SYSCALL] regs=0x00125fb4 regs->eax=11 ret=0
[SYSCALL] regs=0x00125fb4 regs->eax=11 ret=0
[SYSCALL] regs=0x00125fb4 regs->eax=11 ret=0
[SYSCALL] regs=0x00125fb4 regs->eax=11 ret=0
[SYSCALL] regs=0x00125fb4 regs->eax=11 ret=0
[SYSCALL] regs=0x00125fb4 regs->eax=11 ret=0
[SYSCALL] regs=0x00125fb4 regs->eax=11 ret=0
[SYSCALL] regs=0x00125fb4 regs->eax=11 ret=0
[SYSCALL] regs=0x00125fb4 regs->eax=11 ret=0
[SYSCALL] regs=0x00125fb4 regs->eax=11 ret=0
[SYSCALL] regs=0x00125fb4 regs->eax=11 ret=0
[SYSCALL] regs=0x00125fb4 regs->eax=11 ret=0
[SYSCALL] regs=0x00125fb4 regs->eax=11 ret=0
[SYSCALL] regs=0x00125fb4 regs->eax=11 ret=0
[SYSCALL] regs=0x00125fb4 regs->eax=11 ret=0
[SYSCALL] regs=0x00125fb4 regs->eax=11 ret=0
[SYSCALL] regs=0x00125fb4 regs->eax=11 ret=0
[SYSCALL] regs=0x00125fb4 regs->eax=11 ret=0
[SYSCALL] regs=0x00125fb4 regs->eax=11 ret=0
[SYSCALL] regs=0x00125fb4 regs->eax=11 ret=0
[SYSCALL] regs=0x00125fb4 regs->eax=11 ret=0
[SYSCALL] regs=0x00125fb4 regs->eax=11 ret=0
[SYSCALL] regs=0x00125fb4 regs->eax=11 ret=0
[SYSCALL] regs=0x00125fb4 regs->eax=11 ret=0
[SYSCALL] regs=0x00125fb4 regs->eax=11 ret=0
[SYSCALL] regs=0x00125fb4 regs->eax=11 ret=0
[SYSCALL] regs=0x00125fb4 regs->eax=11 ret=0
[SYSCALL] regs=0x00125fb4 regs->eax=11 ret=0
[SYSCALL] regs=0x00125fb4 regs->eax=11 ret=0
[SYSCALL] regs=0x00125fb4 regs->eax=11 ret=0
[SYSCALL] regs=0x00125fb4 regs->eax=11 ret=0
[SYSCALL] regs=0x00125fb4 regs->eax=11 ret=0
[SYSCALL] regs=0x00125fb4 regs->eax=11 ret=0
[SYSCALL] regs=0x00125fb4 regs->eax=11 ret=0
[SYSCALL] regs=0x00125fb4 regs->eax=11 ret=0
[SYSCALL] regs=0x00125fb4 regs->eax=11 ret=0
[SYSCALL] regs=0x00125fb4 regs->eax=11 ret=0
[SYSCALL] regs=0x00125fb4 regs->eax=11 ret=0
[SYSCALL] regs=0x00125fb4 regs->eax=11 ret=0
[SYSCALL] regs=0x00125fb4 regs->eax=11 ret=0
[SYSCALL] regs=0x00125fb4 regs->eax=11 ret=0
[SYSCALL] regs=0x00125fb4 regs->eax=11 ret=0
[SYSCALL] regs=0x00125fb4 regs->eax=11 ret=0
[SYSCALL] regs=0x00125fb4 regs->eax=11 ret=0
[SYSCALL] regs=0x00125fb4 regs->eax=11 ret=0
[SYSCALL] regs=0x00125fb4 regs->eax=11 ret=0
[SYSCALL] regs=0x00125fb4 regs->eax=11 ret=0
[SYSCALL] regs=0x00125fb4 regs->eax=11 ret=0
[SYSCALL] regs=0x00125fb4 regs->eax=11 ret=0
[SYSCALL] regs=0x00125fb4 regs->eax=11 ret=0
[SYSCALL] regs=0x00125fb4 regs->eax=11 ret=0
[SYSCALL] regs=0x00125fb4 regs->eax=11 ret=0
[SYSCALL] regs=0x00125fb4 regs->eax=11 ret=0
[SYSCALL] regs=0x00125fb4 regs->eax=11 ret=0
[SYSCALL] regs=0x00125fb4 regs->eax=11 ret=0
[SYSCALL] regs=0x00125fb4 regs->eax=11 ret=0
[SYSCALL] regs=0x00125fb4 regs->eax=11 ret=0
[SYSCALL] regs=0x00125fb4 regs->eax=11 ret=1
[SYSCALL] regs=0x00125fb4 regs->eax=12 ret=1
[SYSCALL] regs=0x00125fb4 regs->eax=11 ret=0
[SYSCALL] regs=0x00125fb4 regs->eax=11 ret=0
[SYSCALL] regs=0x00125fb4 regs->eax=11 ret=0
[SYSCALL] regs=0x00125fb4 regs->eax=11 ret=0
[SYSCALL] regs=0x00125fb4 regs->eax=11 ret=0
[SYSCALL] regs=0x00125fb4 regs->eax=11 ret=0
[SYSCALL] regs=0x00125fb4 regs->eax=11 ret=0
[SYSCALL] regs=0x00125fb4 regs->eax=11 ret=0
[SYSCALL] regs=0x00125fb4 regs->eax=11 ret=0
[SYSCALL] regs=0x00125fb4 regs->eax=11 ret=0
[SYSCALL] regs=0x00125fb4 regs->eax=11 ret=0
[SYSCALL] regs=0x00125fb4 regs->eax=11 ret=0
[SYSCALL] regs=0x00125fb4 regs->eax=11 ret=0
[SYSCALL] regs=0x00125fb4 regs->eax=11 ret=0
[SYSCALL] regs=0x00125fb4 regs->eax=11 ret=0
[SYSCALL] regs=0x00125fb4 regs->eax=11 ret=0
[SYSCALL] regs=0x00125fb4 regs->eax=11 ret=0
[SYSCALL] regs=0x00125fb4 regs->eax=11 ret=0
[SYSCALL] regs=0x00125fb4 regs->eax=11 ret=0
[SYSCALL] regs=0x00125fb4 regs->eax=11 ret=0
[SYSCALL] regs=0x00125fb4 regs->eax=11 ret=0
[SYSCALL] regs=0x00125fb4 regs->eax=11 ret=0
[SYSCALL] regs=0x00125fb4 regs->eax=11 ret=0
[SYSCALL] regs=0x00125fb4 regs->eax=11 ret=0
[SYSCALL] regs=0x00125fb4 regs->eax=11 ret=0
[SYSCALL] regs=0x00125fb4 regs->eax=11 ret=0
[SYSCALL] regs=0x00125fb4 regs->eax=11 ret=0
[SYSCALL] regs=0x00125fb4 regs->eax=11 ret=0
[SYSCALL] regs=0x00125fb4 regs->eax=11 ret=0
[SYSCALL] regs=0x00125fb4 regs->eax=11 ret=0
[SYSCALL] regs=0x00125fb4 regs->eax=11 ret=0
[SYSCALL] regs=0x00125fb4 regs->eax=11 ret=0
[SYSCALL] regs=0x00125fb4 regs->eax=11 ret=0
[SYSCALL] regs=0x00125fb4 regs->eax=11 ret=0
[SYSCALL] regs=0x00125fb4 regs->eax=11 ret=0
[SYSCALL] regs=0x00125fb4 regs->eax=11 ret=0
[SYSCALL] regs=0x00125fb4 regs->eax=11 ret=0
[SYSCALL] regs=0x00125fb4 regs->eax=11 ret=0
[SYSCALL] regs=0x00125fb4 regs->eax=11 ret=0
[SYSCALL] regs=0x00125fb4 regs->eax=11 ret=0
[SYSCALL] regs=0x00125fb4 regs->eax=11 ret=0
[SYSCALL] regs=0x00125fb4 regs->eax=11 ret=0
[SYSCALL] regs=0x00125fb4 regs->eax=11 ret=0
[SYSCALL] regs=0x00125fb4 regs->eax=11 ret=0
[SYSCALL] regs=0x00125fb4 regs->eax=11 ret=0
[SYSCALL] regs=0x00125fb4 regs->eax=11 ret=0
[SYSCALL] regs=0x00125fb4 regs->eax=11 ret=0
[SYSCALL] regs=0x00125fb4 regs->eax=11 ret=0
[SYSCALL] regs=0x00125fb4 regs->eax=11 ret=0
[SYSCALL] regs=0x00125fb4 regs->eax=11 ret=0
[SYSCALL] regs=0x00125fb4 regs->eax=11 ret=0
[SYSCALL] regs=0x00125fb4 regs->eax=11 ret=0
[SYSCALL] regs=0x00125fb4 regs->eax=11 ret=0
[SYSCALL] regs=0x00125fb4 regs->eax=11 ret=0
[SYSCALL] regs=0x00125fb4 regs->eax=11 ret=0
[SYSCALL] regs=0x00125fb4 regs->eax=11 ret=0
[SYSCALL] regs=0x00125fb4 regs->eax=11 ret=0
[SYSCALL] regs=0x00125fb4 regs->eax=11 ret=0
[SYSCALL] regs=0x00125fb4 regs->eax=11 ret=0
[SYSCALL] regs=0x00125fb4 regs->eax=11 ret=0
[SYSCALL] regs=0x00125fb4 regs->eax=11 ret=0
[SYSCALL] regs=0x00125fb4 regs->eax=11 ret=0
[SYSCALL] regs=0x00125fb4 regs->eax=11 ret=0
[SYSCALL] regs=0x00125fb4 regs->eax=11 ret=0
[SYSCALL] regs=0x00125fb4 regs->eax=11 ret=0
[SYSCALL] regs=0x00125fb4 regs->eax=11 ret=0
[SYSCALL] regs=0x00125fb4 regs->eax=11 ret=0
[SYSCALL] regs=0x00125fb4 regs->eax=11 ret=0
[SYSCALL] regs=0x00125fb4 regs->eax=11 ret=1
[SYSCALL] regs=0x00125fb4 regs->eax=12 ret=1
[SYSCALL] regs=0x00125fb4 regs->eax=11 ret=0
[SYSCALL] regs=0x00125fb4 regs->eax=11 ret=0
[SYSCALL] regs=0x00125fb4 regs->eax=11 ret=0
[SYSCALL] regs=0x00125fb4 regs->eax=11 ret=0
[SYSCALL] regs=0x00125fb4 regs->eax=11 ret=0
[SYSCALL] regs=0x00125fb4 regs->eax=11 ret=0
[SYSCALL] regs=0x00125fb4 regs->eax=11 ret=0
[SYSCALL] regs=0x00125fb4 regs->eax=11 ret=0
[SYSCALL] regs=0x00125fb4 regs->eax=11 ret=0
[SYSCALL] regs=0x00125fb4 regs->eax=11 ret=0
[SYSCALL] regs=0x00125fb4 regs->eax=11 ret=0
[SYSCALL] regs=0x00125fb4 regs->eax=11 ret=0
[SYSCALL] regs=0x00125fb4 regs->eax=11 ret=0
[SYSCALL] regs=0x00125fb4 regs->eax=11 ret=0
[SYSCALL] regs=0x00125fb4 regs->eax=11 ret=0
[SYSCALL] regs=0x00125fb4 regs->eax=11 ret=0
[SYSCALL] regs=0x00125fb4 regs->eax=11 ret=0
[SYSCALL] regs=0x00125fb4 regs->eax=11 ret=0
[SYSCALL] regs=0x00125fb4 regs->eax=11 ret=0
[SYSCALL] regs=0x00125fb4 regs->eax=11 ret=0
[SYSCALL] regs=0x00125fb4 regs->eax=11 ret=0
[SYSCALL] regs=0x00125fb4 regs->eax=11 ret=0
[SYSCALL] regs=0x00125fb4 regs->eax=11 ret=0
[SYSCALL] regs=0x00125fb4 regs->eax=11 ret=0
[SYSCALL] regs=0x00125fb4 regs->eax=11 ret=0
[SYSCALL] regs=0x00125fb4 regs->eax=11 ret=0
[SYSCALL] regs=0x00125fb4 regs->eax=11 ret=0
[SYSCALL] regs=0x00125fb4 regs->eax=11 ret=0
[SYSCALL] regs=0x00125fb4 regs->eax=11 ret=0
[SYSCALL] regs=0x00125fb4 regs->eax=11 ret=0
[SYSCALL] regs=0x00125fb4 regs->eax=11 ret=0
[SYSCALL] regs=0x00125fb4 regs->eax=11 ret=0
[SYSCALL] regs=0x00125fb4 regs->eax=11 ret=0
[SYSCALL] regs=0x00125fb4 regs->eax=11 ret=0
[SYSCALL] regs=0x00125fb4 regs->eax=11 ret=0
[SYSCALL] regs=0x00125fb4 regs->eax=11 ret=0
[SYSCALL] regs=0x00125fb4 regs->eax=11 ret=0
[SYSCALL] regs=0x00125fb4 regs->eax=11 ret=0
[SYSCALL] regs=0x00125fb4 regs->eax=11 ret=0
[SYSCALL] regs=0x00125fb4 regs->eax=11 ret=0
[SYSCALL] regs=0x00125fb4 regs->eax=11 ret=0
[SYSCALL] regs=0x00125fb4 regs->eax=11 ret=0
[SYSCALL] regs=0x00125fb4 regs->eax=11 ret=0
[SYSCALL] regs=0x00125fb4 regs->eax=11 ret=0
[SYSCALL] regs=0x00125fb4 regs->eax=11 ret=0
[SYSCALL] regs=0x00125fb4 regs->eax=11 ret=0
[SYSCALL] regs=0x00125fb4 regs->eax=11 ret=0
[SYSCALL] regs=0x00125fb4 regs->eax=11 ret=0
[SYSCALL] regs=0x00125fb4 regs->eax=11 ret=0
[SYSCALL] regs=0x00125fb4 regs->eax=11 ret=0
[SYSCALL] regs=0x00125fb4 regs->eax=11 ret=0
[SYSCALL] regs=0x00125fb4 regs->eax=11 ret=0
[SYSCALL] regs=0x00125fb4 regs->eax=11 ret=0
[SYSCALL] regs=0x00125fb4 regs->eax=11 ret=0
[SYSCALL] regs=0x00125fb4 regs->eax=11 ret=0
[SYSCALL] regs=0x00125fb4 regs->eax=11 ret=0
[SYSCALL] regs=0x00125fb4 regs->eax=11 ret=0
[SYSCALL] regs=0x00125fb4 regs->eax=11 ret=0
[SYSCALL] regs=0x00125fb4 regs->eax=11 ret=0
[SYSCALL] regs=0x00125fb4 regs->eax=11 ret=0
[SYSCALL] regs=0x00125fb4 regs->eax=11 ret=0
[SYSCALL] regs=0x00125fb4 regs->eax=11 ret=0
[SYSCALL] regs=0x00125fb4 regs->eax=11 ret=0
[SYSCALL] regs=0x00125fb4 regs->eax=11 ret=0
[SYSCALL] regs=0x00125fb4 regs->eax=11 ret=0
[SYSCALL] regs=0x00125fb4 regs->eax=11 ret=0
[SYSCALL] regs=0x00125fb4 regs->eax=11 ret=0
[SYSCALL] regs=0x00125fb4 regs->eax=11 ret=0
[SYSCALL] regs=0x00125fb4 regs->eax=11 ret=0
[SYSCALL] regs=0x00125fb4 regs->eax=11 ret=0
[SYSCALL] regs=0x00125fb4 regs->eax=11 ret=0
[SYSCALL] regs=0x00125fb4 regs->eax=11 ret=0
[SYSCALL] regs=0x00125fb4 regs->eax=11 ret=0
[SYSCALL] regs=0x00125fb4 regs->eax=11 ret=0
[SYSCALL] regs=0x00125fb4 regs->eax=11 ret=0
[SYSCALL] regs=0x00125fb4 regs->eax=11 ret=0
[SYSCALL] regs=0x00125fb4 regs->eax=11 ret=0
[SYSCALL] regs=0x00125fb4 regs->eax=11 ret=0
[SYSCALL] regs=0x00125fb4 regs->eax=11 ret=0
[SYSCALL] regs=0x00125fb4 regs->eax=11 ret=0
[SYSCALL] regs=0x00125fb4 regs->eax=11 ret=0
[SYSCALL] regs=0x00125fb4 regs->eax=11 ret=0
[SYSCALL] regs=0x00125fb4 regs->eax=11 ret=0
[SYSCALL] regs=0x00125fb4 regs->eax=11 ret=0
[SYSCALL] regs=0x00125fb4 regs->eax=11 ret=0
[SYSCALL] regs=0x00125fb4 regs->eax=11 ret=0
[SYSCALL] regs=0x00125fb4 regs->eax=11 ret=0
[SYSCALL] regs=0x00125fb4 regs->eax=11 ret=0
[SYSCALL] regs=0x00125fb4 regs->eax=11 ret=0
[SYSCALL] regs=0x00125fb4 regs->eax=11 ret=0
[SYSCALL] regs=0x00125fb4 regs->eax=11 ret=0
[SYSCALL] regs=0x00125fb4 regs->eax=11 ret=0
[SYSCALL] regs=0x00125fb4 regs->eax=11 ret=0
[SYSCALL] regs=0x00125fb4 regs->eax=11 ret=0
[SYSCALL] regs=0x00125fb4 regs->eax=11 ret=0
[SYSCALL] regs=0x00125fb4 regs->eax=11 ret=0
[SYSCALL] regs=0x00125fb4 regs->eax=11 ret=0
[SYSCALL] regs=0x00125fb4 regs->eax=11 ret=0
[SYSCALL] regs=0x00125fb4 regs->eax=11 ret=0
[SYSCALL] regs=0x00125fb4 regs->eax=11 ret=0
[SYSCALL] regs=0x00125fb4 regs->eax=11 ret=0
[SYSCALL] regs=0x00125fb4 regs->eax=11 ret=0
[SYSCALL] regs=0x00125fb4 regs->eax=11 ret=0
[SYSCALL] regs=0x00125fb4 regs->eax=11 ret=0
[SYSCALL] regs=0x00125fb4 regs->eax=11 ret=0
[SYSCALL] regs=0x00125fb4 regs->eax=11 ret=0
[SYSCALL] regs=0x00125fb4 regs->eax=11 ret=0
[SYSCALL] regs=0x00125fb4 regs->eax=11 ret=0
[SYSCALL] regs=0x00125fb4 regs->eax=11 ret=0
[SYSCALL] regs=0x00125fb4 regs->eax=11 ret=0
[SYSCALL] regs=0x00125fb4 regs->eax=11 ret=0
[SYSCALL] regs=0x00125fb4 regs->eax=11 ret=0
[SYSCALL] regs=0x00125fb4 regs->eax=11 ret=0
[SYSCALL] regs=0x00125fb4 regs->eax=11 ret=0
[SYSCALL] regs=0x00125fb4 regs->eax=11 ret=0
[SYSCALL] regs=0x00125fb4 regs->eax=11 ret=0
[SYSCALL] regs=0x00125fb4 regs->eax=11 ret=0
[SYSCALL] regs=0x00125fb4 regs->eax=11 ret=0
[SYSCALL] regs=0x00125fb4 regs->eax=11 ret=0
[SYSCALL] regs=0x00125fb4 regs->eax=11 ret=0
[SYSCALL] regs=0x00125fb4 regs->eax=11 ret=0
[SYSCALL] regs=0x00125fb4 regs->eax=11 ret=0
[SYSCALL] regs=0x00125fb4 regs->eax=11 ret=0
[SYSCALL] regs=0x00125fb4 regs->eax=11 ret=0
[SYSCALL] regs=0x00125fb4 regs->eax=11 ret=0
[SYSCALL] regs=0x00125fb4 regs->eax=11 ret=0
[SYSCALL] regs=0x00125fb4 regs->eax=11 ret=0
[SYSCALL] regs=0x00125fb4 regs->eax=11 ret=0
[SYSCALL] regs=0x00125fb4 regs->eax=11 ret=0
[SYSCALL] regs=0x00125fb4 regs->eax=11 ret=0
[SYSCALL] regs=0x00125fb4 regs->eax=11 ret=0
[SYSCALL] regs=0x00125fb4 regs->eax=11 ret=0
[SYSCALL] regs=0x00125fb4 regs->eax=11 ret=0
[SYSCALL] regs=0x00125fb4 regs->eax=11 ret=0
[SYSCALL] regs=0x00125fb4 regs->eax=11 ret=0
[SYSCALL] regs=0x00125fb4 regs->eax=11 ret=0
[SYSCALL] regs=0x00125fb4 regs->eax=11 ret=0
[SYSCALL] regs=0x00125fb4 regs->eax=11 ret=1
[SYSCALL] regs=0x00125fb4 regs->eax=12 ret=1
[SYSCALL] regs=0x00125fb4 regs->eax=11 ret=0
[SYSCALL] regs=0x00125fb4 regs->eax=11 ret=0
[SYSCALL] regs=0x00125fb4 regs->eax=11 ret=0
[SYSCALL] regs=0x00125fb4 regs->eax=11 ret=0
[SYSCALL] regs=0x00125fb4 regs->eax=11 ret=0
[SYSCALL] regs=0x00125fb4 regs->eax=11 ret=0
[SYSCALL] regs=0x00125fb4 regs->eax=11 ret=0
[SYSCALL] regs=0x00125fb4 regs->eax=11 ret=0
[SYSCALL] regs=0x00125fb4 regs->eax=11 ret=0
[SYSCALL] regs=0x00125fb4 regs->eax=11 ret=0
[SYSCALL] regs=0x00125fb4 regs->eax=11 ret=0
[SYSCALL] regs=0x00125fb4 regs->eax=11 ret=0
[SYSCALL] regs=0x00125fb4 regs->eax=11 ret=0
[SYSCALL] regs=0x00125fb4 regs->eax=11 ret=0
[SYSCALL] regs=0x00125fb4 regs->eax=11 ret=0
[SYSCALL] regs=0x00125fb4 regs->eax=11 ret=0
[SYSCALL] regs=0x00125fb4 regs->eax=11 ret=0
[SYSCALL] regs=0x00125fb4 regs->eax=11 ret=0
[SYSCALL] regs=0x00125fb4 regs->eax=11 ret=0
[SYSCALL] regs=0x00125fb4 regs->eax=11 ret=0
[SYSCALL] regs=0x00125fb4 regs->eax=11 ret=0
[SYSCALL] regs=0x00125fb4 regs->eax=11 ret=0
[SYSCALL] regs=0x00125fb4 regs->eax=11 ret=0
[SYSCALL] regs=0x00125fb4 regs->eax=11 ret=0
[SYSCALL] regs=0x00125fb4 regs->eax=11 ret=0
[SYSCALL] regs=0x00125fb4 regs->eax=11 ret=0
[SYSCALL] regs=0x00125fb4 regs->eax=11 ret=0
[SYSCALL] regs=0x00125fb4 regs->eax=11 ret=0
[SYSCALL] regs=0x00125fb4 regs->eax=11 ret=0
[SYSCALL] regs=0x00125fb4 regs->eax=11 ret=0
[SYSCALL] regs=0x00125fb4 regs->eax=11 ret=0
[SYSCALL] regs=0x00125fb4 regs->eax=11 ret=0
[SYSCALL] regs=0x00125fb4 regs->eax=11 ret=0
[SYSCALL] regs=0x00125fb4 regs->eax=11 ret=0
[SYSCALL] regs=0x00125fb4 regs->eax=11 ret=0
[SYSCALL] regs=0x00125fb4 regs->eax=11 ret=0
[SYSCALL] regs=0x00125fb4 regs->eax=11 ret=0
[SYSCALL] regs=0x00125fb4 regs->eax=11 ret=0
[SYSCALL] regs=0x00125fb4 regs->eax=11 ret=0
[SYSCALL] regs=0x00125fb4 regs->eax=11 ret=0
[SYSCALL] regs=0x00125fb4 regs->eax=11 ret=0
[SYSCALL] regs=0x00125fb4 regs->eax=11 ret=0
[SYSCALL] regs=0x00125fb4 regs->eax=11 ret=0
[SYSCALL] regs=0x00125fb4 regs->eax=11 ret=0
[SYSCALL] regs=0x00125fb4 regs->eax=11 ret=0
[SYSCALL] regs=0x00125fb4 regs->eax=11 ret=0
[SYSCALL] regs=0x00125fb4 regs->eax=11 ret=0
[SYSCALL] regs=0x00125fb4 regs->eax=11 ret=0
[SYSCALL] regs=0x00125fb4 regs->eax=11 ret=0
[SYSCALL] regs=0x00125fb4 regs->eax=11 ret=0
[SYSCALL] regs=0x00125fb4 regs->eax=11 ret=0
[SYSCALL] regs=0x00125fb4 regs->eax=11 ret=0
[SYSCALL] regs=0x00125fb4 regs->eax=11 ret=0
[SYSCALL] regs=0x00125fb4 regs->eax=11 ret=0
[SYSCALL] regs=0x00125fb4 regs->eax=11 ret=0
[SYSCALL] regs=0x00125fb4 regs->eax=11 ret=0
[SYSCALL] regs=0x00125fb4 regs->eax=11 ret=0
[SYSCALL] regs=0x00125fb4 regs->eax=11 ret=0
[SYSCALL] regs=0x00125fb4 regs->eax=11 ret=0
[SYSCALL] regs=0x00125fb4 regs->eax=11 ret=1
[SYSCALL] regs=0x00125fb4 regs->eax=12 ret=1
[SYSCALL] regs=0x00125fb4 regs->eax=11 ret=0
[SYSCALL] regs=0x00125fb4 regs->eax=11 ret=0
[SYSCALL] regs=0x00125fb4 regs->eax=11 ret=0
[SYSCALL] regs=0x00125fb4 regs->eax=11 ret=0
[SYSCALL] regs=0x00125fb4 regs->eax=11 ret=0
[SYSCALL] regs=0x00125fb4 regs->eax=11 ret=0
[SYSCALL] regs=0x00125fb4 regs->eax=11 ret=0
[SYSCALL] regs=0x00125fb4 regs->eax=11 ret=0
[SYSCALL] regs=0x00125fb4 regs->eax=11 ret=0
[SYSCALL] regs=0x00125fb4 regs->eax=11 ret=0
[SYSCALL] regs=0x00125fb4 regs->eax=11 ret=0
[SYSCALL] regs=0x00125fb4 regs->eax=11 ret=0
[SYSCALL] regs=0x00125fb4 regs->eax=11 ret=0
[SYSCALL] regs=0x00125fb4 regs->eax=11 ret=0
[SYSCALL] regs=0x00125fb4 regs->eax=11 ret=0
[SYSCALL] regs=0x00125fb4 regs->eax=11 ret=0
[SYSCALL] regs=0x00125fb4 regs->eax=11 ret=0
[SYSCALL] regs=0x00125fb4 regs->eax=11 ret=0
[SYSCALL] regs=0x00125fb4 regs->eax=11 ret=0
[SYSCALL] regs=0x00125fb4 regs->eax=11 ret=0
[SYSCALL] regs=0x00125fb4 regs->eax=11 ret=0
[SYSCALL] regs=0x00125fb4 regs->eax=11 ret=0
[SYSCALL] regs=0x00125fb4 regs->eax=11 ret=0
[SYSCALL] regs=0x00125fb4 regs->eax=11 ret=0
[SYSCALL] regs=0x00125fb4 regs->eax=11 ret=0
[SYSCALL] regs=0x00125fb4 regs->eax=11 ret=0
[SYSCALL] regs=0x00125fb4 regs->eax=11 ret=0
[SYSCALL] regs=0x00125fb4 regs->eax=11 ret=0
[SYSCALL] regs=0x00125fb4 regs->eax=11 ret=0
[SYSCALL] regs=0x00125fb4 regs->eax=11 ret=0
[SYSCALL] regs=0x00125fb4 regs->eax=11 ret=0
[SYSCALL] regs=0x00125fb4 regs->eax=11 ret=0
[SYSCALL] regs=0x00125fb4 regs->eax=11 ret=0
[SYSCALL] regs=0x00125fb4 regs->eax=11 ret=0
[SYSCALL] regs=0x00125fb4 regs->eax=11 ret=0
[SYSCALL] regs=0x00125fb4 regs->eax=11 ret=0
[SYSCALL] regs=0x00125fb4 regs->eax=11 ret=0
[SYSCALL] regs=0x00125fb4 regs->eax=11 ret=0
[SYSCALL] regs=0x00125fb4 regs->eax=11 ret=0
[SYSCALL] regs=0x00125fb4 regs->eax=11 ret=0
[SYSCALL] regs=0x00125fb4 regs->eax=11 ret=0
[SYSCALL] regs=0x00125fb4 regs->eax=11 ret=0
[SYSCALL] regs=0x00125fb4 regs->eax=11 ret=0
[SYSCALL] regs=0x00125fb4 regs->eax=11 ret=0
[SYSCALL] regs=0x00125fb4 regs->eax=11 ret=0
[SYSCALL] regs=0x00125fb4 regs->eax=11 ret=0
[SYSCALL] regs=0x00125fb4 regs->eax=11 ret=0
[SYSCALL] regs=0x00125fb4 regs->eax=11 ret=0
[SYSCALL] regs=0x00125fb4 regs->eax=11 ret=0
[SYSCALL] regs=0x00125fb4 regs->eax=11 ret=0
[SYSCALL] regs=0x00125fb4 regs->eax=11 ret=0
[SYSCALL] regs=0x00125fb4 regs->eax=11 ret=0
[SYSCALL] regs=0x00125fb4 regs->eax=11 ret=0
[SYSCALL] regs=0x00125fb4 regs->eax=11 ret=0
[SYSCALL] regs=0x00125fb4 regs->eax=11 ret=0
[SYSCALL] regs=0x00125fb4 regs->eax=11 ret=0
[SYSCALL] regs=0x00125fb4 regs->eax=11 ret=0
[SYSCALL] regs=0x00125fb4 regs->eax=11 ret=0
[SYSCALL] regs=0x00125fb4 regs->eax=11 ret=0
[SYSCALL] regs=0x00125fb4 regs->eax=11 ret=0
[SYSCALL] regs=0x00125fb4 regs->eax=11 ret=0
[SYSCALL] regs=0x00125fb4 regs->eax=11 ret=0
[SYSCALL] regs=0x00125fb4 regs->eax=11 ret=0
[SYSCALL] regs=0x00125fb4 regs->eax=11 ret=0
[SYSCALL] regs=0x00125fb4 regs->eax=11 ret=0
[SYSCALL] regs=0x00125fb4 regs->eax=11 ret=0
[SYSCALL] regs=0x00125fb4 regs->eax=11 ret=0
[SYSCALL] regs=0x00125fb4 regs->eax=11 ret=0
[SYSCALL] regs=0x00125fb4 regs->eax=11 ret=0
[SYSCALL] regs=0x00125fb4 regs->eax=11 ret=0
[SYSCALL] regs=0x00125fb4 regs->eax=11 ret=0
[SYSCALL] regs=0x00125fb4 regs->eax=11 ret=0
[SYSCALL] regs=0x00125fb4 regs->eax=11 ret=0
[SYSCALL] regs=0x00125fb4 regs->eax=11 ret=0
[SYSCALL] regs=0x00125fb4 regs->eax=11 ret=0
[SYSCALL] regs=0x00125fb4 regs->eax=11 ret=0
[SYSCALL] regs=0x00125fb4 regs->eax=11 ret=0
[SYSCALL] regs=0x00125fb4 regs->eax=11 ret=0
[SYSCALL] regs=0x00125fb4 regs->eax=11 ret=0
[SYSCALL] regs=0x00125fb4 regs->eax=11 ret=0
[SYSCALL] regs=0x00125fb4 regs->eax=11 ret=0
[SYSCALL] regs=0x00125fb4 regs->eax=11 ret=0
[SYSCALL] regs=0x00125fb4 regs->eax=11 ret=0
[SYSCALL] regs=0x00125fb4 regs->eax=11 ret=0
[SYSCALL] regs=0x00125fb4 regs->eax=11 ret=0
[SYSCALL] regs=0x00125fb4 regs->eax=11 ret=0
[SYSCALL] regs=0x00125fb4 regs->eax=11 ret=0
[SYSCALL] regs=0x00125fb4 regs->eax=11 ret=0
[SYSCALL] regs=0x00125fb4 regs->eax=11 ret=0
[SYSCALL] regs=0x00125fb4 regs->eax=11 ret=0
[SYSCALL] regs=0x00125fb4 regs->eax=11 ret=0
[SYSCALL] regs=0x00125fb4 regs->eax=11 ret=0
[SYSCALL] regs=0x00125fb4 regs->eax=11 ret=0
[SYSCALL] regs=0x00125fb4 regs->eax=11 ret=0
[SYSCALL] regs=0x00125fb4 regs->eax=11 ret=0
[SYSCALL] regs=0x00125fb4 regs->eax=11 ret=0
[SYSCALL] regs=0x00125fb4 regs->eax=11 ret=0
[SYSCALL] regs=0x00125fb4 regs->eax=11 ret=0
[SYSCALL] regs=0x00125fb4 regs->eax=11 ret=0
[SYSCALL] regs=0x00125fb4 regs->eax=11 ret=0
[SYSCALL] regs=0x00125fb4 regs->eax=11 ret=0
[SYSCALL] regs=0x00125fb4 regs->eax=11 ret=0
[SYSCALL] regs=0x00125fb4 regs->eax=11 ret=0
[SYSCALL] regs=0x00125fb4 regs->eax=11 ret=0
[SYSCALL] regs=0x00125fb4 regs->eax=11 ret=0
[SYSCALL] regs=0x00125fb4 regs->eax=11 ret=0
[SYSCALL] regs=0x00125fb4 regs->eax=11 ret=0
[SYSCALL] regs=0x00125fb4 regs->eax=11 ret=0
[SYSCALL] regs=0x00125fb4 regs->eax=11 ret=0
[SYSCALL] regs=0x00125fb4 regs->eax=11 ret=0
[SYSCALL] regs=0x00125fb4 regs->eax=11 ret=0
[SYSCALL] regs=0x00125fb4 regs->eax=11 ret=0
[SYSCALL] regs=0x00125fb4 regs->eax=11 ret=0
[SYSCALL] regs=0x00125fb4 regs->eax=11 ret=0
[SYSCALL] regs=0x00125fb4 regs->eax=11 ret=0
[SYSCALL] regs=0x00125fb4 regs->eax=11 ret=0
[SYSCALL] regs=0x00125fb4 regs->eax=11 ret=0
[SYSCALL] regs=0x00125fb4 regs->eax=11 ret=0
[SYSCALL] regs=0x00125fb4 regs->eax=11 ret=0
[SYSCALL] regs=0x00125fb4 regs->eax=11 ret=0
[SYSCALL] regs=0x00125fb4 regs->eax=11 ret=0
[SYSCALL] regs=0x00125fb4 regs->eax=11 ret=0
[SYSCALL] regs=0x00125fb4 regs->eax=11 ret=0
[SYSCALL] regs=0x00125fb4 regs->eax=11 ret=0
[SYSCALL] regs=0x00125fb4 regs->eax=11 ret=0
[SYSCALL] regs=0x00125fb4 regs->eax=11 ret=0
[SYSCALL] regs=0x00125fb4 regs->eax=11 ret=0
[SYSCALL] regs=0x00125fb4 regs->eax=11 ret=0
[SYSCALL] regs=0x00125fb4 regs->eax=11 ret=0
[SYSCALL] regs=0x00125fb4 regs->eax=11 ret=0
[SYSCALL] regs=0x00125fb4 regs->eax=11 ret=0
[SYSCALL] regs=0x00125fb4 regs->eax=11 ret=0
[SYSCALL] regs=0x00125fb4 regs->eax=11 ret=0
[SYSCALL] regs=0x00125fb4 regs->eax=11 ret=0
[SYSCALL] regs=0x00125fb4 regs->eax=11 ret=0
[SYSCALL] regs=0x00125fb4 regs->eax=11 ret=0
[SYSCALL] regs=0x00125fb4 regs->eax=11 ret=0
[SYSCALL] regs=0x00125fb4 regs->eax=11 ret=0
[SYSCALL] regs=0x00125fb4 regs->eax=11 ret=0
[SYSCALL] regs=0x00125fb4 regs->eax=11 ret=0
[SYSCALL] regs=0x00125fb4 regs->eax=11 ret=0
[SYSCALL] regs=0x00125fb4 regs->eax=11 ret=0
[SYSCALL] regs=0x00125fb4 regs->eax=11 ret=0
[SYSCALL] regs=0x00125fb4 regs->eax=11 ret=0
[SYSCALL] regs=0x00125fb4 regs->eax=11 ret=0
[SYSCALL] regs=0x00125fb4 regs->eax=11 ret=0
[SYSCALL] regs=0x00125fb4 regs->eax=11 ret=0
[SYSCALL] regs=0x00125fb4 regs->eax=11 ret=0
[SYSCALL] regs=0x00125fb4 regs->eax=11 ret=0
[SYSCALL] regs=0x00125fb4 regs->eax=11 ret=0
[SYSCALL] regs=0x00125fb4 regs->eax=11 ret=0
[SYSCALL] regs=0x00125fb4 regs->eax=11 ret=0
[SYSCALL] regs=0x00125fb4 regs->eax=11 ret=0
[SYSCALL] regs=0x00125fb4 regs->eax=11 ret=0
[SYSCALL] regs=0x00125fb4 regs->eax=11 ret=0
[SYSCALL] regs=0x00125fb4 regs->eax=11 ret=0
[SYSCALL] regs=0x00125fb4 regs->eax=11 ret=0
[SYSCALL] regs=0x00125fb4 regs->eax=11 ret=0
[SYSCALL] regs=0x00125fb4 regs->eax=11 ret=0
[SYSCALL] regs=0x00125fb4 regs->eax=11 ret=0
[SYSCALL] regs=0x00125fb4 regs->eax=11 ret=0
[SYSCALL] regs=0x00125fb4 regs->eax=11 ret=0
[SYSCALL] regs=0x00125fb4 regs->eax=11 ret=0
[SYSCALL] regs=0x00125fb4 regs->eax=11 ret=0
[SYSCALL] regs=0x00125fb4 regs->eax=11 ret=0
[SYSCALL] regs=0x00125fb4 regs->eax=11 ret=0
[SYSCALL] regs=0x00125fb4 regs->eax=11 ret=0
[SYSCALL] regs=0x00125fb4 regs->eax=11 ret=0
[SYSCALL] regs=0x00125fb4 regs->eax=11 ret=0
[SYSCALL] regs=0x00125fb4 regs->eax=11 ret=0
[SYSCALL] regs=0x00125fb4 regs->eax=11 ret=0
[SYSCALL] regs=0x00125fb4 regs->eax=11 ret=0
[SYSCALL] regs=0x00125fb4 regs->eax=11 ret=0
[SYSCALL] regs=0x00125fb4 regs->eax=11 ret=0
[SYSCALL] regs=0x00125fb4 regs->eax=11 ret=0
[SYSCALL] regs=0x00125fb4 regs->eax=11 ret=0
[SYSCALL] regs=0x00125fb4 regs->eax=11 ret=0
[SYSCALL] regs=0x00125fb4 regs->eax=11 ret=0
[SYSCALL] regs=0x00125fb4 regs->eax=11 ret=0
[SYSCALL] regs=0x00125fb4 regs->eax=11 ret=0
[SYSCALL] regs=0x00125fb4 regs->eax=11 ret=0
[SYSCALL] regs=0x00125fb4 regs->eax=11 ret=0
[SYSCALL] regs=0x00125fb4 regs->eax=11 ret=0
[SYSCALL] regs=0x00125fb4 regs->eax=11 ret=0
[SYSCALL] regs=0x00125fb4 regs->eax=11 ret=0
[SYSCALL] regs=0x00125fb4 regs->eax=11 ret=0
[SYSCALL] regs=0x00125fb4 regs->eax=11 ret=0
[SYSCALL] regs=0x00125fb4 regs->eax=11 ret=0
[SYSCALL] regs=0x00125fb4 regs->eax=11 ret=0
[SYSCALL] regs=0x00125fb4 regs->eax=11 ret=0
[SYSCALL] regs=0x00125fb4 regs->eax=11 ret=0
[SYSCALL] regs=0x00125fb4 regs->eax=11 ret=0
[SYSCALL] regs=0x00125fb4 regs->eax=11 ret=0
[SYSCALL] regs=0x00125fb4 regs->eax=11 ret=0
[SYSCALL] regs=0x00125fb4 regs->eax=11 ret=0
[SYSCALL] regs=0x00125fb4 regs->eax=11 ret=0
[SYSCALL] regs=0x00125fb4 regs->eax=11 ret=0
[SYSCALL] regs=0x00125fb4 regs->eax=11 ret=0
[SYSCALL] regs=0x00125fb4 regs->eax=11 ret=0
[SYSCALL] regs=0x00125fb4 regs->eax=11 ret=0
[SYSCALL] regs=0x00125fb4 regs->eax=11 ret=0
[SYSCALL] regs=0x00125fb4 regs->eax=11 ret=0
[SYSCALL] regs=0x00125fb4 regs->eax=11 ret=0
[SYSCALL] regs=0x00125fb4 regs->eax=11 ret=0
[SYSCALL] regs=0x00125fb4 regs->eax=11 ret=0
[SYSCALL] regs=0x00125fb4 regs->eax=11 ret=0
[SYSCALL] regs=0x00125fb4 regs->eax=11 ret=0
[SYSCALL] regs=0x00125fb4 regs->eax=11 ret=0
[SYSCALL] regs=0x00125fb4 regs->eax=11 ret=0
[SYSCALL] regs=0x00125fb4 regs->eax=11 ret=0
[SYSCALL] regs=0x00125fb4 regs->eax=11 ret=0
[SYSCALL] regs=0x00125fb4 regs->eax=11 ret=0
[SYSCALL] regs=0x00125fb4 regs->eax=11 ret=0
[SYSCALL] regs=0x00125fb4 regs->eax=11 ret=0
[SYSCALL] regs=0x00125fb4 regs->eax=11 ret=0
[SYSCALL] regs=0x00125fb4 regs->eax=11 ret=0
[SYSCALL] regs=0x00125fb4 regs->eax=11 ret=0
[SYSCALL] regs=0x00125fb4 regs->eax=11 ret=0
[SYSCALL] regs=0x00125fb4 regs->eax=11 ret=0
[SYSCALL] regs=0x00125fb4 regs->eax=11 ret=0
[SYSCALL] regs=0x00125fb4 regs->eax=11 ret=0
[SYSCALL] regs=0x00125fb4 regs->eax=11 ret=0
[SYSCALL] regs=0x00125fb4 regs->eax=11 ret=0
[SYSCALL] regs=0x00125fb4 regs->eax=11 ret=0
[SYSCALL] regs=0x00125fb4 regs->eax=11 ret=0
[SYSCALL] regs=0x00125fb4 regs->eax=11 ret=0
[SYSCALL] regs=0x00125fb4 regs->eax=11 ret=0
[SYSCALL] regs=0x00125fb4 regs->eax=11 ret=0
[SYSCALL] regs=0x00125fb4 regs->eax=11 ret=0
[SYSCALL] regs=0x00125fb4 regs->eax=11 ret=0
[SYSCALL] regs=0x00125fb4 regs->eax=11 ret=0
[SYSCALL] regs=0x00125fb4 regs->eax=11 ret=0
[SYSCALL] regs=0x00125fb4 regs->eax=11 ret=0
[SYSCALL] regs=0x00125fb4 regs->eax=11 ret=0
[SYSCALL] regs=0x00125fb4 regs->eax=11 ret=0
[SYSCALL] regs=0x00125fb4 regs->eax=11 ret=0
[SYSCALL] regs=0x00125fb4 regs->eax=11 ret=0
[SYSCALL] regs=0x00125fb4 regs->eax=11 ret=0
[SYSCALL] regs=0x00125fb4 regs->eax=11 ret=0
[SYSCALL] regs=0x00125fb4 regs->eax=11 ret=0
[SYSCALL] regs=0x00125fb4 regs->eax=11 ret=0
[SYSCALL] regs=0x00125fb4 regs->eax=11 ret=0
[SYSCALL] regs=0x00125fb4 regs->eax=11 ret=0
[SYSCALL] regs=0x00125fb4 regs->eax=11 ret=0
[SYSCALL] regs=0x00125fb4 regs->eax=11 ret=0
[SYSCALL] regs=0x00125fb4 regs->eax=11 ret=0
[SYSCALL] regs=0x00125fb4 regs->eax=11 ret=0
[SYSCALL] regs=0x00125fb4 regs->eax=11 ret=0
[SYSCALL] regs=0x00125fb4 regs->eax=11 ret=0
[SYSCALL] regs=0x00125fb4 regs->eax=11 ret=0
[SYSCALL] regs=0x00125fb4 regs->eax=11 ret=0
[SYSCALL] regs=0x00125fb4 regs->eax=11 ret=0
[SYSCALL] regs=0x00125fb4 regs->eax=11 ret=0
[SYSCALL] regs=0x00125fb4 regs->eax=11 ret=0
[SYSCALL] regs=0x00125fb4 regs->eax=11 ret=0
[SYSCALL] regs=0x00125fb4 regs->eax=11 ret=0
[SYSCALL] regs=0x00125fb4 regs->eax=11 ret=0
[SYSCALL] regs=0x00125fb4 regs->eax=11 ret=0
[SYSCALL] regs=0x00125fb4 regs->eax=11 ret=0
[SYSCALL] regs=0x00125fb4 regs->eax=11 ret=0
[SYSCALL] regs=0x00125fb4 regs->eax=11 ret=0
[SYSCALL] regs=0x00125fb4 regs->eax=11 ret=0
[SYSCALL] regs=0x00125fb4 regs->eax=11 ret=0
[SYSCALL] regs=0x00125fb4 regs->eax=11 ret=0
[SYSCALL] regs=0x00125fb4 regs->eax=11 ret=0
[SYSCALL] regs=0x00125fb4 regs->eax=11 ret=0
[SYSCALL] regs=0x00125fb4 regs->eax=11 ret=0
[SYSCALL] regs=0x00125fb4 regs->eax=11 ret=0
[SYSCALL] regs=0x00125fb4 regs->eax=11 ret=0
[SYSCALL] regs=0x00125fb4 regs->eax=11 ret=0
[SYSCALL] regs=0x00125fb4 regs->eax=11 ret=0
[SYSCALL] regs=0x00125fb4 regs->eax=11 ret=0
[SYSCALL] regs=0x00125fb4 regs->eax=11 ret=0
[SYSCALL] regs=0x00125fb4 regs->eax=11 ret=0
[SYSCALL] regs=0x00125fb4 regs->eax=11 ret=0
[SYSCALL] regs=0x00125fb4 regs->eax=11 ret=0
[SYSCALL] regs=0x00125fb4 regs->eax=11 ret=0
[SYSCALL] regs=0x00125fb4 regs->eax=11 ret=0
[SYSCALL] regs=0x00125fb4 regs->eax=11 ret=0
[SYSCALL] regs=0x00125fb4 regs->eax=11 ret=0
[SYSCALL] regs=0x00125fb4 regs->eax=11 ret=0
[SYSCALL] regs=0x00125fb4 regs->eax=11 ret=0
[SYSCALL] regs=0x00125fb4 regs->eax=11 ret=0
[SYSCALL] regs=0x00125fb4 regs->eax=11 ret=0
[SYSCALL] regs=0x00125fb4 regs->eax=11 ret=0
[SYSCALL] regs=0x00125fb4 regs->eax=11 ret=0
[SYSCALL] regs=0x00125fb4 regs->eax=11 ret=0
[SYSCALL] regs=0x00125fb4 regs->eax=11 ret=0
[SYSCALL] regs=0x00125fb4 regs->eax=11 ret=0
[SYSCALL] regs=0x00125fb4 regs->eax=11 ret=0
[SYSCALL] regs=0x00125fb4 regs->eax=11 ret=0
[SYSCALL] regs=0x00125fb4 regs->eax=11 ret=0
[SYSCALL] regs=0x00125fb4 regs->eax=11 ret=0
[SYSCALL] regs=0x00125fb4 regs->eax=11 ret=0
[SYSCALL] regs=0x00125fb4 regs->eax=11 ret=0
[SYSCALL] regs=0x00125fb4 regs->eax=11 ret=0
[SYSCALL] regs=0x00125fb4 regs->eax=11 ret=0
[SYSCALL] regs=0x00125fb4 regs->eax=11 ret=0
[SYSCALL] regs=0x00125fb4 regs->eax=11 ret=0
[SYSCALL] regs=0x00125fb4 regs->eax=11 ret=0
[SYSCALL] regs=0x00125fb4 regs->eax=11 ret=0
[SYSCALL] regs=0x00125fb4 regs->eax=11 ret=0
[SYSCALL] regs=0x00125fb4 regs->eax=11 ret=0
[SYSCALL] regs=0x00125fb4 regs->eax=11 ret=0
[SYSCALL] regs=0x00125fb4 regs->eax=11 ret=0
[SYSCALL] regs=0x00125fb4 regs->eax=11 ret=0
[SYSCALL] regs=0x00125fb4 regs->eax=11 ret=0
[SYSCALL] regs=0x00125fb4 regs->eax=11 ret=0
[SYSCALL] regs=0x00125fb4 regs->eax=11 ret=0
[SYSCALL] regs=0x00125fb4 regs->eax=11 ret=0
[SYSCALL] regs=0x00125fb4 regs->eax=11 ret=0
[SYSCALL] regs=0x00125fb4 regs->eax=11 ret=0
[SYSCALL] regs=0x00125fb4 regs->eax=11 ret=0
[SYSCALL] regs=0x00125fb4 regs->eax=11 ret=0
[SYSCALL] regs=0x00125fb4 regs->eax=11 ret=0
[SYSCALL] regs=0x00125fb4 regs->eax=11 ret=0
[SYSCALL] regs=0x00125fb4 regs->eax=11 ret=0
[SYSCALL] regs=0x00125fb4 regs->eax=11 ret=0
[SYSCALL] regs=0x00125fb4 regs->eax=11 ret=0
[SYSCALL] regs=0x00125fb4 regs->eax=11 ret=0
[SYSCALL] regs=0x00125fb4 regs->eax=11 ret=0
[SYSCALL] regs=0x00125fb4 regs->eax=11 ret=0
[SYSCALL] regs=0x00125fb4 regs->eax=11 ret=0
[SYSCALL] regs=0x00125fb4 regs->eax=11 ret=0
[SYSCALL] regs=0x00125fb4 regs->eax=11 ret=0
[SYSCALL] regs=0x00125fb4 regs->eax=11 ret=0
[SYSCALL] regs=0x00125fb4 regs->eax=11 ret=0
[SYSCALL] regs=0x00125fb4 regs->eax=11 ret=0
[SYSCALL] regs=0x00125fb4 regs->eax=11 ret=0
[SYSCALL] regs=0x00125fb4 regs->eax=11 ret=0
[SYSCALL] regs=0x00125fb4 regs->eax=11 ret=0
[SYSCALL] regs=0x00125fb4 regs->eax=11 ret=0
[SYSCALL] regs=0x00125fb4 regs->eax=11 ret=0
[SYSCALL] regs=0x00125fb4 regs->eax=11 ret=0
[SYSCALL] regs=0x00125fb4 regs->eax=11 ret=0
[SYSCALL] regs=0x00125fb4 regs->eax=11 ret=0
[SYSCALL] regs=0x00125fb4 regs->eax=11 ret=0
[SYSCALL] regs=0x00125fb4 regs->eax=11 ret=0
[SYSCALL] regs=0x00125fb4 regs->eax=11 ret=0
[SYSCALL] regs=0x00125fb4 regs->eax=11 ret=0
[SYSCALL] regs=0x00125fb4 regs->eax=11 ret=0
[SYSCALL] regs=0x00125fb4 regs->eax=11 ret=0
[SYSCALL] regs=0x00125fb4 regs->eax=11 ret=0
[SYSCALL] regs=0x00125fb4 regs->eax=11 ret=0
[SYSCALL] regs=0x00125fb4 regs->eax=11 ret=0
[SYSCALL] regs=0x00125fb4 regs->eax=11 ret=0
[SYSCALL] regs=0x00125fb4 regs->eax=11 ret=0
[SYSCALL] regs=0x00125fb4 regs->eax=11 ret=0
[SYSCALL] regs=0x00125fb4 regs->eax=11 ret=0
[SYSCALL] regs=0x00125fb4 regs->eax=11 ret=0
[SYSCALL] regs=0x00125fb4 regs->eax=11 ret=0
[SYSCALL] regs=0x00125fb4 regs->eax=11 ret=0
[SYSCALL] regs=0x00125fb4 regs->eax=11 ret=0
[SYSCALL] regs=0x00125fb4 regs->eax=11 ret=0
[SYSCALL] regs=0x00125fb4 regs->eax=11 ret=0
[SYSCALL] regs=0x00125fb4 regs->eax=11 ret=0
[SYSCALL] regs=0x00125fb4 regs->eax=11 ret=0
[SYSCALL] regs=0x00125fb4 regs->eax=11 ret=0
[SYSCALL] regs=0x00125fb4 regs->eax=11 ret=0
[SYSCALL] regs=0x00125fb4 regs->eax=11 ret=0
[SYSCALL] regs=0x00125fb4 regs->eax=11 ret=0
[SYSCALL] regs=0x00125fb4 regs->eax=11 ret=0
[SYSCALL] regs=0x00125fb4 regs->eax=11 ret=0
[SYSCALL] regs=0x00125fb4 regs->eax=11 ret=0
[SYSCALL] regs=0x00125fb4 regs->eax=11 ret=0
[SYSCALL] regs=0x00125fb4 regs->eax=11 ret=0
[SYSCALL] regs=0x00125fb4 regs->eax=11 ret=0
[SYSCALL] regs=0x00125fb4 regs->eax=11 ret=0
[SYSCALL] regs=0x00125fb4 regs->eax=11 ret=0
[SYSCALL] regs=0x00125fb4 regs->eax=11 ret=0
[SYSCALL] regs=0x00125fb4 regs->eax=11 ret=0
[SYSCALL] regs=0x00125fb4 regs->eax=11 ret=0
[SYSCALL] regs=0x00125fb4 regs->eax=11 ret=0
[SYSCALL] regs=0x00125fb4 regs->eax=11 ret=0
[SYSCALL] regs=0x00125fb4 regs->eax=11 ret=0
[SYSCALL] regs=0x00125fb4 regs->eax=11 ret=0
[SYSCALL] regs=0x00125fb4 regs->eax=11 ret=0
[SYSCALL] regs=0x00125fb4 regs->eax=11 ret=0
[SYSCALL] regs=0x00125fb4 regs->eax=11 ret=1
[SYSCALL] regs=0x00125fb4 regs->eax=12 ret=1
[SYSCALL] regs=0x00125fb4 regs->eax=12 ret=1
[SYSCALL] regs=0x00125fb4 regs->eax=12 ret=1
[SYSCALL] regs=0x00125fb4 regs->eax=11 ret=0
[SYSCALL] regs=0x00125fb4 regs->eax=11 ret=0
[SYSCALL] regs=0x00125fb4 regs->eax=11 ret=0
[SYSCALL] regs=0x00125fb4 regs->eax=11 ret=0
[SYSCALL] regs=0x00125fb4 regs->eax=11 ret=0
[SYSCALL] regs=0x00125fb4 regs->eax=11 ret=0
[SYSCALL] regs=0x00125fb4 regs->eax=11 ret=0
[SYSCALL] regs=0x00125fb4 regs->eax=11 ret=0
[SYSCALL] regs=0x00125fb4 regs->eax=11 ret=0
[SYSCALL] regs=0x00125fb4 regs->eax=11 ret=0
[SYSCALL] regs=0x00125fb4 regs->eax=11 ret=0
[SYSCALL] regs=0x00125fb4 regs->eax=11 ret=0
[SYSCALL] regs=0x00125fb4 regs->eax=11 ret=0
[SYSCALL] regs=0x00125fb4 regs->eax=11 ret=0
[SYSCALL] regs=0x00125fb4 regs->eax=11 ret=0
[SYSCALL] regs=0x00125fb4 regs->eax=11 ret=0
[SYSCALL] regs=0x00125fb4 regs->eax=11 ret=0
[SYSCALL] regs=0x00125fb4 regs->eax=11 ret=0
[SYSCALL] regs=0x00125fb4 regs->eax=11 ret=0
[SYSCALL] regs=0x00125fb4 regs->eax=11 ret=0
[SYSCALL] regs=0x00125fb4 regs->eax=11 ret=0
[SYSCALL] regs=0x00125fb4 regs->eax=11 ret=0
[SYSCALL] regs=0x00125fb4 regs->eax=11 ret=0
[SYSCALL] regs=0x00125fb4 regs->eax=11 ret=0
[SYSCALL] regs=0x00125fb4 regs->eax=11 ret=0
[SYSCALL] regs=0x00125fb4 regs->eax=11 ret=0
[SYSCALL] regs=0x00125fb4 regs->eax=11 ret=0
[SYSCALL] regs=0x00125fb4 regs->eax=11 ret=0
[SYSCALL] regs=0x00125fb4 regs->eax=11 ret=0
[SYSCALL] regs=0x00125fb4 regs->eax=11 ret=0
[SYSCALL] regs=0x00125fb4 regs->eax=11 ret=0
[SYSCALL] regs=0x00125fb4 regs->eax=11 ret=0
[SYSCALL] regs=0x00125fb4 regs->eax=11 ret=0
[SYSCALL] regs=0x00125fb4 regs->eax=11 ret=0
[SYSCALL] regs=0x00125fb4 regs->eax=11 ret=0
[SYSCALL] regs=0x00125fb4 regs->eax=11 ret=0
[SYSCALL] regs=0x00125fb4 regs->eax=11 ret=0
[SYSCALL] regs=0x00125fb4 regs->eax=11 ret=0
[SYSCALL] regs=0x00125fb4 regs->eax=11 ret=0
[SYSCALL] regs=0x00125fb4 regs->eax=11 ret=0
[SYSCALL] regs=0x00125fb4 regs->eax=11 ret=0
[SYSCALL] regs=0x00125fb4 regs->eax=11 ret=0
[SYSCALL] regs=0x00125fb4 regs->eax=11 ret=0
[SYSCALL] regs=0x00125fb4 regs->eax=11 ret=0
[SYSCALL] regs=0x00125fb4 regs->eax=11 ret=0
[SYSCALL] regs=0x00125fb4 regs->eax=11 ret=0
[SYSCALL] regs=0x00125fb4 regs->eax=11 ret=0
[SYSCALL] regs=0x00125fb4 regs->eax=11 ret=0
[SYSCALL] regs=0x00125fb4 regs->eax=11 ret=0
[SYSCALL] regs=0x00125fb4 regs->eax=11 ret=0
[SYSCALL] regs=0x00125fb4 regs->eax=11 ret=0
[SYSCALL] regs=0x00125fb4 regs->eax=11 ret=0
[SYSCALL] regs=0x00125fb4 regs->eax=11 ret=0
[SYSCALL] regs=0x00125fb4 regs->eax=11 ret=0
[SYSCALL] regs=0x00125fb4 regs->eax=11 ret=0
[SYSCALL] regs=0x00125fb4 regs->eax=11 ret=0
[SYSCALL] regs=0x00125fb4 regs->eax=11 ret=0
[SYSCALL] regs=0x00125fb4 regs->eax=11 ret=0
[SYSCALL] regs=0x00125fb4 regs->eax=11 ret=0
[SYSCALL] regs=0x00125fb4 regs->eax=11 ret=0
[SYSCALL] regs=0x00125fb4 regs->eax=11 ret=0
[SYSCALL] regs=0x00125fb4 regs->eax=11 ret=0
[SYSCALL] regs=0x00125fb4 regs->eax=11 ret=0
[SYSCALL] regs=0x00125fb4 regs->eax=11 ret=0
[SYSCALL] regs=0x00125fb4 regs->eax=11 ret=0
[SYSCALL] regs=0x00125fb4 regs->eax=11 ret=0
[SYSCALL] regs=0x00125fb4 regs->eax=11 ret=0
[SYSCALL] regs=0x00125fb4 regs->eax=11 ret=0
[SYSCALL] regs=0x00125fb4 regs->eax=11 ret=0
[SYSCALL] regs=0x00125fb4 regs->eax=11 ret=0
[SYSCALL] regs=0x00125fb4 regs->eax=11 ret=0
[SYSCALL] regs=0x00125fb4 regs->eax=11 ret=0
[SYSCALL] regs=0x00125fb4 regs->eax=11 ret=0
[SYSCALL] regs=0x00125fb4 regs->eax=11 ret=0
[SYSCALL] regs=0x00125fb4 regs->eax=11 ret=0
[SYSCALL] regs=0x00125fb4 regs->eax=11 ret=0
[SYSCALL] regs=0x00125fb4 regs->eax=11 ret=0
[SYSCALL] regs=0x00125fb4 regs->eax=11 ret=0
[SYSCALL] regs=0x00125fb4 regs->eax=11 ret=0
[SYSCALL] regs=0x00125fb4 regs->eax=11 ret=0
[SYSCALL] regs=0x00125fb4 regs->eax=11 ret=0
[SYSCALL] regs=0x00125fb4 regs->eax=11 ret=0
[SYSCALL] regs=0x00125fb4 regs->eax=11 ret=0
[SYSCALL] regs=0x00125fb4 regs->eax=11 ret=0
[SYSCALL] regs=0x00125fb4 regs->eax=11 ret=0
[SYSCALL] regs=0x00125fb4 regs->eax=11 ret=0
[SYSCALL] regs=0x00125fb4 regs->eax=11 ret=0
[SYSCALL] regs=0x00125fb4 regs->eax=11 ret=0
[SYSCALL] regs=0x00125fb4 regs->eax=11 ret=0
[SYSCALL] regs=0x00125fb4 regs->eax=11 ret=0
[SYSCALL] regs=0x00125fb4 regs->eax=11 ret=0
[SYSCALL] regs=0x00125fb4 regs->eax=11 ret=0
[SYSCALL] regs=0x00125fb4 regs->eax=11 ret=0
[SYSCALL] regs=0x00125fb4 regs->eax=11 ret=0
[SYSCALL] regs=0x00125fb4 regs->eax=11 ret=0
[SYSCALL] regs=0x00125fb4 regs->eax=11 ret=0
[SYSCALL] regs=0x00125fb4 regs->eax=11 ret=0
[SYSCALL] regs=0x00125fb4 regs->eax=11 ret=0
[SYSCALL] regs=0x00125fb4 regs->eax=11 ret=0
[SYSCALL] regs=0x00125fb4 regs->eax=11 ret=0
[SYSCALL] regs=0x00125fb4 regs->eax=11 ret=0
[SYSCALL] regs=0x00125fb4 regs->eax=11 ret=0
[SYSCALL] regs=0x00125fb4 regs->eax=11 ret=0
[SYSCALL] regs=0x00125fb4 regs->eax=11 ret=0
[SYSCALL] regs=0x00125fb4 regs->eax=11 ret=0
[SYSCALL] regs=0x00125fb4 regs->eax=11 ret=0
[SYSCALL] regs=0x00125fb4 regs->eax=11 ret=0
[SYSCALL] regs=0x00125fb4 regs->eax=11 ret=0
[SYSCALL] regs=0x00125fb4 regs->eax=11 ret=0
[SYSCALL] regs=0x00125fb4 regs->eax=11 ret=0
[SYSCALL] regs=0x00125fb4 regs->eax=11 ret=0
[SYSCALL] regs=0x00125fb4 regs->eax=11 ret=0
[SYSCALL] regs=0x00125fb4 regs->eax=11 ret=0
[SYSCALL] regs=0x00125fb4 regs->eax=11 ret=0
[SYSCALL] regs=0x00125fb4 regs->eax=11 ret=0
[SYSCALL] regs=0x00125fb4 regs->eax=11 ret=0
[SYSCALL] regs=0x00125fb4 regs->eax=11 ret=0
[SYSCALL] regs=0x00125fb4 regs->eax=11 ret=0
[SYSCALL] regs=0x00125fb4 regs->eax=11 ret=0
[SYSCALL] regs=0x00125fb4 regs->eax=11 ret=0
[SYSCALL] regs=0x00125fb4 regs->eax=11 ret=0
[SYSCALL] regs=0x00125fb4 regs->eax=11 ret=0
[SYSCALL] regs=0x00125fb4 regs->eax=11 ret=0
[SYSCALL] regs=0x00125fb4 regs->eax=11 ret=0
[SYSCALL] regs=0x00125fb4 regs->eax=11 ret=0
[SYSCALL] regs=0x00125fb4 regs->eax=11 ret=0
[SYSCALL] regs=0x00125fb4 regs->eax=11 ret=0
[SYSCALL] regs=0x00125fb4 regs->eax=11 ret=0
[SYSCALL] regs=0x00125fb4 regs->eax=11 ret=0
[SYSCALL] regs=0x00125fb4 regs->eax=11 ret=0
[SYSCALL] regs=0x00125fb4 regs->eax=11 ret=0
[SYSCALL] regs=0x00125fb4 regs->eax=11 ret=0
[SYSCALL] regs=0x00125fb4 regs->eax=11 ret=0
[SYSCALL] regs=0x00125fb4 regs->eax=11 ret=0
[SYSCALL] regs=0x00125fb4 regs->eax=11 ret=0
[SYSCALL] regs=0x00125fb4 regs->eax=11 ret=0
[SYSCALL] regs=0x00125fb4 regs->eax=11 ret=0
[SYSCALL] regs=0x00125fb4 regs->eax=11 ret=0
[SYSCALL] regs=0x00125fb4 regs->eax=11 ret=0
[SYSCALL] regs=0x00125fb4 regs->eax=11 ret=0
[SYSCALL] regs=0x00125fb4 regs->eax=11 ret=0
[SYSCALL] regs=0x00125fb4 regs->eax=11 ret=0
[SYSCALL] regs=0x00125fb4 regs->eax=11 ret=0
[SYSCALL] regs=0x00125fb4 regs->eax=11 ret=0
[SYSCALL] regs=0x00125fb4 regs->eax=11 ret=0
[SYSCALL] regs=0x00125fb4 regs->eax=11 ret=0
[SYSCALL] regs=0x00125fb4 regs->eax=11 ret=0
[SYSCALL] regs=0x00125fb4 regs->eax=11 ret=0
[SYSCALL] regs=0x00125fb4 regs->eax=11 ret=0
[SYSCALL] regs=0x00125fb4 regs->eax=11 ret=0
[SYSCALL] regs=0x00125fb4 regs->eax=11 ret=0
[SYSCALL] regs=0x00125fb4 regs->eax=11 ret=0
[SYSCALL] regs=0x00125fb4 regs->eax=11 ret=0
[SYSCALL] regs=0x00125fb4 regs->eax=11 ret=0
[SYSCALL] regs=0x00125fb4 regs->eax=11 ret=0
[SYSCALL] regs=0x00125fb4 regs->eax=11 ret=0
[SYSCALL] regs=0x00125fb4 regs->eax=11 ret=0
[SYSCALL] regs=0x00125fb4 regs->eax=11 ret=0
[SYSCALL] regs=0x00125fb4 regs->eax=11 ret=0
[SYSCALL] regs=0x00125fb4 regs->eax=11 ret=0
[SYSCALL] regs=0x00125fb4 regs->eax=11 ret=0
[SYSCALL] regs=0x00125fb4 regs->eax=11 ret=0
[SYSCALL] regs=0x00125fb4 regs->eax=11 ret=0
[SYSCALL] regs=0x00125fb4 regs->eax=11 ret=0
[SYSCALL] regs=0x00125fb4 regs->eax=11 ret=0
[SYSCALL] regs=0x00125fb4 regs->eax=11 ret=0
[SYSCALL] regs=0x00125fb4 regs->eax=11 ret=0
[SYSCALL] regs=0x00125fb4 regs->eax=11 ret=0
[SYSCALL] regs=0x00125fb4 regs->eax=11 ret=0
[SYSCALL] regs=0x00125fb4 regs->eax=11 ret=0
[SYSCALL] regs=0x00125fb4 regs->eax=11 ret=0
[SYSCALL] regs=0x00125fb4 regs->eax=11 ret=0
[SYSCALL] regs=0x00125fb4 regs->eax=11 ret=0
[SYSCALL] regs=0x00125fb4 regs->eax=11 ret=0
[SYSCALL] regs=0x00125fb4 regs->eax=11 ret=0
[SYSCALL] regs=0x00125fb4 regs->eax=11 ret=0
[SYSCALL] regs=0x00125fb4 regs->eax=11 ret=0
[SYSCALL] regs=0x00125fb4 regs->eax=11 ret=0
[SYSCALL] regs=0x00125fb4 regs->eax=11 ret=0
[SYSCALL] regs=0x00125fb4 regs->eax=11 ret=0
[SYSCALL] regs=0x00125fb4 regs->eax=11 ret=0
[SYSCALL] regs=0x00125fb4 regs->eax=11 ret=0
[SYSCALL] regs=0x00125fb4 regs->eax=11 ret=0
[SYSCALL] regs=0x00125fb4 regs->eax=11 ret=0
[SYSCALL] regs=0x00125fb4 regs->eax=11 ret=0
[SYSCALL] regs=0x00125fb4 regs->eax=11 ret=0
[SYSCALL] regs=0x00125fb4 regs->eax=11 ret=0
[SYSCALL] regs=0x00125fb4 regs->eax=11 ret=1
[SYSCALL] regs=0x00125fb4 regs->eax=12 ret=1
[SYSCALL] regs=0x00125fb4 regs->eax=11 ret=0
[SYSCALL] regs=0x00125fb4 regs->eax=11 ret=0
[SYSCALL] regs=0x00125fb4 regs->eax=11 ret=0
[SYSCALL] regs=0x00125fb4 regs->eax=11 ret=0
[SYSCALL] regs=0x00125fb4 regs->eax=11 ret=0
[SYSCALL] regs=0x00125fb4 regs->eax=11 ret=0
[SYSCALL] regs=0x00125fb4 regs->eax=11 ret=0
[SYSCALL] regs=0x00125fb4 regs->eax=11 ret=0
[SYSCALL] regs=0x00125fb4 regs->eax=11 ret=0
[SYSCALL] regs=0x00125fb4 regs->eax=11 ret=0
[SYSCALL] regs=0x00125fb4 regs->eax=11 ret=0
[SYSCALL] regs=0x00125fb4 regs->eax=11 ret=0
[SYSCALL] regs=0x00125fb4 regs->eax=11 ret=0
[SYSCALL] regs=0x00125fb4 regs->eax=11 ret=0
[SYSCALL] regs=0x00125fb4 regs->eax=11 ret=0
[SYSCALL] regs=0x00125fb4 regs->eax=11 ret=0
[SYSCALL] regs=0x00125fb4 regs->eax=11 ret=0
[SYSCALL] regs=0x00125fb4 regs->eax=11 ret=0
[SYSCALL] regs=0x00125fb4 regs->eax=11 ret=0
[SYSCALL] regs=0x00125fb4 regs->eax=11 ret=0
[SYSCALL] regs=0x00125fb4 regs->eax=11 ret=0
[SYSCALL] regs=0x00125fb4 regs->eax=11 ret=0
[SYSCALL] regs=0x00125fb4 regs->eax=11 ret=0
[SYSCALL] regs=0x00125fb4 regs->eax=11 ret=0
[SYSCALL] regs=0x00125fb4 regs->eax=11 ret=0
[SYSCALL] regs=0x00125fb4 regs->eax=11 ret=0
[SYSCALL] regs=0x00125fb4 regs->eax=11 ret=0
[SYSCALL] regs=0x00125fb4 regs->eax=11 ret=0
[SYSCALL] regs=0x00125fb4 regs->eax=11 ret=0
[SYSCALL] regs=0x00125fb4 regs->eax=11 ret=0
[SYSCALL] regs=0x00125fb4 regs->eax=11 ret=0
[SYSCALL] regs=0x00125fb4 regs->eax=11 ret=0
[SYSCALL] regs=0x00125fb4 regs->eax=11 ret=0
[SYSCALL] regs=0x00125fb4 regs->eax=11 ret=0
[SYSCALL] regs=0x00125fb4 regs->eax=11 ret=0
[SYSCALL] regs=0x00125fb4 regs->eax=11 ret=0
[SYSCALL] regs=0x00125fb4 regs->eax=11 ret=0
[SYSCALL] regs=0x00125fb4 regs->eax=11 ret=0
[SYSCALL] regs=0x00125fb4 regs->eax=11 ret=0
[SYSCALL] regs=0x00125fb4 regs->eax=11 ret=0
[SYSCALL] regs=0x00125fb4 regs->eax=11 ret=0
[SYSCALL] regs=0x00125fb4 regs->eax=11 ret=0
[SYSCALL] regs=0x00125fb4 regs->eax=11 ret=0
[SYSCALL] regs=0x00125fb4 regs->eax=11 ret=0
[SYSCALL] regs=0x00125fb4 regs->eax=11 ret=0
[SYSCALL] regs=0x00125fb4 regs->eax=11 ret=0
[SYSCALL] regs=0x00125fb4 regs->eax=11 ret=0
[SYSCALL] regs=0x00125fb4 regs->eax=11 ret=0
[SYSCALL] regs=0x00125fb4 regs->eax=11 ret=0
[SYSCALL] regs=0x00125fb4 regs->eax=11 ret=0
[SYSCALL] regs=0x00125fb4 regs->eax=11 ret=0
[SYSCALL] regs=0x00125fb4 regs->eax=11 ret=0
[SYSCALL] regs=0x00125fb4 regs->eax=11 ret=0
[SYSCALL] regs=0x00125fb4 regs->eax=11 ret=0
[SYSCALL] regs=0x00125fb4 regs->eax=11 ret=0
[SYSCALL] regs=0x00125fb4 regs->eax=11 ret=0
[SYSCALL] regs=0x00125fb4 regs->eax=11 ret=0
[SYSCALL] regs=0x00125fb4 regs->eax=11 ret=0
[SYSCALL] regs=0x00125fb4 regs->eax=11 ret=0
[SYSCALL] regs=0x00125fb4 regs->eax=11 ret=0
[SYSCALL] regs=0x00125fb4 regs->eax=11 ret=0
[SYSCALL] regs=0x00125fb4 regs->eax=11 ret=0
[SYSCALL] regs=0x00125fb4 regs->eax=11 ret=0
[SYSCALL] regs=0x00125fb4 regs->eax=11 ret=0
[SYSCALL] regs=0x00125fb4 regs->eax=11 ret=1
[SYSCALL] regs=0x00125fb4 regs->eax=12 ret=1
[SYSCALL] regs=0x00125fb4 regs->eax=11 ret=0
[SYSCALL] regs=0x00125fb4 regs->eax=11 ret=0
[SYSCALL] regs=0x00125fb4 regs->eax=11 ret=0
[SYSCALL] regs=0x00125fb4 regs->eax=11 ret=0
[SYSCALL] regs=0x00125fb4 regs->eax=11 ret=0
[SYSCALL] regs=0x00125fb4 regs->eax=11 ret=0
[SYSCALL] regs=0x00125fb4 regs->eax=11 ret=0
[SYSCALL] regs=0x00125fb4 regs->eax=11 ret=0
[SYSCALL] regs=0x00125fb4 regs->eax=11 ret=0
[SYSCALL] regs=0x00125fb4 regs->eax=11 ret=0
[SYSCALL] regs=0x00125fb4 regs->eax=11 ret=0
[SYSCALL] regs=0x00125fb4 regs->eax=11 ret=0
[SYSCALL] regs=0x00125fb4 regs->eax=11 ret=0
[SYSCALL] regs=0x00125fb4 regs->eax=11 ret=0
[SYSCALL] regs=0x00125fb4 regs->eax=11 ret=0
[SYSCALL] regs=0x00125fb4 regs->eax=11 ret=0
[SYSCALL] regs=0x00125fb4 regs->eax=11 ret=0
[SYSCALL] regs=0x00125fb4 regs->eax=11 ret=0
[SYSCALL] regs=0x00125fb4 regs->eax=11 ret=0
[SYSCALL] regs=0x00125fb4 regs->eax=11 ret=0
[SYSCALL] regs=0x00125fb4 regs->eax=11 ret=0
[SYSCALL] regs=0x00125fb4 regs->eax=11 ret=0
[SYSCALL] regs=0x00125fb4 regs->eax=11 ret=0
[SYSCALL] regs=0x00125fb4 regs->eax=11 ret=0
[SYSCALL] regs=0x00125fb4 regs->eax=11 ret=0
[SYSCALL] regs=0x00125fb4 regs->eax=11 ret=0
[SYSCALL] regs=0x00125fb4 regs->eax=11 ret=0
[SYSCALL] regs=0x00125fb4 regs->eax=11 ret=0
[SYSCALL] regs=0x00125fb4 regs->eax=11 ret=0
[SYSCALL] regs=0x00125fb4 regs->eax=11 ret=0
[SYSCALL] regs=0x00125fb4 regs->eax=11 ret=0
[SYSCALL] regs=0x00125fb4 regs->eax=11 ret=0
[SYSCALL] regs=0x00125fb4 regs->eax=11 ret=0
[SYSCALL] regs=0x00125fb4 regs->eax=11 ret=0
[SYSCALL] regs=0x00125fb4 regs->eax=11 ret=0
[SYSCALL] regs=0x00125fb4 regs->eax=11 ret=0
[SYSCALL] regs=0x00125fb4 regs->eax=11 ret=0
[SYSCALL] regs=0x00125fb4 regs->eax=11 ret=0
[SYSCALL] regs=0x00125fb4 regs->eax=11 ret=0
[SYSCALL] regs=0x00125fb4 regs->eax=11 ret=0
[SYSCALL] regs=0x00125fb4 regs->eax=11 ret=0
[SYSCALL] regs=0x00125fb4 regs->eax=11 ret=0
[SYSCALL] regs=0x00125fb4 regs->eax=11 ret=0
[SYSCALL] regs=0x00125fb4 regs->eax=11 ret=0
[SYSCALL] regs=0x00125fb4 regs->eax=11 ret=0
[SYSCALL] regs=0x00125fb4 regs->eax=11 ret=0
[SYSCALL] regs=0x00125fb4 regs->eax=11 ret=0
[SYSCALL] regs=0x00125fb4 regs->eax=11 ret=0
[SYSCALL] regs=0x00125fb4 regs->eax=11 ret=0
[SYSCALL] regs=0x00125fb4 regs->eax=11 ret=0
[SYSCALL] regs=0x00125fb4 regs->eax=11 ret=0
[SYSCALL] regs=0x00125fb4 regs->eax=11 ret=0
[SYSCALL] regs=0x00125fb4 regs->eax=11 ret=0
[SYSCALL] regs=0x00125fb4 regs->eax=11 ret=0
[SYSCALL] regs=0x00125fb4 regs->eax=11 ret=0
[SYSCALL] regs=0x00125fb4 regs->eax=11 ret=1
[SYSCALL] regs=0x00125fb4 regs->eax=12 ret=1
[SYSCALL] regs=0x00125fb4 regs->eax=11 ret=0
[SYSCALL] regs=0x00125fb4 regs->eax=11 ret=0
[SYSCALL] regs=0x00125fb4 regs->eax=11 ret=0
[SYSCALL] regs=0x00125fb4 regs->eax=11 ret=0
[SYSCALL] regs=0x00125fb4 regs->eax=11 ret=0
[SYSCALL] regs=0x00125fb4 regs->eax=11 ret=0
[SYSCALL] regs=0x00125fb4 regs->eax=11 ret=0
[SYSCALL] regs=0x00125fb4 regs->eax=11 ret=0
[SYSCALL] regs=0x00125fb4 regs->eax=11 ret=0
[SYSCALL] regs=0x00125fb4 regs->eax=11 ret=0
[SYSCALL] regs=0x00125fb4 regs->eax=11 ret=0
[SYSCALL] regs=0x00125fb4 regs->eax=11 ret=0
[SYSCALL] regs=0x00125fb4 regs->eax=11 ret=0
[SYSCALL] regs=0x00125fb4 regs->eax=11 ret=0
[SYSCALL] regs=0x00125fb4 regs->eax=11 ret=0
[SYSCALL] regs=0x00125fb4 regs->eax=11 ret=0
[SYSCALL] regs=0x00125fb4 regs->eax=11 ret=0
[SYSCALL] regs=0x00125fb4 regs->eax=11 ret=0
[SYSCALL] regs=0x00125fb4 regs->eax=11 ret=0
[SYSCALL] regs=0x00125fb4 regs->eax=11 ret=0
[SYSCALL] regs=0x00125fb4 regs->eax=11 ret=0
[SYSCALL] regs=0x00125fb4 regs->eax=11 ret=0
[SYSCALL] regs=0x00125fb4 regs->eax=11 ret=0
[SYSCALL] regs=0x00125fb4 regs->eax=11 ret=0
[SYSCALL] regs=0x00125fb4 regs->eax=11 ret=0
[SYSCALL] regs=0x00125fb4 regs->eax=11 ret=0
[SYSCALL] regs=0x00125fb4 regs->eax=11 ret=0
[SYSCALL] regs=0x00125fb4 regs->eax=11 ret=0
[SYSCALL] regs=0x00125fb4 regs->eax=11 ret=0
[SYSCALL] regs=0x00125fb4 regs->eax=11 ret=0
[SYSCALL] regs=0x00125fb4 regs->eax=11 ret=0
[SYSCALL] regs=0x00125fb4 regs->eax=11 ret=0
[SYSCALL] regs=0x00125fb4 regs->eax=11 ret=0
[SYSCALL] regs=0x00125fb4 regs->eax=11 ret=0
[SYSCALL] regs=0x00125fb4 regs->eax=11 ret=0
[SYSCALL] regs=0x00125fb4 regs->eax=11 ret=0
[SYSCALL] regs=0x00125fb4 regs->eax=11 ret=0
[SYSCALL] regs=0x00125fb4 regs->eax=11 ret=0
[SYSCALL] regs=0x00125fb4 regs->eax=11 ret=0
[SYSCALL] regs=0x00125fb4 regs->eax=11 ret=0
[SYSCALL] regs=0x00125fb4 regs->eax=11 ret=0
[SYSCALL] regs=0x00125fb4 regs->eax=11 ret=0
[SYSCALL] regs=0x00125fb4 regs->eax=11 ret=0
[SYSCALL] regs=0x00125fb4 regs->eax=11 ret=0
[SYSCALL] regs=0x00125fb4 regs->eax=11 ret=0
[SYSCALL] regs=0x00125fb4 regs->eax=11 ret=0
[SYSCALL] regs=0x00125fb4 regs->eax=11 ret=0
[SYSCALL] regs=0x00125fb4 regs->eax=11 ret=0
[SYSCALL] regs=0x00125fb4 regs->eax=11 ret=0
[SYSCALL] regs=0x00125fb4 regs->eax=11 ret=0
[SYSCALL] regs=0x00125fb4 regs->eax=11 ret=0
[SYSCALL] regs=0x00125fb4 regs->eax=11 ret=0
[SYSCALL] regs=0x00125fb4 regs->eax=11 ret=1
[SYSCALL] regs=0x00125fb4 regs->eax=12 ret=1
[VMM] New process page directory created at physical 0x0012c000.
[ELF] PT_LOAD: vaddr=0x40000000 filesz=0x1d20 memsz=0x1d30 pages=2
[VMM] Map: virt 0x40000000 -> phys 0x12d000, PDE=0x12e007, PTE=0x12d007
[VMM] Map: virt 0x40001000 -> phys 0x12f000, PDE=0x12e007, PTE=0x12f007
[VMM] Map: virt 0x7fffc000 -> phys 0x132000, PDE=0x134007, PTE=0x132007
[VMM] Map: virt 0x7fffd000 -> phys 0x133000, PDE=0x134007, PTE=0x133007
[TASK] Process 3 created. Entry: 0x40000680, Kernel stack: 0x00131000, heap_brk=0x50000000
[SYSCALL] regs=0x00125fb4 regs->eax=3 ret=0
[WAIT] enter: cur=0x00124000 pid=2 h=0 timeout=0
[SYSCALL] regs=0x00131fb4 regs->eax=13 ret=0
[SYSCALL] regs=0x00131fb4 regs->eax=14 ret=0
[SYSCALL] regs=0x00131fb4 regs->eax=12 ret=1
[SYSCALL] regs=0x00131fb4 regs->eax=12 ret=1
[SYSCALL] regs=0x00131fb4 regs->eax=12 ret=1
[SYSCALL] regs=0x00131fb4 regs->eax=12 ret=1
[SYSCALL] regs=0x00131fb4 regs->eax=12 ret=1
[SYSCALL] regs=0x00131fb4 regs->eax=12 ret=1
[SYSCALL] regs=0x00131fb4 regs->eax=12 ret=1
[SYSCALL] regs=0x00131fb4 regs->eax=12 ret=1
[SYSCALL] regs=0x00131fb4 regs->eax=12 ret=1
[SYSCALL] regs=0x00131fb4 regs->eax=12 ret=1
[SYSCALL] regs=0x00131fb4 regs->eax=12 ret=1
[SYSCALL] regs=0x00131fb4 regs->eax=12 ret=1
[SYSCALL] regs=0x00131fb4 regs->eax=12 ret=1
[SYSCALL] regs=0x00131fb4 regs->eax=12 ret=1
[SYSCALL] regs=0x00131fb4 regs->eax=12 ret=1
[SYSCALL] regs=0x00131fb4 regs->eax=12 ret=1
[SYSCALL] regs=0x00131fb4 regs->eax=12 ret=1
[SYSCALL] regs=0x00131fb4 regs->eax=12 ret=1
[SYSCALL] regs=0x00131fb4 regs->eax=12 ret=1
[SYSCALL] regs=0x00131fb4 regs->eax=12 ret=1
[SYSCALL] regs=0x00131fb4 regs->eax=12 ret=1
[SYSCALL] regs=0x00131fb4 regs->eax=12 ret=1
[SYSCALL] regs=0x00131fb4 regs->eax=12 ret=1
[SYSCALL] regs=0x00131fb4 regs->eax=12 ret=1
[SYSCALL] regs=0x00131fb4 regs->eax=12 ret=1
[SYSCALL] regs=0x00131fb4 regs->eax=12 ret=1
[SYSCALL] regs=0x00131fb4 regs->eax=12 ret=1
[SYSCALL] regs=0x00131fb4 regs->eax=12 ret=1
[SYSCALL] regs=0x00131fb4 regs->eax=12 ret=1
[SYSCALL] regs=0x00131fb4 regs->eax=12 ret=1
[SYSCALL] regs=0x00131fb4 regs->eax=12 ret=1
[SYSCALL] regs=0x00131fb4 regs->eax=12 ret=1
[SYSCALL] regs=0x00131fb4 regs->eax=12 ret=1
[SYSCALL] regs=0x00131fb4 regs->eax=12 ret=1
[SYSCALL] regs=0x00131fb4 regs->eax=12 ret=1
[SYSCALL] regs=0x00131fb4 regs->eax=12 ret=1
[SYSCALL] regs=0x00131fb4 regs->eax=12 ret=1
[SYSCALL] regs=0x00131fb4 regs->eax=12 ret=1
[SYSCALL] regs=0x00131fb4 regs->eax=12 ret=1
[SYSCALL] regs=0x00131fb4 regs->eax=12 ret=1
[SYSCALL] regs=0x00131fb4 regs->eax=12 ret=1
[SYSCALL] regs=0x00131fb4 regs->eax=12 ret=1
[SYSCALL] regs=0x00131fb4 regs->eax=12 ret=1
[SYSCALL] regs=0x00131fb4 regs->eax=12 ret=1
[SYSCALL] regs=0x00131fb4 regs->eax=12 ret=1
[SYSCALL] regs=0x00131fb4 regs->eax=12 ret=1
[SYSCALL] regs=0x00131fb4 regs->eax=12 ret=1
[SYSCALL] regs=0x00131fb4 regs->eax=12 ret=1
[SYSCALL] regs=0x00131fb4 regs->eax=12 ret=1
[SYSCALL] regs=0x00131fb4 regs->eax=12 ret=1
[SYSCALL] regs=0x00131fb4 regs->eax=12 ret=1
[SYSCALL] regs=0x00131fb4 regs->eax=12 ret=1
[SYSCALL] regs=0x00131fb4 regs->eax=12 ret=1
[SYSCALL] regs=0x00131fb4 regs->eax=12 ret=1
[SYSCALL] regs=0x00131fb4 regs->eax=12 ret=1
[SYSCALL] regs=0x00131fb4 regs->eax=12 ret=1
[SYSCALL] regs=0x00131fb4 regs->eax=12 ret=1
[SYSCALL] regs=0x00131fb4 regs->eax=12 ret=1
[SYSCALL] regs=0x00131fb4 regs->eax=12 ret=1
[SYSCALL] regs=0x00131fb4 regs->eax=12 ret=1
[SYSCALL] regs=0x00131fb4 regs->eax=12 ret=1
[SYSCALL] regs=0x00131fb4 regs->eax=12 ret=1
[SYSCALL] regs=0x00131fb4 regs->eax=12 ret=1
[SYSCALL] regs=0x00131fb4 regs->eax=12 ret=1
[SYSCALL] regs=0x00131fb4 regs->eax=12 ret=1
[SYSCALL] regs=0x00131fb4 regs->eax=12 ret=1
[SYSCALL] regs=0x00131fb4 regs->eax=12 ret=1
[SYSCALL] regs=0x00131fb4 regs->eax=12 ret=1
[SYSCALL] regs=0x00131fb4 regs->eax=12 ret=1
[SYSCALL] regs=0x00131fb4 regs->eax=12 ret=1
[SYSCALL] regs=0x00131fb4 regs->eax=12 ret=1
[SYSCALL] regs=0x00131fb4 regs->eax=12 ret=1
[SYSCALL] regs=0x00131fb4 regs->eax=12 ret=1
[SYSCALL] regs=0x00131fb4 regs->eax=12 ret=1
[SYSCALL] regs=0x00131fb4 regs->eax=12 ret=1
[SYSCALL] regs=0x00131fb4 regs->eax=12 ret=1
[SYSCALL] regs=0x00131fb4 regs->eax=12 ret=1
[SYSCALL] regs=0x00131fb4 regs->eax=12 ret=1
[SYSCALL] regs=0x00131fb4 regs->eax=12 ret=1
[SYSCALL] regs=0x00131fb4 regs->eax=12 ret=1
[SYSCALL] regs=0x00131fb4 regs->eax=12 ret=1
[SYSCALL] regs=0x00131fb4 regs->eax=12 ret=1
[SYSCALL] regs=0x00131fb4 regs->eax=12 ret=1
[SYSCALL] regs=0x00131fb4 regs->eax=12 ret=1
[SYSCALL] regs=0x00131fb4 regs->eax=12 ret=1
[SYSCALL] regs=0x00131fb4 regs->eax=12 ret=1
[SYSCALL] regs=0x00131fb4 regs->eax=12 ret=1
[SYSCALL] regs=0x00131fb4 regs->eax=12 ret=1
[SYSCALL] regs=0x00131fb4 regs->eax=12 ret=1
[SYSCALL] regs=0x00131fb4 regs->eax=12 ret=1
[SYSCALL] regs=0x00131fb4 regs->eax=12 ret=1
[SYSCALL] regs=0x00131fb4 regs->eax=12 ret=1
[SYSCALL] regs=0x00131fb4 regs->eax=12 ret=1
[SYSCALL] regs=0x00131fb4 regs->eax=12 ret=1
[SYSCALL] regs=0x00131fb4 regs->eax=12 ret=1
[SYSCALL] regs=0x00131fb4 regs->eax=12 ret=1
[SYSCALL] regs=0x00131fb4 regs->eax=12 ret=1
[SYSCALL] regs=0x00131fb4 regs->eax=12 ret=1
[SYSCALL] regs=0x00131fb4 regs->eax=12 ret=1
[SYSCALL] regs=0x00131fb4 regs->eax=12 ret=1
[SYSCALL] regs=0x00131fb4 regs->eax=12 ret=1
[SYSCALL] regs=0x00131fb4 regs->eax=12 ret=1
[SYSCALL] regs=0x00131fb4 regs->eax=12 ret=1
[SYSCALL] regs=0x00131fb4 regs->eax=14 ret=0
[SYSCALL] regs=0x00131fb4 regs->eax=12 ret=1
[SYSCALL] regs=0x00131fb4 regs->eax=14 ret=0
[SYSCALL] regs=0x00131fb4 regs->eax=12 ret=1
[SYSCALL] regs=0x00131fb4 regs->eax=12 ret=1
[SYSCALL] regs=0x00131fb4 regs->eax=12 ret=1
[SYSCALL] regs=0x00131fb4 regs->eax=12 ret=1
[SYSCALL] regs=0x00131fb4 regs->eax=12 ret=1
[SYSCALL] regs=0x00131fb4 regs->eax=12 ret=1
[SYSCALL] regs=0x00131fb4 regs->eax=12 ret=1
[SYSCALL] regs=0x00131fb4 regs->eax=12 ret=1
[SYSCALL] regs=0x00131fb4 regs->eax=12 ret=1
[SYSCALL] regs=0x00131fb4 regs->eax=12 ret=1
[SYSCALL] regs=0x00131fb4 regs->eax=12 ret=1
[SYSCALL] regs=0x00131fb4 regs->eax=12 ret=1
[SYSCALL] regs=0x00131fb4 regs->eax=12 ret=1
[SYSCALL] regs=0x00131fb4 regs->eax=12 ret=1
[SYSCALL] regs=0x00131fb4 regs->eax=12 ret=1
[SYSCALL] regs=0x00131fb4 regs->eax=12 ret=1
[SYSCALL] regs=0x00131fb4 regs->eax=12 ret=1
[SYSCALL] regs=0x00131fb4 regs->eax=12 ret=1
[SYSCALL] regs=0x00131fb4 regs->eax=12 ret=1
[SYSCALL] regs=0x00131fb4 regs->eax=12 ret=1
[SYSCALL] regs=0x00131fb4 regs->eax=12 ret=1
[SYSCALL] regs=0x00131fb4 regs->eax=12 ret=1
[SYSCALL] regs=0x00131fb4 regs->eax=12 ret=1
[SYSCALL] regs=0x00131fb4 regs->eax=12 ret=1
[SYSCALL] regs=0x00131fb4 regs->eax=12 ret=1
[SYSCALL] regs=0x00131fb4 regs->eax=12 ret=1
[SYSCALL] regs=0x00131fb4 regs->eax=12 ret=1
[SYSCALL] regs=0x00131fb4 regs->eax=12 ret=1
[SYSCALL] regs=0x00131fb4 regs->eax=12 ret=1
[SYSCALL] regs=0x00131fb4 regs->eax=14 ret=0
[VMM] New process page directory created at physical 0x00135000.
[ELF] PT_LOAD: vaddr=0x40000000 filesz=0x11a8 memsz=0x11b0 pages=2
[VMM] Map: virt 0x40000000 -> phys 0x136000, PDE=0x137007, PTE=0x136007
[VMM] Map: virt 0x40001000 -> phys 0x138000, PDE=0x137007, PTE=0x138007
[VMM] Map: virt 0x7fffc000 -> phys 0x13b000, PDE=0x13d007, PTE=0x13b007
[VMM] Map: virt 0x7fffd000 -> phys 0x13c000, PDE=0x13d007, PTE=0x13c007
[TASK] Process 4 created. Entry: 0x4000004c, Kernel stack: 0x0013a000, heap_brk=0x50000000
[SYSCALL] regs=0x00131fb4 regs->eax=3 ret=0
[SYSCALL] regs=0x00131fb4 regs->eax=14 ret=0
[SYSCALL] regs=0x00131fb4 regs->eax=12 ret=1
[SYSCALL] regs=0x00131fb4 regs->eax=12 ret=1
[SYSCALL] regs=0x00131fb4 regs->eax=12 ret=1
[SYSCALL] regs=0x00131fb4 regs->eax=12 ret=1
[SYSCALL] regs=0x00131fb4 regs->eax=12 ret=1
[SYSCALL] regs=0x00131fb4 regs->eax=12 ret=1
[SYSCALL] regs=0x00131fb4 regs->eax=12 ret=1
[SYSCALL] regs=0x00131fb4 regs->eax=12 ret=1
[SYSCALL] regs=0x00131fb4 regs->eax=12 ret=1
[SYSCALL] regs=0x0013afb4 regs->eax=2 ret=4
[SYSCALL] regs=0x0013afb4 regs->eax=12 ret=1
[SYSCALL] regs=0x0013afb4 regs->eax=12 ret=1
[SYSCALL] regs=0x0013afb4 regs->eax=12 ret=1
[SYSCALL] regs=0x0013afb4 regs->eax=12 ret=1
[SYSCALL] regs=0x0013afb4 regs->eax=12 ret=1
[SYSCALL] regs=0x0013afb4 regs->eax=12 ret=1
[SYSCALL] regs=0x0013afb4 regs->eax=12 ret=1
[SYSCALL] regs=0x0013afb4 regs->eax=12 ret=1
[SYSCALL] regs=0x0013afb4 regs->eax=12 ret=1
[SYSCALL] regs=0x0013afb4 regs->eax=12 ret=1
[SYSCALL] regs=0x0013afb4 regs->eax=12 ret=1
[SYSCALL] regs=0x0013afb4 regs->eax=12 ret=1
[SYSCALL] regs=0x0013afb4 regs->eax=12 ret=1
[SYSCALL] regs=0x0013afb4 regs->eax=12 ret=1
[SYSCALL] regs=0x0013afb4 regs->eax=12 ret=1
[SYSCALL] regs=0x0013afb4 regs->eax=12 ret=1
[SYSCALL] regs=0x0013afb4 regs->eax=12 ret=1
[SYSCALL] regs=0x0013afb4 regs->eax=12 ret=1
[SYSCALL] regs=0x0013afb4 regs->eax=12 ret=1
[SYSCALL] regs=0x00131fb4 regs->eax=12 ret=1
[SYSCALL] regs=0x00131fb4 regs->eax=12 ret=1
[SYSCALL] regs=0x00131fb4 regs->eax=12 ret=1
[SYSCALL] regs=0x00131fb4 regs->eax=12 ret=1
[SYSCALL] regs=0x00131fb4 regs->eax=12 ret=1
[SYSCALL] regs=0x00131fb4 regs->eax=12 ret=1
[SYSCALL] regs=0x00131fb4 regs->eax=12 ret=1
[SYSCALL] regs=0x00131fb4 regs->eax=12 ret=1
[SYSCALL] regs=0x00131fb4 regs->eax=12 ret=1
[SYSCALL] regs=0x00131fb4 regs->eax=12 ret=1
[SYSCALL] regs=0x00131fb4 regs->eax=12 ret=1
[SYSCALL] regs=0x00131fb4 regs->eax=12 ret=1
[SYSCALL] regs=0x00131fb4 regs->eax=12 ret=1
[SYSCALL] regs=0x00131fb4 regs->eax=12 ret=1
[SYSCALL] regs=0x00131fb4 regs->eax=12 ret=1
[SYSCALL] regs=0x00131fb4 regs->eax=12 ret=1
[SYSCALL] regs=0x0013afb4 regs->eax=12 ret=1
[SYSCALL] regs=0x0013afb4 regs->eax=12 ret=1
[SYSCALL] regs=0x0013afb4 regs->eax=12 ret=1
[SYSCALL] regs=0x0013afb4 regs->eax=12 ret=1
[SYSCALL] regs=0x0013afb4 regs->eax=12 ret=1
[SYSCALL] regs=0x0013afb4 regs->eax=12 ret=1
[SYSCALL] regs=0x0013afb4 regs->eax=12 ret=1
[SYSCALL] regs=0x0013afb4 regs->eax=12 ret=1
[SYSCALL] regs=0x0013afb4 regs->eax=12 ret=1
[SYSCALL] regs=0x0013afb4 regs->eax=12 ret=1
[SYSCALL] regs=0x0013afb4 regs->eax=12 ret=1
[SYSCALL] regs=0x0013afb4 regs->eax=12 ret=1
[SYSCALL] regs=0x00131fb4 regs->eax=12 ret=1
[SYSCALL] regs=0x00131fb4 regs->eax=12 ret=1
[SYSCALL] regs=0x00131fb4 regs->eax=14 ret=0
[SYSCALL] regs=0x0013afb4 regs->eax=12 ret=1
[SYSCALL] regs=0x0013afb4 regs->eax=12 ret=1
[SYSCALL] regs=0x0013afb4 regs->eax=12 ret=1
[SYSCALL] regs=0x0013afb4 regs->eax=12 ret=1
[SYSCALL] regs=0x0013afb4 regs->eax=12 ret=1
[SYSCALL] regs=0x0013afb4 regs->eax=12 ret=1
[SYSCALL] regs=0x00131fb4 regs->eax=7 ret=0
[SYSCALL] regs=0x00131fb4 regs->eax=14 ret=0
[SYSCALL] regs=0x00131fb4 regs->eax=12 ret=1
[SYSCALL] regs=0x00131fb4 regs->eax=12 ret=1
[SYSCALL] regs=0x00131fb4 regs->eax=12 ret=1
[SYSCALL] regs=0x00131fb4 regs->eax=12 ret=1
[SYSCALL] regs=0x00131fb4 regs->eax=12 ret=1
[SYSCALL] regs=0x00131fb4 regs->eax=12 ret=1
[SYSCALL] regs=0x00131fb4 regs->eax=12 ret=1
[SYSCALL] regs=0x00131fb4 regs->eax=12 ret=1
[SYSCALL] regs=0x00131fb4 regs->eax=12 ret=1
[SYSCALL] regs=0x00131fb4 regs->eax=12 ret=1
[SYSCALL] regs=0x00131fb4 regs->eax=12 ret=1
[SYSCALL] regs=0x00131fb4 regs->eax=12 ret=1
[SYSCALL] regs=0x00131fb4 regs->eax=12 ret=1
[SYSCALL] regs=0x00131fb4 regs->eax=12 ret=1
[SYSCALL] regs=0x00131fb4 regs->eax=12 ret=1
[SYSCALL] regs=0x00131fb4 regs->eax=12 ret=1
[SYSCALL] regs=0x00131fb4 regs->eax=12 ret=1
[SYSCALL] regs=0x00131fb4 regs->eax=12 ret=1
[SYSCALL] regs=0x00131fb4 regs->eax=12 ret=1
[SYSCALL] regs=0x00131fb4 regs->eax=12 ret=1
[SYSCALL] regs=0x00131fb4 regs->eax=12 ret=1
[SYSCALL] regs=0x00131fb4 regs->eax=14 ret=0
[WAIT] enter: cur=0x00130000 pid=3 h=0 timeout=0
[WAIT] leave: r=0
[SYSCALL] regs=0x00131fb4 regs->eax=6 ret=0
[SYSCALL] regs=0x00131fb4 regs->eax=14 ret=0
[SYSCALL] regs=0x00131fb4 regs->eax=12 ret=1
[SYSCALL] regs=0x00131fb4 regs->eax=12 ret=1
[SYSCALL] regs=0x00131fb4 regs->eax=12 ret=1
[SYSCALL] regs=0x00131fb4 regs->eax=12 ret=1
[SYSCALL] regs=0x00131fb4 regs->eax=12 ret=1
[SYSCALL] regs=0x00131fb4 regs->eax=12 ret=1
[SYSCALL] regs=0x00131fb4 regs->eax=12 ret=1
[SYSCALL] regs=0x00131fb4 regs->eax=12 ret=1
[SYSCALL] regs=0x00131fb4 regs->eax=12 ret=1
[SYSCALL] regs=0x00131fb4 regs->eax=12 ret=1
[SYSCALL] regs=0x00131fb4 regs->eax=12 ret=1
[SYSCALL] regs=0x00131fb4 regs->eax=12 ret=1
[SYSCALL] regs=0x00131fb4 regs->eax=12 ret=1
[SYSCALL] regs=0x00131fb4 regs->eax=12 ret=1
[SYSCALL] regs=0x00131fb4 regs->eax=12 ret=1
[SYSCALL] regs=0x00131fb4 regs->eax=12 ret=1
[SYSCALL] regs=0x00131fb4 regs->eax=12 ret=1
[SYSCALL] regs=0x00131fb4 regs->eax=12 ret=1
[SYSCALL] regs=0x00131fb4 regs->eax=12 ret=1
[SYSCALL] regs=0x00131fb4 regs->eax=12 ret=1
[SYSCALL] regs=0x00131fb4 regs->eax=12 ret=1
[SYSCALL] regs=0x00131fb4 regs->eax=12 ret=1
[SYSCALL] regs=0x00131fb4 regs->eax=12 ret=1
[SYSCALL] regs=0x00131fb4 regs->eax=12 ret=1
[SYSCALL] regs=0x00131fb4 regs->eax=12 ret=1
[SYSCALL] regs=0x00131fb4 regs->eax=12 ret=1
[SYSCALL] regs=0x00131fb4 regs->eax=12 ret=1
[SYSCALL] regs=0x00131fb4 regs->eax=12 ret=1
[SYSCALL] regs=0x00131fb4 regs->eax=12 ret=1
[SYSCALL] regs=0x00131fb4 regs->eax=12 ret=1
[SYSCALL] regs=0x00131fb4 regs->eax=12 ret=1
[SYSCALL] regs=0x00131fb4 regs->eax=12 ret=1
[SYSCALL] regs=0x00131fb4 regs->eax=12 ret=1
[SYSCALL] regs=0x00131fb4 regs->eax=12 ret=1
[SYSCALL] regs=0x00131fb4 regs->eax=12 ret=1
[SYSCALL] regs=0x00131fb4 regs->eax=12 ret=1
[SYSCALL] regs=0x00131fb4 regs->eax=12 ret=1
[SYSCALL] regs=0x00131fb4 regs->eax=14 ret=0
[SYSCALL] regs=0x00131fb4 regs->eax=8 ret=0
[SYSCALL] regs=0x00131fb4 regs->eax=14 ret=0
[SYSCALL] regs=0x00131fb4 regs->eax=12 ret=1
[SYSCALL] regs=0x00131fb4 regs->eax=12 ret=1
[SYSCALL] regs=0x00131fb4 regs->eax=12 ret=1
[SYSCALL] regs=0x00131fb4 regs->eax=12 ret=1
[SYSCALL] regs=0x00131fb4 regs->eax=12 ret=1
[SYSCALL] regs=0x00131fb4 regs->eax=12 ret=1
[SYSCALL] regs=0x00131fb4 regs->eax=12 ret=1
[SYSCALL] regs=0x00131fb4 regs->eax=12 ret=1
[SYSCALL] regs=0x00131fb4 regs->eax=12 ret=1
[SYSCALL] regs=0x00131fb4 regs->eax=12 ret=1
[SYSCALL] regs=0x00131fb4 regs->eax=12 ret=1
[SYSCALL] regs=0x00131fb4 regs->eax=12 ret=1
[SYSCALL] regs=0x00131fb4 regs->eax=12 ret=1
[SYSCALL] regs=0x00131fb4 regs->eax=12 ret=1
[SYSCALL] regs=0x00131fb4 regs->eax=12 ret=1
[SYSCALL] regs=0x00131fb4 regs->eax=12 ret=1
[SYSCALL] regs=0x00131fb4 regs->eax=12 ret=1
[SYSCALL] regs=0x00131fb4 regs->eax=12 ret=1
[SYSCALL] regs=0x00131fb4 regs->eax=12 ret=1
[SYSCALL] regs=0x00131fb4 regs->eax=12 ret=1
[SYSCALL] regs=0x00131fb4 regs->eax=12 ret=1
[SYSCALL] regs=0x00131fb4 regs->eax=12 ret=1
[SYSCALL] regs=0x00131fb4 regs->eax=12 ret=1
[SYSCALL] regs=0x00131fb4 regs->eax=14 ret=0
[SYSCALL] regs=0x00131fb4 regs->eax=12 ret=1
[SYSCALL] regs=0x00131fb4 regs->eax=14 ret=0
[SYSCALL] regs=0x00131fb4 regs->eax=12 ret=1
[SYSCALL] regs=0x00131fb4 regs->eax=12 ret=1
[SYSCALL] regs=0x00131fb4 regs->eax=12 ret=1
[SYSCALL] regs=0x00131fb4 regs->eax=12 ret=1
[SYSCALL] regs=0x00131fb4 regs->eax=12 ret=1
[SYSCALL] regs=0x00131fb4 regs->eax=12 ret=1
[SYSCALL] regs=0x00131fb4 regs->eax=12 ret=1
[SYSCALL] regs=0x00131fb4 regs->eax=12 ret=1
[SYSCALL] regs=0x00131fb4 regs->eax=12 ret=1
[SYSCALL] regs=0x00131fb4 regs->eax=12 ret=1
[SYSCALL] regs=0x00131fb4 regs->eax=12 ret=1
[SYSCALL] regs=0x00131fb4 regs->eax=12 ret=1
[SYSCALL] regs=0x00131fb4 regs->eax=12 ret=1
[SYSCALL] regs=0x00131fb4 regs->eax=12 ret=1
[SYSCALL] regs=0x00131fb4 regs->eax=12 ret=1
[SYSCALL] regs=0x00131fb4 regs->eax=12 ret=1
[SYSCALL] regs=0x00131fb4 regs->eax=12 ret=1
[SYSCALL] regs=0x00131fb4 regs->eax=12 ret=1
[SYSCALL] regs=0x00131fb4 regs->eax=12 ret=1
[SYSCALL] regs=0x00131fb4 regs->eax=12 ret=1
[SYSCALL] regs=0x00131fb4 regs->eax=12 ret=1
[SYSCALL] regs=0x00131fb4 regs->eax=12 ret=1
[SYSCALL] regs=0x00131fb4 regs->eax=12 ret=1
[SYSCALL] regs=0x00131fb4 regs->eax=12 ret=1
[SYSCALL] regs=0x00131fb4 regs->eax=12 ret=1
[SYSCALL] regs=0x00131fb4 regs->eax=12 ret=1
[SYSCALL] regs=0x00131fb4 regs->eax=12 ret=1
[SYSCALL] regs=0x00131fb4 regs->eax=12 ret=1
[SYSCALL] regs=0x00131fb4 regs->eax=12 ret=1
[SYSCALL] regs=0x00131fb4 regs->eax=12 ret=1
[SYSCALL] regs=0x00131fb4 regs->eax=12 ret=1
[SYSCALL] regs=0x00131fb4 regs->eax=12 ret=1
[SYSCALL] regs=0x00131fb4 regs->eax=12 ret=1
[SYSCALL] regs=0x00131fb4 regs->eax=12 ret=1
[SYSCALL] regs=0x00131fb4 regs->eax=14 ret=0
[VMM] New process page directory created at physical 0x00135000.
[ELF] PT_LOAD: vaddr=0x40000000 filesz=0x11a8 memsz=0x11b0 pages=2
[VMM] Map: virt 0x40000000 -> phys 0x136000, PDE=0x137007, PTE=0x136007
[VMM] Map: virt 0x40001000 -> phys 0x138000, PDE=0x137007, PTE=0x138007
[VMM] Map: virt 0x7fffc000 -> phys 0x13b000, PDE=0x13d007, PTE=0x13b007
[VMM] Map: virt 0x7fffd000 -> phys 0x13c000, PDE=0x13d007, PTE=0x13c007
[TASK] Process 5 created. Entry: 0x4000004c, Kernel stack: 0x0013a000, heap_brk=0x50000000
[SYSCALL] regs=0x00131fb4 regs->eax=3 ret=0
[SYSCALL] regs=0x00131fb4 regs->eax=14 ret=0
[SYSCALL] regs=0x00131fb4 regs->eax=12 ret=1
[SYSCALL] regs=0x00131fb4 regs->eax=12 ret=1
[SYSCALL] regs=0x00131fb4 regs->eax=12 ret=1
[SYSCALL] regs=0x00131fb4 regs->eax=12 ret=1
[SYSCALL] regs=0x00131fb4 regs->eax=12 ret=1
[SYSCALL] regs=0x00131fb4 regs->eax=12 ret=1
[SYSCALL] regs=0x00131fb4 regs->eax=12 ret=1
[SYSCALL] regs=0x00131fb4 regs->eax=12 ret=1
[SYSCALL] regs=0x00131fb4 regs->eax=12 ret=1
[SYSCALL] regs=0x00131fb4 regs->eax=12 ret=1
[SYSCALL] regs=0x0013afb4 regs->eax=2 ret=5
[SYSCALL] regs=0x0013afb4 regs->eax=12 ret=1
[SYSCALL] regs=0x0013afb4 regs->eax=12 ret=1
[SYSCALL] regs=0x0013afb4 regs->eax=12 ret=1
[SYSCALL] regs=0x0013afb4 regs->eax=12 ret=1
[SYSCALL] regs=0x0013afb4 regs->eax=12 ret=1
[SYSCALL] regs=0x0013afb4 regs->eax=12 ret=1
[SYSCALL] regs=0x0013afb4 regs->eax=12 ret=1
[SYSCALL] regs=0x0013afb4 regs->eax=12 ret=1
[SYSCALL] regs=0x0013afb4 regs->eax=12 ret=1
[SYSCALL] regs=0x0013afb4 regs->eax=12 ret=1
[SYSCALL] regs=0x0013afb4 regs->eax=12 ret=1
[SYSCALL] regs=0x0013afb4 regs->eax=12 ret=1
[SYSCALL] regs=0x00131fb4 regs->eax=12 ret=1
[SYSCALL] regs=0x00131fb4 regs->eax=12 ret=1
[SYSCALL] regs=0x00131fb4 regs->eax=12 ret=1
[SYSCALL] regs=0x00131fb4 regs->eax=12 ret=1
[SYSCALL] regs=0x00131fb4 regs->eax=12 ret=1
[SYSCALL] regs=0x00131fb4 regs->eax=12 ret=1
[SYSCALL] regs=0x00131fb4 regs->eax=12 ret=1
[SYSCALL] regs=0x00131fb4 regs->eax=12 ret=1
[SYSCALL] regs=0x00131fb4 regs->eax=12 ret=1
[SYSCALL] regs=0x00131fb4 regs->eax=12 ret=1
[SYSCALL] regs=0x00131fb4 regs->eax=12 ret=1
[SYSCALL] regs=0x00131fb4 regs->eax=12 ret=1
[SYSCALL] regs=0x00131fb4 regs->eax=12 ret=1
[SYSCALL] regs=0x00131fb4 regs->eax=12 ret=1
[SYSCALL] regs=0x00131fb4 regs->eax=12 ret=1
[SYSCALL] regs=0x00131fb4 regs->eax=12 ret=1
[SYSCALL] regs=0x0013afb4 regs->eax=12 ret=1
[SYSCALL] regs=0x0013afb4 regs->eax=12 ret=1
[SYSCALL] regs=0x0013afb4 regs->eax=12 ret=1
[SYSCALL] regs=0x0013afb4 regs->eax=12 ret=1
[SYSCALL] regs=0x0013afb4 regs->eax=12 ret=1
[SYSCALL] regs=0x0013afb4 regs->eax=12 ret=1
[SYSCALL] regs=0x0013afb4 regs->eax=12 ret=1
[SYSCALL] regs=0x0013afb4 regs->eax=12 ret=1
[SYSCALL] regs=0x0013afb4 regs->eax=12 ret=1
[SYSCALL] regs=0x0013afb4 regs->eax=12 ret=1
[SYSCALL] regs=0x0013afb4 regs->eax=12 ret=1
[SYSCALL] regs=0x0013afb4 regs->eax=12 ret=1
[SYSCALL] regs=0x00131fb4 regs->eax=12 ret=1
[SYSCALL] regs=0x00131fb4 regs->eax=14 ret=0
[SYSCALL] regs=0x0013afb4 regs->eax=12 ret=1
[SYSCALL] regs=0x0013afb4 regs->eax=12 ret=1
[SYSCALL] regs=0x0013afb4 regs->eax=12 ret=1
[SYSCALL] regs=0x0013afb4 regs->eax=12 ret=1
[SYSCALL] regs=0x0013afb4 regs->eax=12 ret=1
[SYSCALL] regs=0x0013afb4 regs->eax=12 ret=1
[SYSCALL] regs=0x0013afb4 regs->eax=12 ret=1
[SYSCALL] regs=0x0013afb4 regs->eax=12 ret=1
[SYSCALL] regs=0x0013afb4 regs->eax=12 ret=1
[SYSCALL] regs=0x0013afb4 regs->eax=12 ret=1
[SYSCALL] regs=0x0013afb4 regs->eax=12 ret=1
[SYSCALL] regs=0x0013afb4 regs->eax=12 ret=1
[SYSCALL] regs=0x0013afb4 regs->eax=12 ret=1
[SYSCALL] regs=0x00131fb4 regs->eax=7 ret=0
[SYSCALL] regs=0x00131fb4 regs->eax=14 ret=0
[SYSCALL] regs=0x00131fb4 regs->eax=12 ret=1
[SYSCALL] regs=0x00131fb4 regs->eax=12 ret=1
[SYSCALL] regs=0x00131fb4 regs->eax=12 ret=1
[SYSCALL] regs=0x00131fb4 regs->eax=12 ret=1
[SYSCALL] regs=0x00131fb4 regs->eax=12 ret=1
[SYSCALL] regs=0x00131fb4 regs->eax=12 ret=1
[SYSCALL] regs=0x00131fb4 regs->eax=12 ret=1
[SYSCALL] regs=0x00131fb4 regs->eax=12 ret=1
[SYSCALL] regs=0x00131fb4 regs->eax=12 ret=1
[SYSCALL] regs=0x00131fb4 regs->eax=12 ret=1
[SYSCALL] regs=0x00131fb4 regs->eax=12 ret=1
[SYSCALL] regs=0x00131fb4 regs->eax=12 ret=1
[SYSCALL] regs=0x00131fb4 regs->eax=12 ret=1
[SYSCALL] regs=0x00131fb4 regs->eax=12 ret=1
[SYSCALL] regs=0x00131fb4 regs->eax=12 ret=1
[SYSCALL] regs=0x00131fb4 regs->eax=12 ret=1
[SYSCALL] regs=0x00131fb4 regs->eax=12 ret=1
[SYSCALL] regs=0x00131fb4 regs->eax=12 ret=1
[SYSCALL] regs=0x00131fb4 regs->eax=12 ret=1
[SYSCALL] regs=0x00131fb4 regs->eax=12 ret=1
[SYSCALL] regs=0x00131fb4 regs->eax=12 ret=1
[SYSCALL] regs=0x00131fb4 regs->eax=14 ret=0
[SYSCALL] regs=0x00131fb4 regs->eax=8 ret=0
[SYSCALL] regs=0x00131fb4 regs->eax=14 ret=0
[SYSCALL] regs=0x00131fb4 regs->eax=12 ret=1
[SYSCALL] regs=0x00131fb4 regs->eax=12 ret=1
[SYSCALL] regs=0x00131fb4 regs->eax=12 ret=1
[SYSCALL] regs=0x00131fb4 regs->eax=12 ret=1
[SYSCALL] regs=0x00131fb4 regs->eax=12 ret=1
[SYSCALL] regs=0x00131fb4 regs->eax=12 ret=1
[SYSCALL] regs=0x00131fb4 regs->eax=12 ret=1
[SYSCALL] regs=0x00131fb4 regs->eax=12 ret=1
[SYSCALL] regs=0x00131fb4 regs->eax=12 ret=1
[SYSCALL] regs=0x00131fb4 regs->eax=12 ret=1
[SYSCALL] regs=0x00131fb4 regs->eax=12 ret=1
[SYSCALL] regs=0x00131fb4 regs->eax=12 ret=1
[SYSCALL] regs=0x00131fb4 regs->eax=12 ret=1
[SYSCALL] regs=0x00131fb4 regs->eax=12 ret=1
[SYSCALL] regs=0x00131fb4 regs->eax=12 ret=1
[SYSCALL] regs=0x00131fb4 regs->eax=12 ret=1
[SYSCALL] regs=0x00131fb4 regs->eax=12 ret=1
[SYSCALL] regs=0x00131fb4 regs->eax=12 ret=1
[SYSCALL] regs=0x00131fb4 regs->eax=12 ret=1
[SYSCALL] regs=0x00131fb4 regs->eax=12 ret=1
[SYSCALL] regs=0x00131fb4 regs->eax=12 ret=1
[SYSCALL] regs=0x00131fb4 regs->eax=12 ret=1
[SYSCALL] regs=0x00131fb4 regs->eax=12 ret=1
[SYSCALL] regs=0x00131fb4 regs->eax=12 ret=1
[SYSCALL] regs=0x00131fb4 regs->eax=12 ret=1
[SYSCALL] regs=0x00131fb4 regs->eax=12 ret=1
[SYSCALL] regs=0x00131fb4 regs->eax=12 ret=1
[SYSCALL] regs=0x00131fb4 regs->eax=12 ret=1
[SYSCALL] regs=0x00131fb4 regs->eax=12 ret=1
[SYSCALL] regs=0x00131fb4 regs->eax=12 ret=1
[SYSCALL] regs=0x00131fb4 regs->eax=12 ret=1
[SYSCALL] regs=0x00131fb4 regs->eax=12 ret=1
[SYSCALL] regs=0x00131fb4 regs->eax=12 ret=1
[SYSCALL] regs=0x00131fb4 regs->eax=12 ret=1
[SYSCALL] regs=0x00131fb4 regs->eax=12 ret=1
[SYSCALL] regs=0x00131fb4 regs->eax=12 ret=1
[SYSCALL] regs=0x00131fb4 regs->eax=14 ret=0
[SYSCALL] regs=0x00131fb4 regs->eax=12 ret=1
[SYSCALL] regs=0x00131fb4 regs->eax=14 ret=0
[SYSCALL] regs=0x00131fb4 regs->eax=12 ret=1
[SYSCALL] regs=0x00131fb4 regs->eax=12 ret=1
[SYSCALL] regs=0x00131fb4 regs->eax=12 ret=1
[SYSCALL] regs=0x00131fb4 regs->eax=12 ret=1
[SYSCALL] regs=0x00131fb4 regs->eax=12 ret=1
[SYSCALL] regs=0x00131fb4 regs->eax=12 ret=1
[SYSCALL] regs=0x00131fb4 regs->eax=12 ret=1
[SYSCALL] regs=0x00131fb4 regs->eax=12 ret=1
[SYSCALL] regs=0x00131fb4 regs->eax=12 ret=1
[SYSCALL] regs=0x00131fb4 regs->eax=12 ret=1
[SYSCALL] regs=0x00131fb4 regs->eax=12 ret=1
[SYSCALL] regs=0x00131fb4 regs->eax=12 ret=1
[SYSCALL] regs=0x00131fb4 regs->eax=12 ret=1
[SYSCALL] regs=0x00131fb4 regs->eax=12 ret=1
[SYSCALL] regs=0x00131fb4 regs->eax=12 ret=1
[SYSCALL] regs=0x00131fb4 regs->eax=12 ret=1
[SYSCALL] regs=0x00131fb4 regs->eax=12 ret=1
[SYSCALL] regs=0x00131fb4 regs->eax=12 ret=1
[SYSCALL] regs=0x00131fb4 regs->eax=12 ret=1
[SYSCALL] regs=0x00131fb4 regs->eax=12 ret=1
[SYSCALL] regs=0x00131fb4 regs->eax=12 ret=1
[SYSCALL] regs=0x00131fb4 regs->eax=12 ret=1
[SYSCALL] regs=0x00131fb4 regs->eax=12 ret=1
[SYSCALL] regs=0x00131fb4 regs->eax=12 ret=1
[SYSCALL] regs=0x00131fb4 regs->eax=12 ret=1
[SYSCALL] regs=0x00131fb4 regs->eax=12 ret=1
[SYSCALL] regs=0x00131fb4 regs->eax=12 ret=1
[SYSCALL] regs=0x00131fb4 regs->eax=12 ret=1
[SYSCALL] regs=0x00131fb4 regs->eax=12 ret=1
[SYSCALL] regs=0x00131fb4 regs->eax=12 ret=1
[SYSCALL] regs=0x00131fb4 regs->eax=12 ret=1
[SYSCALL] regs=0x00131fb4 regs->eax=12 ret=1
[SYSCALL] regs=0x00131fb4 regs->eax=12 ret=1
[SYSCALL] regs=0x00131fb4 regs->eax=12 ret=1
[SYSCALL] regs=0x00131fb4 regs->eax=12 ret=1
[SYSCALL] regs=0x00131fb4 regs->eax=12 ret=1
[SYSCALL] regs=0x00131fb4 regs->eax=12 ret=1
[SYSCALL] regs=0x00131fb4 regs->eax=12 ret=1
[SYSCALL] regs=0x00131fb4 regs->eax=12 ret=1
[SYSCALL] regs=0x00131fb4 regs->eax=12 ret=1
[SYSCALL] regs=0x00131fb4 regs->eax=12 ret=1
[SYSCALL] regs=0x00131fb4 regs->eax=12 ret=1
[SYSCALL] regs=0x00131fb4 regs->eax=12 ret=1
[SYSCALL] regs=0x00131fb4 regs->eax=12 ret=1
[SYSCALL] regs=0x00131fb4 regs->eax=12 ret=1
[SYSCALL] regs=0x00131fb4 regs->eax=12 ret=1
[SYSCALL] regs=0x00131fb4 regs->eax=12 ret=1
[SYSCALL] regs=0x00131fb4 regs->eax=12 ret=1
[SYSCALL] regs=0x00131fb4 regs->eax=12 ret=1
[SYSCALL] regs=0x00131fb4 regs->eax=12 ret=1
[SYSCALL] regs=0x00131fb4 regs->eax=12 ret=1
[SYSCALL] regs=0x00131fb4 regs->eax=14 ret=0
[VMM] New process page directory created at physical 0x00135000.
[ELF] PT_LOAD: vaddr=0x40000000 filesz=0x11a8 memsz=0x11b0 pages=2
[VMM] Map: virt 0x40000000 -> phys 0x136000, PDE=0x137007, PTE=0x136007
[VMM] Map: virt 0x40001000 -> phys 0x138000, PDE=0x137007, PTE=0x138007
[VMM] Map: virt 0x7fffc000 -> phys 0x13b000, PDE=0x13d007, PTE=0x13b007
[VMM] Map: virt 0x7fffd000 -> phys 0x13c000, PDE=0x13d007, PTE=0x13c007
[TASK] Process 6 created. Entry: 0x4000004c, Kernel stack: 0x0013a000, heap_brk=0x50000000
[SYSCALL] regs=0x00131fb4 regs->eax=3 ret=0
[SYSCALL] regs=0x0013afb4 regs->eax=2 ret=6
[SYSCALL] regs=0x0013afb4 regs->eax=12 ret=1
[SYSCALL] regs=0x0013afb4 regs->eax=12 ret=1
[SYSCALL] regs=0x0013afb4 regs->eax=12 ret=1
[SYSCALL] regs=0x0013afb4 regs->eax=12 ret=1
[SYSCALL] regs=0x0013afb4 regs->eax=12 ret=1
[SYSCALL] regs=0x0013afb4 regs->eax=12 ret=1
[SYSCALL] regs=0x0013afb4 regs->eax=12 ret=1
[SYSCALL] regs=0x0013afb4 regs->eax=12 ret=1
[SYSCALL] regs=0x0013afb4 regs->eax=12 ret=1
[SYSCALL] regs=0x0013afb4 regs->eax=12 ret=1
[SYSCALL] regs=0x0013afb4 regs->eax=12 ret=1
[SYSCALL] regs=0x0013afb4 regs->eax=12 ret=1
[SYSCALL] regs=0x0013afb4 regs->eax=12 ret=1
[SYSCALL] regs=0x0013afb4 regs->eax=12 ret=1
[SYSCALL] regs=0x0013afb4 regs->eax=12 ret=1
[SYSCALL] regs=0x0013afb4 regs->eax=12 ret=1
[SYSCALL] regs=0x0013afb4 regs->eax=12 ret=1
[SYSCALL] regs=0x00131fb4 regs->eax=7 ret=0
[WAIT] enter: cur=0x00130000 pid=3 h=0 timeout=0
[WAIT] leave: r=0
[SYSCALL] regs=0x00131fb4 regs->eax=6 ret=0
[SYSCALL] regs=0x00131fb4 regs->eax=8 ret=0
[VMM] New process page directory created at physical 0x00135000.
[ELF] PT_LOAD: vaddr=0x40000000 filesz=0x11a8 memsz=0x11b0 pages=2
[VMM] Map: virt 0x40000000 -> phys 0x136000, PDE=0x137007, PTE=0x136007
[VMM] Map: virt 0x40001000 -> phys 0x138000, PDE=0x137007, PTE=0x138007
[VMM] Map: virt 0x7fffc000 -> phys 0x13b000, PDE=0x13d007, PTE=0x13b007
[VMM] Map: virt 0x7fffd000 -> phys 0x13c000, PDE=0x13d007, PTE=0x13c007
[TASK] Process 7 created. Entry: 0x4000004c, Kernel stack: 0x0013a000, heap_brk=0x50000000
[SYSCALL] regs=0x00131fb4 regs->eax=3 ret=0
[SYSCALL] regs=0x0013afb4 regs->eax=2 ret=7
[SYSCALL] regs=0x0013afb4 regs->eax=12 ret=1
[SYSCALL] regs=0x0013afb4 regs->eax=12 ret=1
[SYSCALL] regs=0x0013afb4 regs->eax=12 ret=1
[SYSCALL] regs=0x0013afb4 regs->eax=12 ret=1
[SYSCALL] regs=0x0013afb4 regs->eax=12 ret=1
[SYSCALL] regs=0x0013afb4 regs->eax=12 ret=1
[SYSCALL] regs=0x0013afb4 regs->eax=12 ret=1
[SYSCALL] regs=0x0013afb4 regs->eax=12 ret=1
[SYSCALL] regs=0x0013afb4 regs->eax=12 ret=1
[SYSCALL] regs=0x0013afb4 regs->eax=12 ret=1
[SYSCALL] regs=0x0013afb4 regs->eax=12 ret=1
[SYSCALL] regs=0x0013afb4 regs->eax=12 ret=1
[SYSCALL] regs=0x0013afb4 regs->eax=12 ret=1
[SYSCALL] regs=0x0013afb4 regs->eax=12 ret=1
[SYSCALL] regs=0x0013afb4 regs->eax=12 ret=1
[SYSCALL] regs=0x0013afb4 regs->eax=12 ret=1
[SYSCALL] regs=0x0013afb4 regs->eax=12 ret=1
[SYSCALL] regs=0x0013afb4 regs->eax=12 ret=1
[SYSCALL] regs=0x0013afb4 regs->eax=12 ret=1
[SYSCALL] regs=0x0013afb4 regs->eax=12 ret=1
[SYSCALL] regs=0x0013afb4 regs->eax=12 ret=1
[SYSCALL] regs=0x0013afb4 regs->eax=12 ret=1
[SYSCALL] regs=0x00131fb4 regs->eax=7 ret=0
[WAIT] enter: cur=0x00130000 pid=3 h=0 timeout=0
[WAIT] leave: r=0
[SYSCALL] regs=0x00131fb4 regs->eax=6 ret=0
[SYSCALL] regs=0x00131fb4 regs->eax=8 ret=0
[VMM] New process page directory created at physical 0x00135000.
[ELF] PT_LOAD: vaddr=0x40000000 filesz=0x11a8 memsz=0x11b0 pages=2
[VMM] Map: virt 0x40000000 -> phys 0x136000, PDE=0x137007, PTE=0x136007
[VMM] Map: virt 0x40001000 -> phys 0x138000, PDE=0x137007, PTE=0x138007
[VMM] Map: virt 0x7fffc000 -> phys 0x13b000, PDE=0x13d007, PTE=0x13b007
[VMM] Map: virt 0x7fffd000 -> phys 0x13c000, PDE=0x13d007, PTE=0x13c007
[TASK] Process 8 created. Entry: 0x4000004c, Kernel stack: 0x0013a000, heap_brk=0x50000000
[SYSCALL] regs=0x00131fb4 regs->eax=3 ret=0
[SYSCALL] regs=0x0013afb4 regs->eax=2 ret=8
[SYSCALL] regs=0x0013afb4 regs->eax=12 ret=1
[SYSCALL] regs=0x0013afb4 regs->eax=12 ret=1
[SYSCALL] regs=0x0013afb4 regs->eax=12 ret=1
[SYSCALL] regs=0x0013afb4 regs->eax=12 ret=1
[SYSCALL] regs=0x0013afb4 regs->eax=12 ret=1
[SYSCALL] regs=0x0013afb4 regs->eax=12 ret=1
[SYSCALL] regs=0x0013afb4 regs->eax=12 ret=1
[SYSCALL] regs=0x0013afb4 regs->eax=12 ret=1
[SYSCALL] regs=0x0013afb4 regs->eax=12 ret=1
[SYSCALL] regs=0x0013afb4 regs->eax=12 ret=1
[SYSCALL] regs=0x0013afb4 regs->eax=12 ret=1
[SYSCALL] regs=0x0013afb4 regs->eax=12 ret=1
[SYSCALL] regs=0x0013afb4 regs->eax=12 ret=1
[SYSCALL] regs=0x00131fb4 regs->eax=7 ret=0
[WAIT] enter: cur=0x00130000 pid=3 h=0 timeout=0
[WAIT] leave: r=0
[SYSCALL] regs=0x00131fb4 regs->eax=6 ret=0
[SYSCALL] regs=0x00131fb4 regs->eax=8 ret=0
[VMM] New process page directory created at physical 0x00135000.
[ELF] PT_LOAD: vaddr=0x40000000 filesz=0x11a8 memsz=0x11b0 pages=2
[VMM] Map: virt 0x40000000 -> phys 0x136000, PDE=0x137007, PTE=0x136007
[VMM] Map: virt 0x40001000 -> phys 0x138000, PDE=0x137007, PTE=0x138007
[VMM] Map: virt 0x7fffc000 -> phys 0x13b000, PDE=0x13d007, PTE=0x13b007
[VMM] Map: virt 0x7fffd000 -> phys 0x13c000, PDE=0x13d007, PTE=0x13c007
[TASK] Process 9 created. Entry: 0x4000004c, Kernel stack: 0x0013a000, heap_brk=0x50000000
[SYSCALL] regs=0x00131fb4 regs->eax=3 ret=0
[SYSCALL] regs=0x0013afb4 regs->eax=2 ret=9
[SYSCALL] regs=0x0013afb4 regs->eax=12 ret=1
[SYSCALL] regs=0x0013afb4 regs->eax=12 ret=1
[SYSCALL] regs=0x0013afb4 regs->eax=12 ret=1
[SYSCALL] regs=0x0013afb4 regs->eax=12 ret=1
[SYSCALL] regs=0x0013afb4 regs->eax=12 ret=1
[SYSCALL] regs=0x0013afb4 regs->eax=12 ret=1
[SYSCALL] regs=0x0013afb4 regs->eax=12 ret=1
[SYSCALL] regs=0x0013afb4 regs->eax=12 ret=1
[SYSCALL] regs=0x0013afb4 regs->eax=12 ret=1
[SYSCALL] regs=0x0013afb4 regs->eax=12 ret=1
[SYSCALL] regs=0x0013afb4 regs->eax=12 ret=1
[SYSCALL] regs=0x0013afb4 regs->eax=12 ret=1
[SYSCALL] regs=0x0013afb4 regs->eax=12 ret=1
[SYSCALL] regs=0x0013afb4 regs->eax=12 ret=1
[SYSCALL] regs=0x0013afb4 regs->eax=12 ret=1
[SYSCALL] regs=0x0013afb4 regs->eax=12 ret=1
[SYSCALL] regs=0x0013afb4 regs->eax=12 ret=1
[SYSCALL] regs=0x0013afb4 regs->eax=12 ret=1
[SYSCALL] regs=0x0013afb4 regs->eax=12 ret=1
[SYSCALL] regs=0x0013afb4 regs->eax=12 ret=1
[SYSCALL] regs=0x0013afb4 regs->eax=12 ret=1
[SYSCALL] regs=0x0013afb4 regs->eax=12 ret=1
[SYSCALL] regs=0x0013afb4 regs->eax=12 ret=1
[SYSCALL] regs=0x0013afb4 regs->eax=12 ret=1
[SYSCALL] regs=0x0013afb4 regs->eax=12 ret=1
[SYSCALL] regs=0x0013afb4 regs->eax=12 ret=1
[SYSCALL] regs=0x0013afb4 regs->eax=12 ret=1
[SYSCALL] regs=0x0013afb4 regs->eax=12 ret=1
[SYSCALL] regs=0x0013afb4 regs->eax=12 ret=1
[SYSCALL] regs=0x0013afb4 regs->eax=12 ret=1
[SYSCALL] regs=0x0013afb4 regs->eax=12 ret=1
[SYSCALL] regs=0x0013afb4 regs->eax=12 ret=1
[SYSCALL] regs=0x0013afb4 regs->eax=12 ret=1
[SYSCALL] regs=0x0013afb4 regs->eax=12 ret=1
[SYSCALL] regs=0x0013afb4 regs->eax=12 ret=1
[SYSCALL] regs=0x0013afb4 regs->eax=12 ret=1
[SYSCALL] regs=0x0013afb4 regs->eax=12 ret=1
[SYSCALL] regs=0x00131fb4 regs->eax=7 ret=0
[WAIT] enter: cur=0x00130000 pid=3 h=0 timeout=0
[WAIT] leave: r=0
[SYSCALL] regs=0x00131fb4 regs->eax=6 ret=0
[SYSCALL] regs=0x00131fb4 regs->eax=8 ret=0
[VMM] New process page directory created at physical 0x00135000.
[ELF] PT_LOAD: vaddr=0x40000000 filesz=0x11a8 memsz=0x11b0 pages=2
[VMM] Map: virt 0x40000000 -> phys 0x136000, PDE=0x137007, PTE=0x136007
[VMM] Map: virt 0x40001000 -> phys 0x138000, PDE=0x137007, PTE=0x138007
[VMM] Map: virt 0x7fffc000 -> phys 0x13b000, PDE=0x13d007, PTE=0x13b007
[VMM] Map: virt 0x7fffd000 -> phys 0x13c000, PDE=0x13d007, PTE=0x13c007
[TASK] Process 10 created. Entry: 0x4000004c, Kernel stack: 0x0013a000, heap_brk=0x50000000
[SYSCALL] regs=0x00131fb4 regs->eax=3 ret=0
[SYSCALL] regs=0x0013afb4 regs->eax=2 ret=10
[SYSCALL] regs=0x0013afb4 regs->eax=12 ret=1
[SYSCALL] regs=0x0013afb4 regs->eax=12 ret=1
[SYSCALL] regs=0x0013afb4 regs->eax=12 ret=1
[SYSCALL] regs=0x0013afb4 regs->eax=12 ret=1
[SYSCALL] regs=0x0013afb4 regs->eax=12 ret=1
[SYSCALL] regs=0x0013afb4 regs->eax=12 ret=1
[SYSCALL] regs=0x0013afb4 regs->eax=12 ret=1
[SYSCALL] regs=0x0013afb4 regs->eax=12 ret=1
[SYSCALL] regs=0x0013afb4 regs->eax=12 ret=1
[SYSCALL] regs=0x0013afb4 regs->eax=12 ret=1
[SYSCALL] regs=0x0013afb4 regs->eax=12 ret=1
[SYSCALL] regs=0x0013afb4 regs->eax=12 ret=1
[SYSCALL] regs=0x0013afb4 regs->eax=12 ret=1
[SYSCALL] regs=0x0013afb4 regs->eax=12 ret=1
[SYSCALL] regs=0x0013afb4 regs->eax=12 ret=1
[SYSCALL] regs=0x0013afb4 regs->eax=12 ret=1
[SYSCALL] regs=0x0013afb4 regs->eax=12 ret=1
[SYSCALL] regs=0x0013afb4 regs->eax=12 ret=1
[SYSCALL] regs=0x0013afb4 regs->eax=12 ret=1
[SYSCALL] regs=0x00131fb4 regs->eax=7 ret=0
[WAIT] enter: cur=0x00130000 pid=3 h=0 timeout=0
[WAIT] leave: r=0
[SYSCALL] regs=0x00131fb4 regs->eax=6 ret=0
[SYSCALL] regs=0x00131fb4 regs->eax=8 ret=0
[VMM] New process page directory created at physical 0x00135000.
[ELF] PT_LOAD: vaddr=0x40000000 filesz=0x11a8 memsz=0x11b0 pages=2
[VMM] Map: virt 0x40000000 -> phys 0x136000, PDE=0x137007, PTE=0x136007
[VMM] Map: virt 0x40001000 -> phys 0x138000, PDE=0x137007, PTE=0x138007
[VMM] Map: virt 0x7fffc000 -> phys 0x13b000, PDE=0x13d007, PTE=0x13b007
[VMM] Map: virt 0x7fffd000 -> phys 0x13c000, PDE=0x13d007, PTE=0x13c007
[TASK] Process 11 created. Entry: 0x4000004c, Kernel stack: 0x0013a000, heap_brk=0x50000000
[SYSCALL] regs=0x00131fb4 regs->eax=3 ret=0
[SYSCALL] regs=0x0013afb4 regs->eax=2 ret=11
[SYSCALL] regs=0x0013afb4 regs->eax=12 ret=1
[SYSCALL] regs=0x0013afb4 regs->eax=12 ret=1
[SYSCALL] regs=0x0013afb4 regs->eax=12 ret=1
[SYSCALL] regs=0x0013afb4 regs->eax=12 ret=1
[SYSCALL] regs=0x0013afb4 regs->eax=12 ret=1
[SYSCALL] regs=0x0013afb4 regs->eax=12 ret=1
[SYSCALL] regs=0x0013afb4 regs->eax=12 ret=1
[SYSCALL] regs=0x0013afb4 regs->eax=12 ret=1
[SYSCALL] regs=0x0013afb4 regs->eax=12 ret=1
[SYSCALL] regs=0x0013afb4 regs->eax=12 ret=1
[SYSCALL] regs=0x0013afb4 regs->eax=12 ret=1
[SYSCALL] regs=0x0013afb4 regs->eax=12 ret=1
[SYSCALL] regs=0x0013afb4 regs->eax=12 ret=1
[SYSCALL] regs=0x00131fb4 regs->eax=7 ret=0
[WAIT] enter: cur=0x00130000 pid=3 h=0 timeout=0
[WAIT] leave: r=0
[SYSCALL] regs=0x00131fb4 regs->eax=6 ret=0
[SYSCALL] regs=0x00131fb4 regs->eax=8 ret=0
[VMM] New process page directory created at physical 0x00135000.
[ELF] PT_LOAD: vaddr=0x40000000 filesz=0x11a8 memsz=0x11b0 pages=2
[VMM] Map: virt 0x40000000 -> phys 0x136000, PDE=0x137007, PTE=0x136007
[VMM] Map: virt 0x40001000 -> phys 0x138000, PDE=0x137007, PTE=0x138007
[VMM] Map: virt 0x7fffc000 -> phys 0x13b000, PDE=0x13d007, PTE=0x13b007
[VMM] Map: virt 0x7fffd000 -> phys 0x13c000, PDE=0x13d007, PTE=0x13c007
[TASK] Process 12 created. Entry: 0x4000004c, Kernel stack: 0x0013a000, heap_brk=0x50000000
[SYSCALL] regs=0x00131fb4 regs->eax=3 ret=0
[SYSCALL] regs=0x0013afb4 regs->eax=2 ret=12
[SYSCALL] regs=0x0013afb4 regs->eax=12 ret=1
[SYSCALL] regs=0x0013afb4 regs->eax=12 ret=1
[SYSCALL] regs=0x0013afb4 regs->eax=12 ret=1
[SYSCALL] regs=0x0013afb4 regs->eax=12 ret=1
[SYSCALL] regs=0x0013afb4 regs->eax=12 ret=1
[SYSCALL] regs=0x0013afb4 regs->eax=12 ret=1
[SYSCALL] regs=0x0013afb4 regs->eax=12 ret=1
[SYSCALL] regs=0x0013afb4 regs->eax=12 ret=1
[SYSCALL] regs=0x0013afb4 regs->eax=12 ret=1
[SYSCALL] regs=0x0013afb4 regs->eax=12 ret=1
[SYSCALL] regs=0x0013afb4 regs->eax=12 ret=1
[SYSCALL] regs=0x0013afb4 regs->eax=12 ret=1
[SYSCALL] regs=0x0013afb4 regs->eax=12 ret=1
[SYSCALL] regs=0x0013afb4 regs->eax=12 ret=1
[SYSCALL] regs=0x0013afb4 regs->eax=12 ret=1
[SYSCALL] regs=0x0013afb4 regs->eax=12 ret=1
[SYSCALL] regs=0x0013afb4 regs->eax=12 ret=1
[SYSCALL] regs=0x0013afb4 regs->eax=12 ret=1
[SYSCALL] regs=0x0013afb4 regs->eax=12 ret=1
[SYSCALL] regs=0x0013afb4 regs->eax=12 ret=1
[SYSCALL] regs=0x0013afb4 regs->eax=12 ret=1
[SYSCALL] regs=0x0013afb4 regs->eax=12 ret=1
[SYSCALL] regs=0x0013afb4 regs->eax=12 ret=1
[SYSCALL] regs=0x0013afb4 regs->eax=12 ret=1
[SYSCALL] regs=0x0013afb4 regs->eax=12 ret=1
[SYSCALL] regs=0x0013afb4 regs->eax=12 ret=1
[SYSCALL] regs=0x0013afb4 regs->eax=12 ret=1
[SYSCALL] regs=0x0013afb4 regs->eax=12 ret=1
[SYSCALL] regs=0x0013afb4 regs->eax=12 ret=1
[SYSCALL] regs=0x00131fb4 regs->eax=7 ret=0
[WAIT] enter: cur=0x00130000 pid=3 h=0 timeout=0
[WAIT] leave: r=0
[SYSCALL] regs=0x00131fb4 regs->eax=6 ret=0
[SYSCALL] regs=0x00131fb4 regs->eax=8 ret=0
[VMM] New process page directory created at physical 0x00135000.
[ELF] PT_LOAD: vaddr=0x40000000 filesz=0x11a8 memsz=0x11b0 pages=2
[VMM] Map: virt 0x40000000 -> phys 0x136000, PDE=0x137007, PTE=0x136007
[VMM] Map: virt 0x40001000 -> phys 0x138000, PDE=0x137007, PTE=0x138007
[VMM] Map: virt 0x7fffc000 -> phys 0x13b000, PDE=0x13d007, PTE=0x13b007
[VMM] Map: virt 0x7fffd000 -> phys 0x13c000, PDE=0x13d007, PTE=0x13c007
[TASK] Process 13 created. Entry: 0x4000004c, Kernel stack: 0x0013a000, heap_brk=0x50000000
[SYSCALL] regs=0x00131fb4 regs->eax=3 ret=0
[SYSCALL] regs=0x0013afb4 regs->eax=2 ret=13
[SYSCALL] regs=0x0013afb4 regs->eax=12 ret=1
[SYSCALL] regs=0x0013afb4 regs->eax=12 ret=1
[SYSCALL] regs=0x0013afb4 regs->eax=12 ret=1
[SYSCALL] regs=0x0013afb4 regs->eax=12 ret=1
[SYSCALL] regs=0x0013afb4 regs->eax=12 ret=1
[SYSCALL] regs=0x0013afb4 regs->eax=12 ret=1
[SYSCALL] regs=0x0013afb4 regs->eax=12 ret=1
[SYSCALL] regs=0x0013afb4 regs->eax=12 ret=1
[SYSCALL] regs=0x0013afb4 regs->eax=12 ret=1
[SYSCALL] regs=0x0013afb4 regs->eax=12 ret=1
[SYSCALL] regs=0x0013afb4 regs->eax=12 ret=1
[SYSCALL] regs=0x0013afb4 regs->eax=12 ret=1
[SYSCALL] regs=0x0013afb4 regs->eax=12 ret=1
[SYSCALL] regs=0x0013afb4 regs->eax=12 ret=1
[SYSCALL] regs=0x0013afb4 regs->eax=12 ret=1
[SYSCALL] regs=0x0013afb4 regs->eax=12 ret=1
[SYSCALL] regs=0x0013afb4 regs->eax=12 ret=1
[SYSCALL] regs=0x0013afb4 regs->eax=12 ret=1
[SYSCALL] regs=0x0013afb4 regs->eax=12 ret=1
[SYSCALL] regs=0x0013afb4 regs->eax=12 ret=1
[SYSCALL] regs=0x0013afb4 regs->eax=12 ret=1
[SYSCALL] regs=0x00131fb4 regs->eax=7 ret=0
[WAIT] enter: cur=0x00130000 pid=3 h=0 timeout=0
[WAIT] leave: r=0
[SYSCALL] regs=0x00131fb4 regs->eax=6 ret=0
[SYSCALL] regs=0x00131fb4 regs->eax=8 ret=0
[VMM] New process page directory created at physical 0x00135000.
[ELF] PT_LOAD: vaddr=0x40000000 filesz=0x11a8 memsz=0x11b0 pages=2
[VMM] Map: virt 0x40000000 -> phys 0x136000, PDE=0x137007, PTE=0x136007
[VMM] Map: virt 0x40001000 -> phys 0x138000, PDE=0x137007, PTE=0x138007
[VMM] Map: virt 0x7fffc000 -> phys 0x13b000, PDE=0x13d007, PTE=0x13b007
[VMM] Map: virt 0x7fffd000 -> phys 0x13c000, PDE=0x13d007, PTE=0x13c007
[TASK] Process 14 created. Entry: 0x4000004c, Kernel stack: 0x0013a000, heap_brk=0x50000000
[SYSCALL] regs=0x00131fb4 regs->eax=3 ret=0
[SYSCALL] regs=0x0013afb4 regs->eax=2 ret=14
[SYSCALL] regs=0x0013afb4 regs->eax=12 ret=1
[SYSCALL] regs=0x0013afb4 regs->eax=12 ret=1
[SYSCALL] regs=0x0013afb4 regs->eax=12 ret=1
[SYSCALL] regs=0x0013afb4 regs->eax=12 ret=1
[SYSCALL] regs=0x0013afb4 regs->eax=12 ret=1
[SYSCALL] regs=0x0013afb4 regs->eax=12 ret=1
[SYSCALL] regs=0x0013afb4 regs->eax=12 ret=1
[SYSCALL] regs=0x0013afb4 regs->eax=12 ret=1
[SYSCALL] regs=0x0013afb4 regs->eax=12 ret=1
[SYSCALL] regs=0x0013afb4 regs->eax=12 ret=1
[SYSCALL] regs=0x0013afb4 regs->eax=12 ret=1
[SYSCALL] regs=0x0013afb4 regs->eax=12 ret=1
[SYSCALL] regs=0x0013afb4 regs->eax=12 ret=1
[SYSCALL] regs=0x0013afb4 regs->eax=12 ret=1
[SYSCALL] regs=0x00131fb4 regs->eax=7 ret=0
[WAIT] enter: cur=0x00130000 pid=3 h=0 timeout=0
[WAIT] leave: r=0
[SYSCALL] regs=0x00131fb4 regs->eax=6 ret=0
[SYSCALL] regs=0x00131fb4 regs->eax=8 ret=0
[VMM] New process page directory created at physical 0x00135000.
[ELF] PT_LOAD: vaddr=0x40000000 filesz=0x11a8 memsz=0x11b0 pages=2
[VMM] Map: virt 0x40000000 -> phys 0x136000, PDE=0x137007, PTE=0x136007
[VMM] Map: virt 0x40001000 -> phys 0x138000, PDE=0x137007, PTE=0x138007
[VMM] Map: virt 0x7fffc000 -> phys 0x13b000, PDE=0x13d007, PTE=0x13b007
[VMM] Map: virt 0x7fffd000 -> phys 0x13c000, PDE=0x13d007, PTE=0x13c007
[TASK] Process 15 created. Entry: 0x4000004c, Kernel stack: 0x0013a000, heap_brk=0x50000000
[SYSCALL] regs=0x00131fb4 regs->eax=3 ret=0
[SYSCALL] regs=0x0013afb4 regs->eax=2 ret=15
[SYSCALL] regs=0x0013afb4 regs->eax=12 ret=1
[SYSCALL] regs=0x0013afb4 regs->eax=12 ret=1
[SYSCALL] regs=0x0013afb4 regs->eax=12 ret=1
[SYSCALL] regs=0x0013afb4 regs->eax=12 ret=1
[SYSCALL] regs=0x0013afb4 regs->eax=12 ret=1
[SYSCALL] regs=0x0013afb4 regs->eax=12 ret=1
[SYSCALL] regs=0x0013afb4 regs->eax=12 ret=1
[SYSCALL] regs=0x0013afb4 regs->eax=12 ret=1
[SYSCALL] regs=0x0013afb4 regs->eax=12 ret=1
[SYSCALL] regs=0x0013afb4 regs->eax=12 ret=1
[SYSCALL] regs=0x0013afb4 regs->eax=12 ret=1
[SYSCALL] regs=0x0013afb4 regs->eax=12 ret=1
[SYSCALL] regs=0x0013afb4 regs->eax=12 ret=1
[SYSCALL] regs=0x0013afb4 regs->eax=12 ret=1
[SYSCALL] regs=0x0013afb4 regs->eax=12 ret=1
[SYSCALL] regs=0x00131fb4 regs->eax=7 ret=0
[WAIT] enter: cur=0x00130000 pid=3 h=0 timeout=0
[WAIT] leave: r=0
[SYSCALL] regs=0x00131fb4 regs->eax=6 ret=0
[SYSCALL] regs=0x00131fb4 regs->eax=8 ret=0
[VMM] New process page directory created at physical 0x00135000.
[ELF] PT_LOAD: vaddr=0x40000000 filesz=0x11a8 memsz=0x11b0 pages=2
[VMM] Map: virt 0x40000000 -> phys 0x136000, PDE=0x137007, PTE=0x136007
[VMM] Map: virt 0x40001000 -> phys 0x138000, PDE=0x137007, PTE=0x138007
[VMM] Map: virt 0x7fffc000 -> phys 0x13b000, PDE=0x13d007, PTE=0x13b007
[VMM] Map: virt 0x7fffd000 -> phys 0x13c000, PDE=0x13d007, PTE=0x13c007
[TASK] Process 16 created. Entry: 0x4000004c, Kernel stack: 0x0013a000, heap_brk=0x50000000
[SYSCALL] regs=0x00131fb4 regs->eax=3 ret=0
[SYSCALL] regs=0x0013afb4 regs->eax=2 ret=16
[SYSCALL] regs=0x0013afb4 regs->eax=12 ret=1
[SYSCALL] regs=0x0013afb4 regs->eax=12 ret=1
[SYSCALL] regs=0x0013afb4 regs->eax=12 ret=1
[SYSCALL] regs=0x0013afb4 regs->eax=12 ret=1
[SYSCALL] regs=0x0013afb4 regs->eax=12 ret=1
[SYSCALL] regs=0x0013afb4 regs->eax=12 ret=1
[SYSCALL] regs=0x0013afb4 regs->eax=12 ret=1
[SYSCALL] regs=0x0013afb4 regs->eax=12 ret=1
[SYSCALL] regs=0x0013afb4 regs->eax=12 ret=1
[SYSCALL] regs=0x0013afb4 regs->eax=12 ret=1
[SYSCALL] regs=0x0013afb4 regs->eax=12 ret=1
[SYSCALL] regs=0x00131fb4 regs->eax=7 ret=0
[WAIT] enter: cur=0x00130000 pid=3 h=0 timeout=0
[WAIT] leave: r=0
[SYSCALL] regs=0x00131fb4 regs->eax=6 ret=0
[SYSCALL] regs=0x00131fb4 regs->eax=8 ret=0
[VMM] New process page directory created at physical 0x00135000.
[ELF] PT_LOAD: vaddr=0x40000000 filesz=0x11a8 memsz=0x11b0 pages=2
[VMM] Map: virt 0x40000000 -> phys 0x136000, PDE=0x137007, PTE=0x136007
[VMM] Map: virt 0x40001000 -> phys 0x138000, PDE=0x137007, PTE=0x138007
[VMM] Map: virt 0x7fffc000 -> phys 0x13b000, PDE=0x13d007, PTE=0x13b007
[VMM] Map: virt 0x7fffd000 -> phys 0x13c000, PDE=0x13d007, PTE=0x13c007
[TASK] Process 17 created. Entry: 0x4000004c, Kernel stack: 0x0013a000, heap_brk=0x50000000
[SYSCALL] regs=0x00131fb4 regs->eax=3 ret=0
[SYSCALL] regs=0x0013afb4 regs->eax=2 ret=17
[SYSCALL] regs=0x0013afb4 regs->eax=12 ret=1
[SYSCALL] regs=0x0013afb4 regs->eax=12 ret=1
[SYSCALL] regs=0x0013afb4 regs->eax=12 ret=1
[SYSCALL] regs=0x0013afb4 regs->eax=12 ret=1
[SYSCALL] regs=0x0013afb4 regs->eax=12 ret=1
[SYSCALL] regs=0x0013afb4 regs->eax=12 ret=1
[SYSCALL] regs=0x0013afb4 regs->eax=12 ret=1
[SYSCALL] regs=0x0013afb4 regs->eax=12 ret=1
[SYSCALL] regs=0x0013afb4 regs->eax=12 ret=1
[SYSCALL] regs=0x0013afb4 regs->eax=12 ret=1
[SYSCALL] regs=0x0013afb4 regs->eax=12 ret=1
[SYSCALL] regs=0x0013afb4 regs->eax=12 ret=1
[SYSCALL] regs=0x00131fb4 regs->eax=7 ret=0
[WAIT] enter: cur=0x00130000 pid=3 h=0 timeout=0
[WAIT] leave: r=0
[SYSCALL] regs=0x00131fb4 regs->eax=6 ret=0
[SYSCALL] regs=0x00131fb4 regs->eax=8 ret=0
[VMM] New process page directory created at physical 0x00135000.
[ELF] PT_LOAD: vaddr=0x40000000 filesz=0x11a8 memsz=0x11b0 pages=2
[VMM] Map: virt 0x40000000 -> phys 0x136000, PDE=0x137007, PTE=0x136007
[VMM] Map: virt 0x40001000 -> phys 0x138000, PDE=0x137007, PTE=0x138007
[VMM] Map: virt 0x7fffc000 -> phys 0x13b000, PDE=0x13d007, PTE=0x13b007
[VMM] Map: virt 0x7fffd000 -> phys 0x13c000, PDE=0x13d007, PTE=0x13c007
[TASK] Process 18 created. Entry: 0x4000004c, Kernel stack: 0x0013a000, heap_brk=0x50000000
[SYSCALL] regs=0x00131fb4 regs->eax=3 ret=0
[SYSCALL] regs=0x0013afb4 regs->eax=2 ret=18
[SYSCALL] regs=0x0013afb4 regs->eax=12 ret=1
[SYSCALL] regs=0x0013afb4 regs->eax=12 ret=1
[SYSCALL] regs=0x0013afb4 regs->eax=12 ret=1
[SYSCALL] regs=0x0013afb4 regs->eax=12 ret=1
[SYSCALL] regs=0x0013afb4 regs->eax=12 ret=1
[SYSCALL] regs=0x0013afb4 regs->eax=12 ret=1
[SYSCALL] regs=0x0013afb4 regs->eax=12 ret=1
[SYSCALL] regs=0x0013afb4 regs->eax=12 ret=1
[SYSCALL] regs=0x0013afb4 regs->eax=12 ret=1
[SYSCALL] regs=0x0013afb4 regs->eax=12 ret=1
[SYSCALL] regs=0x0013afb4 regs->eax=12 ret=1
[SYSCALL] regs=0x00131fb4 regs->eax=7 ret=0
[WAIT] enter: cur=0x00130000 pid=3 h=0 timeout=0
[WAIT] leave: r=0
[SYSCALL] regs=0x00131fb4 regs->eax=6 ret=0
[SYSCALL] regs=0x00131fb4 regs->eax=8 ret=0
[VMM] New process page directory created at physical 0x00135000.
[ELF] PT_LOAD: vaddr=0x40000000 filesz=0x11a8 memsz=0x11b0 pages=2
[VMM] Map: virt 0x40000000 -> phys 0x136000, PDE=0x137007, PTE=0x136007
[VMM] Map: virt 0x40001000 -> phys 0x138000, PDE=0x137007, PTE=0x138007
[VMM] Map: virt 0x7fffc000 -> phys 0x13b000, PDE=0x13d007, PTE=0x13b007
[VMM] Map: virt 0x7fffd000 -> phys 0x13c000, PDE=0x13d007, PTE=0x13c007
[TASK] Process 19 created. Entry: 0x4000004c, Kernel stack: 0x0013a000, heap_brk=0x50000000
[SYSCALL] regs=0x00131fb4 regs->eax=3 ret=0
[SYSCALL] regs=0x0013afb4 regs->eax=2 ret=19
[SYSCALL] regs=0x0013afb4 regs->eax=12 ret=1
[SYSCALL] regs=0x0013afb4 regs->eax=12 ret=1
[SYSCALL] regs=0x0013afb4 regs->eax=12 ret=1
[SYSCALL] regs=0x0013afb4 regs->eax=12 ret=1
[SYSCALL] regs=0x0013afb4 regs->eax=12 ret=1
[SYSCALL] regs=0x0013afb4 regs->eax=12 ret=1
[SYSCALL] regs=0x0013afb4 regs->eax=12 ret=1
[SYSCALL] regs=0x0013afb4 regs->eax=12 ret=1
[SYSCALL] regs=0x0013afb4 regs->eax=12 ret=1
[SYSCALL] regs=0x0013afb4 regs->eax=12 ret=1
[SYSCALL] regs=0x0013afb4 regs->eax=12 ret=1
[SYSCALL] regs=0x0013afb4 regs->eax=12 ret=1
[SYSCALL] regs=0x0013afb4 regs->eax=12 ret=1
[SYSCALL] regs=0x00131fb4 regs->eax=7 ret=0
[WAIT] enter: cur=0x00130000 pid=3 h=0 timeout=0
[WAIT] leave: r=0
[SYSCALL] regs=0x00131fb4 regs->eax=6 ret=0
[SYSCALL] regs=0x00131fb4 regs->eax=8 ret=0
[VMM] New process page directory created at physical 0x00135000.
[ELF] PT_LOAD: vaddr=0x40000000 filesz=0x11a8 memsz=0x11b0 pages=2
[VMM] Map: virt 0x40000000 -> phys 0x136000, PDE=0x137007, PTE=0x136007
[VMM] Map: virt 0x40001000 -> phys 0x138000, PDE=0x137007, PTE=0x138007
[VMM] Map: virt 0x7fffc000 -> phys 0x13b000, PDE=0x13d007, PTE=0x13b007
[VMM] Map: virt 0x7fffd000 -> phys 0x13c000, PDE=0x13d007, PTE=0x13c007
[TASK] Process 20 created. Entry: 0x4000004c, Kernel stack: 0x0013a000, heap_brk=0x50000000
[SYSCALL] regs=0x00131fb4 regs->eax=3 ret=0
[SYSCALL] regs=0x0013afb4 regs->eax=2 ret=20
[SYSCALL] regs=0x0013afb4 regs->eax=12 ret=1
[SYSCALL] regs=0x0013afb4 regs->eax=12 ret=1
[SYSCALL] regs=0x0013afb4 regs->eax=12 ret=1
[SYSCALL] regs=0x0013afb4 regs->eax=12 ret=1
[SYSCALL] regs=0x0013afb4 regs->eax=12 ret=1
[SYSCALL] regs=0x0013afb4 regs->eax=12 ret=1
[SYSCALL] regs=0x0013afb4 regs->eax=12 ret=1
[SYSCALL] regs=0x0013afb4 regs->eax=12 ret=1
[SYSCALL] regs=0x0013afb4 regs->eax=12 ret=1
[SYSCALL] regs=0x0013afb4 regs->eax=12 ret=1
[SYSCALL] regs=0x0013afb4 regs->eax=12 ret=1
[SYSCALL] regs=0x0013afb4 regs->eax=12 ret=1
[SYSCALL] regs=0x0013afb4 regs->eax=12 ret=1
[SYSCALL] regs=0x0013afb4 regs->eax=12 ret=1
[SYSCALL] regs=0x00131fb4 regs->eax=7 ret=0
[WAIT] enter: cur=0x00130000 pid=3 h=0 timeout=0
[WAIT] leave: r=0
[SYSCALL] regs=0x00131fb4 regs->eax=6 ret=0
[SYSCALL] regs=0x00131fb4 regs->eax=8 ret=0
[VMM] New process page directory created at physical 0x00135000.
[ELF] PT_LOAD: vaddr=0x40000000 filesz=0x11a8 memsz=0x11b0 pages=2
[VMM] Map: virt 0x40000000 -> phys 0x136000, PDE=0x137007, PTE=0x136007
[VMM] Map: virt 0x40001000 -> phys 0x138000, PDE=0x137007, PTE=0x138007
[VMM] Map: virt 0x7fffc000 -> phys 0x13b000, PDE=0x13d007, PTE=0x13b007
[VMM] Map: virt 0x7fffd000 -> phys 0x13c000, PDE=0x13d007, PTE=0x13c007
[TASK] Process 21 created. Entry: 0x4000004c, Kernel stack: 0x0013a000, heap_brk=0x50000000
[SYSCALL] regs=0x00131fb4 regs->eax=3 ret=0
[SYSCALL] regs=0x0013afb4 regs->eax=2 ret=21
[SYSCALL] regs=0x0013afb4 regs->eax=12 ret=1
[SYSCALL] regs=0x0013afb4 regs->eax=12 ret=1
[SYSCALL] regs=0x0013afb4 regs->eax=12 ret=1
[SYSCALL] regs=0x0013afb4 regs->eax=12 ret=1
[SYSCALL] regs=0x0013afb4 regs->eax=12 ret=1
[SYSCALL] regs=0x0013afb4 regs->eax=12 ret=1
[SYSCALL] regs=0x0013afb4 regs->eax=12 ret=1
[SYSCALL] regs=0x0013afb4 regs->eax=12 ret=1
[SYSCALL] regs=0x0013afb4 regs->eax=12 ret=1
[SYSCALL] regs=0x0013afb4 regs->eax=12 ret=1
[SYSCALL] regs=0x0013afb4 regs->eax=12 ret=1
[SYSCALL] regs=0x0013afb4 regs->eax=12 ret=1
[SYSCALL] regs=0x0013afb4 regs->eax=12 ret=1
[SYSCALL] regs=0x0013afb4 regs->eax=12 ret=1
[SYSCALL] regs=0x00131fb4 regs->eax=7 ret=0
[WAIT] enter: cur=0x00130000 pid=3 h=0 timeout=0
[WAIT] leave: r=0
[SYSCALL] regs=0x00131fb4 regs->eax=6 ret=0
[SYSCALL] regs=0x00131fb4 regs->eax=8 ret=0
[VMM] New process page directory created at physical 0x00135000.
[ELF] PT_LOAD: vaddr=0x40000000 filesz=0x11a8 memsz=0x11b0 pages=2
[VMM] Map: virt 0x40000000 -> phys 0x136000, PDE=0x137007, PTE=0x136007
[VMM] Map: virt 0x40001000 -> phys 0x138000, PDE=0x137007, PTE=0x138007
[VMM] Map: virt 0x7fffc000 -> phys 0x13b000, PDE=0x13d007, PTE=0x13b007
[VMM] Map: virt 0x7fffd000 -> phys 0x13c000, PDE=0x13d007, PTE=0x13c007
[TASK] Process 22 created. Entry: 0x4000004c, Kernel stack: 0x0013a000, heap_brk=0x50000000
[SYSCALL] regs=0x00131fb4 regs->eax=3 ret=0
[SYSCALL] regs=0x0013afb4 regs->eax=2 ret=22
[SYSCALL] regs=0x0013afb4 regs->eax=12 ret=1
[SYSCALL] regs=0x0013afb4 regs->eax=12 ret=1
[SYSCALL] regs=0x0013afb4 regs->eax=12 ret=1
[SYSCALL] regs=0x0013afb4 regs->eax=12 ret=1
[SYSCALL] regs=0x0013afb4 regs->eax=12 ret=1
[SYSCALL] regs=0x0013afb4 regs->eax=12 ret=1
[SYSCALL] regs=0x0013afb4 regs->eax=12 ret=1
[SYSCALL] regs=0x0013afb4 regs->eax=12 ret=1
[SYSCALL] regs=0x0013afb4 regs->eax=12 ret=1
[SYSCALL] regs=0x0013afb4 regs->eax=12 ret=1
[SYSCALL] regs=0x0013afb4 regs->eax=12 ret=1
[SYSCALL] regs=0x0013afb4 regs->eax=12 ret=1
[SYSCALL] regs=0x0013afb4 regs->eax=12 ret=1
[SYSCALL] regs=0x0013afb4 regs->eax=12 ret=1
[SYSCALL] regs=0x00131fb4 regs->eax=7 ret=0
[WAIT] enter: cur=0x00130000 pid=3 h=0 timeout=0
[WAIT] leave: r=0
[SYSCALL] regs=0x00131fb4 regs->eax=6 ret=0
[SYSCALL] regs=0x00131fb4 regs->eax=8 ret=0
[VMM] New process page directory created at physical 0x00135000.
[ELF] PT_LOAD: vaddr=0x40000000 filesz=0x11a8 memsz=0x11b0 pages=2
[VMM] Map: virt 0x40000000 -> phys 0x136000, PDE=0x137007, PTE=0x136007
[VMM] Map: virt 0x40001000 -> phys 0x138000, PDE=0x137007, PTE=0x138007
[VMM] Map: virt 0x7fffc000 -> phys 0x13b000, PDE=0x13d007, PTE=0x13b007
[VMM] Map: virt 0x7fffd000 -> phys 0x13c000, PDE=0x13d007, PTE=0x13c007
[TASK] Process 23 created. Entry: 0x4000004c, Kernel stack: 0x0013a000, heap_brk=0x50000000
[SYSCALL] regs=0x00131fb4 regs->eax=3 ret=0
[SYSCALL] regs=0x0013afb4 regs->eax=2 ret=23
[SYSCALL] regs=0x0013afb4 regs->eax=12 ret=1
[SYSCALL] regs=0x0013afb4 regs->eax=12 ret=1
[SYSCALL] regs=0x0013afb4 regs->eax=12 ret=1
[SYSCALL] regs=0x0013afb4 regs->eax=12 ret=1
[SYSCALL] regs=0x0013afb4 regs->eax=12 ret=1
[SYSCALL] regs=0x0013afb4 regs->eax=12 ret=1
[SYSCALL] regs=0x0013afb4 regs->eax=12 ret=1
[SYSCALL] regs=0x0013afb4 regs->eax=12 ret=1
[SYSCALL] regs=0x0013afb4 regs->eax=12 ret=1
[SYSCALL] regs=0x0013afb4 regs->eax=12 ret=1
[SYSCALL] regs=0x00131fb4 regs->eax=7 ret=0
[WAIT] enter: cur=0x00130000 pid=3 h=0 timeout=0
[WAIT] leave: r=0
[SYSCALL] regs=0x00131fb4 regs->eax=6 ret=0
[SYSCALL] regs=0x00131fb4 regs->eax=8 ret=0
[VMM] New process page directory created at physical 0x00135000.
[ELF] PT_LOAD: vaddr=0x40000000 filesz=0x11a8 memsz=0x11b0 pages=2
[VMM] Map: virt 0x40000000 -> phys 0x136000, PDE=0x137007, PTE=0x136007
[VMM] Map: virt 0x40001000 -> phys 0x138000, PDE=0x137007, PTE=0x138007
[VMM] Map: virt 0x7fffc000 -> phys 0x13b000, PDE=0x13d007, PTE=0x13b007
[VMM] Map: virt 0x7fffd000 -> phys 0x13c000, PDE=0x13d007, PTE=0x13c007
[TASK] Process 24 created. Entry: 0x4000004c, Kernel stack: 0x0013a000, heap_brk=0x50000000
[SYSCALL] regs=0x00131fb4 regs->eax=3 ret=0
[SYSCALL] regs=0x0013afb4 regs->eax=2 ret=24
[SYSCALL] regs=0x0013afb4 regs->eax=12 ret=1
[SYSCALL] regs=0x0013afb4 regs->eax=12 ret=1
[SYSCALL] regs=0x0013afb4 regs->eax=12 ret=1
[SYSCALL] regs=0x0013afb4 regs->eax=12 ret=1
[SYSCALL] regs=0x0013afb4 regs->eax=12 ret=1
[SYSCALL] regs=0x0013afb4 regs->eax=12 ret=1
[SYSCALL] regs=0x0013afb4 regs->eax=12 ret=1
[SYSCALL] regs=0x0013afb4 regs->eax=12 ret=1
[SYSCALL] regs=0x0013afb4 regs->eax=12 ret=1
[SYSCALL] regs=0x0013afb4 regs->eax=12 ret=1
[SYSCALL] regs=0x00131fb4 regs->eax=7 ret=0
[WAIT] enter: cur=0x00130000 pid=3 h=0 timeout=0
[WAIT] leave: r=0
[SYSCALL] regs=0x00131fb4 regs->eax=6 ret=0
[SYSCALL] regs=0x00131fb4 regs->eax=8 ret=0
[VMM] New process page directory created at physical 0x00135000.
[ELF] PT_LOAD: vaddr=0x40000000 filesz=0x11a8 memsz=0x11b0 pages=2
[VMM] Map: virt 0x40000000 -> phys 0x136000, PDE=0x137007, PTE=0x136007
[VMM] Map: virt 0x40001000 -> phys 0x138000, PDE=0x137007, PTE=0x138007
[VMM] Map: virt 0x7fffc000 -> phys 0x13b000, PDE=0x13d007, PTE=0x13b007
[VMM] Map: virt 0x7fffd000 -> phys 0x13c000, PDE=0x13d007, PTE=0x13c007
[TASK] Process 25 created. Entry: 0x4000004c, Kernel stack: 0x0013a000, heap_brk=0x50000000
[SYSCALL] regs=0x00131fb4 regs->eax=3 ret=0
[SYSCALL] regs=0x0013afb4 regs->eax=2 ret=25
[SYSCALL] regs=0x0013afb4 regs->eax=12 ret=1
[SYSCALL] regs=0x0013afb4 regs->eax=12 ret=1
[SYSCALL] regs=0x0013afb4 regs->eax=12 ret=1
[SYSCALL] regs=0x0013afb4 regs->eax=12 ret=1
[SYSCALL] regs=0x0013afb4 regs->eax=12 ret=1
[SYSCALL] regs=0x0013afb4 regs->eax=12 ret=1
[SYSCALL] regs=0x0013afb4 regs->eax=12 ret=1
[SYSCALL] regs=0x0013afb4 regs->eax=12 ret=1
[SYSCALL] regs=0x0013afb4 regs->eax=12 ret=1
[SYSCALL] regs=0x0013afb4 regs->eax=12 ret=1
[SYSCALL] regs=0x00131fb4 regs->eax=7 ret=0
[WAIT] enter: cur=0x00130000 pid=3 h=0 timeout=0
[WAIT] leave: r=0
[SYSCALL] regs=0x00131fb4 regs->eax=6 ret=0
[SYSCALL] regs=0x00131fb4 regs->eax=8 ret=0
[SYSCALL] regs=0x00131fb4 regs->eax=14 ret=0
[SYSCALL] regs=0x00131fb4 regs->eax=12 ret=1
[SYSCALL] regs=0x00131fb4 regs->eax=12 ret=1
[SYSCALL] regs=0x00131fb4 regs->eax=12 ret=1
[SYSCALL] regs=0x00131fb4 regs->eax=12 ret=1
[SYSCALL] regs=0x00131fb4 regs->eax=12 ret=1
[SYSCALL] regs=0x00131fb4 regs->eax=12 ret=1
[SYSCALL] regs=0x00131fb4 regs->eax=12 ret=1
[SYSCALL] regs=0x00131fb4 regs->eax=12 ret=1
[SYSCALL] regs=0x00131fb4 regs->eax=12 ret=1
[SYSCALL] regs=0x00131fb4 regs->eax=12 ret=1
[SYSCALL] regs=0x00131fb4 regs->eax=12 ret=1
[SYSCALL] regs=0x00131fb4 regs->eax=12 ret=1
[SYSCALL] regs=0x00131fb4 regs->eax=12 ret=1
[SYSCALL] regs=0x00131fb4 regs->eax=12 ret=1
[SYSCALL] regs=0x00131fb4 regs->eax=12 ret=1
[SYSCALL] regs=0x00131fb4 regs->eax=12 ret=1
[SYSCALL] regs=0x00131fb4 regs->eax=12 ret=1
[SYSCALL] regs=0x00131fb4 regs->eax=12 ret=1
[SYSCALL] regs=0x00131fb4 regs->eax=12 ret=1
[SYSCALL] regs=0x00131fb4 regs->eax=12 ret=1
[SYSCALL] regs=0x00131fb4 regs->eax=12 ret=1
[SYSCALL] regs=0x00131fb4 regs->eax=12 ret=1
[SYSCALL] regs=0x00131fb4 regs->eax=12 ret=1
[SYSCALL] regs=0x00131fb4 regs->eax=12 ret=1
[SYSCALL] regs=0x00131fb4 regs->eax=12 ret=1
[SYSCALL] regs=0x00131fb4 regs->eax=12 ret=1
[SYSCALL] regs=0x00131fb4 regs->eax=12 ret=1
[SYSCALL] regs=0x00131fb4 regs->eax=12 ret=1
[SYSCALL] regs=0x00131fb4 regs->eax=12 ret=1
[SYSCALL] regs=0x00131fb4 regs->eax=12 ret=1
[SYSCALL] regs=0x00131fb4 regs->eax=14 ret=0
[SYSCALL] regs=0x00131fb4 regs->eax=12 ret=1
[SYSCALL] regs=0x00131fb4 regs->eax=14 ret=0
[SYSCALL] regs=0x00131fb4 regs->eax=12 ret=1
[SYSCALL] regs=0x00131fb4 regs->eax=12 ret=1
[SYSCALL] regs=0x00131fb4 regs->eax=12 ret=1
[SYSCALL] regs=0x00131fb4 regs->eax=12 ret=1
[SYSCALL] regs=0x00131fb4 regs->eax=12 ret=1
[SYSCALL] regs=0x00131fb4 regs->eax=12 ret=1
[SYSCALL] regs=0x00131fb4 regs->eax=12 ret=1
[SYSCALL] regs=0x00131fb4 regs->eax=12 ret=1
[SYSCALL] regs=0x00131fb4 regs->eax=12 ret=1
[SYSCALL] regs=0x00131fb4 regs->eax=12 ret=1
[SYSCALL] regs=0x00131fb4 regs->eax=12 ret=1
[SYSCALL] regs=0x00131fb4 regs->eax=12 ret=1
[SYSCALL] regs=0x00131fb4 regs->eax=12 ret=1
[SYSCALL] regs=0x00131fb4 regs->eax=12 ret=1
[SYSCALL] regs=0x00131fb4 regs->eax=12 ret=1
[SYSCALL] regs=0x00131fb4 regs->eax=12 ret=1
[SYSCALL] regs=0x00131fb4 regs->eax=12 ret=1
[SYSCALL] regs=0x00131fb4 regs->eax=12 ret=1
[SYSCALL] regs=0x00131fb4 regs->eax=12 ret=1
[SYSCALL] regs=0x00131fb4 regs->eax=12 ret=1
[SYSCALL] regs=0x00131fb4 regs->eax=12 ret=1
[SYSCALL] regs=0x00131fb4 regs->eax=12 ret=1
[SYSCALL] regs=0x00131fb4 regs->eax=12 ret=1
[SYSCALL] regs=0x00131fb4 regs->eax=12 ret=1
[SYSCALL] regs=0x00131fb4 regs->eax=12 ret=1
[SYSCALL] regs=0x00131fb4 regs->eax=12 ret=1
[SYSCALL] regs=0x00131fb4 regs->eax=12 ret=1
[SYSCALL] regs=0x00131fb4 regs->eax=12 ret=1
[SYSCALL] regs=0x00131fb4 regs->eax=12 ret=1
[SYSCALL] regs=0x00131fb4 regs->eax=12 ret=1
[SYSCALL] regs=0x00131fb4 regs->eax=12 ret=1
[SYSCALL] regs=0x00131fb4 regs->eax=14 ret=0
[VMM] New process page directory created at physical 0x00135000.
[ELF] PT_LOAD: vaddr=0x40000000 filesz=0x11a8 memsz=0x11b0 pages=2
[VMM] Map: virt 0x40000000 -> phys 0x136000, PDE=0x137007, PTE=0x136007
[VMM] Map: virt 0x40001000 -> phys 0x138000, PDE=0x137007, PTE=0x138007
[VMM] Map: virt 0x7fffc000 -> phys 0x13b000, PDE=0x13d007, PTE=0x13b007
[VMM] Map: virt 0x7fffd000 -> phys 0x13c000, PDE=0x13d007, PTE=0x13c007
[TASK] Process 26 created. Entry: 0x4000004c, Kernel stack: 0x0013a000, heap_brk=0x50000000
[SYSCALL] regs=0x00131fb4 regs->eax=3 ret=0
[SYSCALL] regs=0x00131fb4 regs->eax=14 ret=0
[SYSCALL] regs=0x00131fb4 regs->eax=12 ret=1
[SYSCALL] regs=0x00131fb4 regs->eax=12 ret=1
[SYSCALL] regs=0x00131fb4 regs->eax=12 ret=1
[SYSCALL] regs=0x00131fb4 regs->eax=12 ret=1
[SYSCALL] regs=0x0013afb4 regs->eax=2 ret=26
[SYSCALL] regs=0x0013afb4 regs->eax=12 ret=1
[SYSCALL] regs=0x0013afb4 regs->eax=12 ret=1
[SYSCALL] regs=0x0013afb4 regs->eax=12 ret=1
[SYSCALL] regs=0x0013afb4 regs->eax=12 ret=1
[SYSCALL] regs=0x0013afb4 regs->eax=12 ret=1
[SYSCALL] regs=0x0013afb4 regs->eax=12 ret=1
[SYSCALL] regs=0x0013afb4 regs->eax=12 ret=1
[SYSCALL] regs=0x0013afb4 regs->eax=12 ret=1
[SYSCALL] regs=0x0013afb4 regs->eax=12 ret=1
[SYSCALL] regs=0x0013afb4 regs->eax=12 ret=1
[SYSCALL] regs=0x0013afb4 regs->eax=12 ret=1
[SYSCALL] regs=0x0013afb4 regs->eax=12 ret=1
[SYSCALL] regs=0x0013afb4 regs->eax=12 ret=1
[SYSCALL] regs=0x0013afb4 regs->eax=12 ret=1
[SYSCALL] regs=0x00131fb4 regs->eax=12 ret=1
[SYSCALL] regs=0x00131fb4 regs->eax=12 ret=1
[SYSCALL] regs=0x00131fb4 regs->eax=12 ret=1
[SYSCALL] regs=0x00131fb4 regs->eax=12 ret=1
[SYSCALL] regs=0x00131fb4 regs->eax=12 ret=1
[SYSCALL] regs=0x00131fb4 regs->eax=12 ret=1
[SYSCALL] regs=0x00131fb4 regs->eax=12 ret=1
[SYSCALL] regs=0x00131fb4 regs->eax=12 ret=1
[SYSCALL] regs=0x00131fb4 regs->eax=12 ret=1
[SYSCALL] regs=0x00131fb4 regs->eax=12 ret=1
[SYSCALL] regs=0x00131fb4 regs->eax=12 ret=1
[SYSCALL] regs=0x00131fb4 regs->eax=12 ret=1
[SYSCALL] regs=0x00131fb4 regs->eax=12 ret=1
[SYSCALL] regs=0x00131fb4 regs->eax=12 ret=1
[SYSCALL] regs=0x00131fb4 regs->eax=12 ret=1
[SYSCALL] regs=0x0013afb4 regs->eax=12 ret=1
[SYSCALL] regs=0x0013afb4 regs->eax=12 ret=1
[SYSCALL] regs=0x0013afb4 regs->eax=12 ret=1
[SYSCALL] regs=0x0013afb4 regs->eax=12 ret=1
[SYSCALL] regs=0x0013afb4 regs->eax=12 ret=1
[SYSCALL] regs=0x0013afb4 regs->eax=12 ret=1
[SYSCALL] regs=0x0013afb4 regs->eax=12 ret=1
[SYSCALL] regs=0x0013afb4 regs->eax=12 ret=1
[SYSCALL] regs=0x0013afb4 regs->eax=12 ret=1
[SYSCALL] regs=0x0013afb4 regs->eax=12 ret=1
[SYSCALL] regs=0x0013afb4 regs->eax=12 ret=1
[SYSCALL] regs=0x0013afb4 regs->eax=12 ret=1
[SYSCALL] regs=0x0013afb4 regs->eax=12 ret=1
[SYSCALL] regs=0x0013afb4 regs->eax=12 ret=1
[SYSCALL] regs=0x0013afb4 regs->eax=12 ret=1
[SYSCALL] regs=0x0013afb4 regs->eax=12 ret=1
[SYSCALL] regs=0x00131fb4 regs->eax=12 ret=1
[SYSCALL] regs=0x00131fb4 regs->eax=12 ret=1
[SYSCALL] regs=0x00131fb4 regs->eax=12 ret=1
[SYSCALL] regs=0x00131fb4 regs->eax=12 ret=1
[SYSCALL] regs=0x00131fb4 regs->eax=12 ret=1
[SYSCALL] regs=0x00131fb4 regs->eax=12 ret=1
[SYSCALL] regs=0x00131fb4 regs->eax=12 ret=1
[SYSCALL] regs=0x00131fb4 regs->eax=12 ret=1
[SYSCALL] regs=0x00131fb4 regs->eax=14 ret=0
[WAIT] enter: cur=0x00130000 pid=3 h=0 timeout=50
[SYSCALL] regs=0x0013afb4 regs->eax=12 ret=1
[SYSCALL] regs=0x0013afb4 regs->eax=12 ret=1
[SYSCALL] regs=0x0013afb4 regs->eax=12 ret=1
[SYSCALL] regs=0x0013afb4 regs->eax=12 ret=1
[SYSCALL] regs=0x0013afb4 regs->eax=12 ret=1
[SYSCALL] regs=0x0013afb4 regs->eax=12 ret=1
[SYSCALL] regs=0x0013afb4 regs->eax=12 ret=1
[SYSCALL] regs=0x0013afb4 regs->eax=12 ret=1
[SYSCALL] regs=0x00131fb4 regs->eax=14 ret=0
[SYSCALL] regs=0x00131fb4 regs->eax=12 ret=1
[SYSCALL] regs=0x00131fb4 regs->eax=12 ret=1
[SYSCALL] regs=0x00131fb4 regs->eax=12 ret=1
[SYSCALL] regs=0x00131fb4 regs->eax=12 ret=1
[SYSCALL] regs=0x00131fb4 regs->eax=12 ret=1
[SYSCALL] regs=0x00131fb4 regs->eax=12 ret=1
[SYSCALL] regs=0x00131fb4 regs->eax=12 ret=1
[SYSCALL] regs=0x00131fb4 regs->eax=12 ret=1
[SYSCALL] regs=0x00131fb4 regs->eax=12 ret=1
[SYSCALL] regs=0x00131fb4 regs->eax=12 ret=1
[SYSCALL] regs=0x00131fb4 regs->eax=12 ret=1
[SYSCALL] regs=0x00131fb4 regs->eax=12 ret=1
[SYSCALL] regs=0x00131fb4 regs->eax=12 ret=1
[SYSCALL] regs=0x00131fb4 regs->eax=12 ret=1
[SYSCALL] regs=0x00131fb4 regs->eax=12 ret=1
[SYSCALL] regs=0x00131fb4 regs->eax=12 ret=1
[SYSCALL] regs=0x00131fb4 regs->eax=12 ret=1
[SYSCALL] regs=0x00131fb4 regs->eax=12 ret=1
[SYSCALL] regs=0x00131fb4 regs->eax=12 ret=1
[SYSCALL] regs=0x00131fb4 regs->eax=12 ret=1
[SYSCALL] regs=0x00131fb4 regs->eax=12 ret=1
[SYSCALL] regs=0x00131fb4 regs->eax=12 ret=1
[SYSCALL] regs=0x00131fb4 regs->eax=12 ret=1
[SYSCALL] regs=0x00131fb4 regs->eax=12 ret=1
[SYSCALL] regs=0x00131fb4 regs->eax=12 ret=1
[SYSCALL] regs=0x00131fb4 regs->eax=12 ret=1
[SYSCALL] regs=0x00131fb4 regs->eax=12 ret=1
[SYSCALL] regs=0x00131fb4 regs->eax=12 ret=1
[SYSCALL] regs=0x00131fb4 regs->eax=12 ret=1
[SYSCALL] regs=0x00131fb4 regs->eax=12 ret=1
[SYSCALL] regs=0x00131fb4 regs->eax=12 ret=1
[SYSCALL] regs=0x00131fb4 regs->eax=12 ret=1
[SYSCALL] regs=0x00131fb4 regs->eax=12 ret=1
[SYSCALL] regs=0x00131fb4 regs->eax=12 ret=1
[SYSCALL] regs=0x00131fb4 regs->eax=12 ret=1
[SYSCALL] regs=0x00131fb4 regs->eax=12 ret=1
[SYSCALL] regs=0x00131fb4 regs->eax=12 ret=1
[SYSCALL] regs=0x00131fb4 regs->eax=12 ret=1
[SYSCALL] regs=0x00131fb4 regs->eax=12 ret=1
[SYSCALL] regs=0x00131fb4 regs->eax=12 ret=1
[SYSCALL] regs=0x00131fb4 regs->eax=12 ret=1
[SYSCALL] regs=0x00131fb4 regs->eax=14 ret=0
[SYSCALL] regs=0x00131fb4 regs->eax=7 ret=0
[SYSCALL] regs=0x00131fb4 regs->eax=14 ret=0
[SYSCALL] regs=0x00131fb4 regs->eax=12 ret=1
[SYSCALL] regs=0x00131fb4 regs->eax=12 ret=1
[SYSCALL] regs=0x00131fb4 regs->eax=12 ret=1
[SYSCALL] regs=0x00131fb4 regs->eax=12 ret=1
[SYSCALL] regs=0x00131fb4 regs->eax=12 ret=1
[SYSCALL] regs=0x00131fb4 regs->eax=12 ret=1
[SYSCALL] regs=0x00131fb4 regs->eax=12 ret=1
[SYSCALL] regs=0x00131fb4 regs->eax=12 ret=1
[SYSCALL] regs=0x00131fb4 regs->eax=12 ret=1
[SYSCALL] regs=0x00131fb4 regs->eax=12 ret=1
[SYSCALL] regs=0x00131fb4 regs->eax=12 ret=1
[SYSCALL] regs=0x00131fb4 regs->eax=12 ret=1
[SYSCALL] regs=0x00131fb4 regs->eax=12 ret=1
[SYSCALL] regs=0x00131fb4 regs->eax=12 ret=1
[SYSCALL] regs=0x00131fb4 regs->eax=12 ret=1
[SYSCALL] regs=0x00131fb4 regs->eax=12 ret=1
[SYSCALL] regs=0x00131fb4 regs->eax=12 ret=1
[SYSCALL] regs=0x00131fb4 regs->eax=12 ret=1
[SYSCALL] regs=0x00131fb4 regs->eax=12 ret=1
[SYSCALL] regs=0x00131fb4 regs->eax=12 ret=1
[SYSCALL] regs=0x00131fb4 regs->eax=12 ret=1
[SYSCALL] regs=0x00131fb4 regs->eax=12 ret=1
[SYSCALL] regs=0x00131fb4 regs->eax=12 ret=1
[SYSCALL] regs=0x00131fb4 regs->eax=12 ret=1
[SYSCALL] regs=0x00131fb4 regs->eax=12 ret=1
[SYSCALL] regs=0x00131fb4 regs->eax=12 ret=1
[SYSCALL] regs=0x00131fb4 regs->eax=12 ret=1
[SYSCALL] regs=0x00131fb4 regs->eax=12 ret=1
[SYSCALL] regs=0x00131fb4 regs->eax=14 ret=0
[WAIT] enter: cur=0x00130000 pid=3 h=0 timeout=100
[WAIT] leave: r=0
[SYSCALL] regs=0x00131fb4 regs->eax=6 ret=0
[SYSCALL] regs=0x00131fb4 regs->eax=14 ret=0
[SYSCALL] regs=0x00131fb4 regs->eax=12 ret=1
[SYSCALL] regs=0x00131fb4 regs->eax=12 ret=1
[SYSCALL] regs=0x00131fb4 regs->eax=12 ret=1
[SYSCALL] regs=0x00131fb4 regs->eax=12 ret=1
[SYSCALL] regs=0x00131fb4 regs->eax=12 ret=1
[SYSCALL] regs=0x00131fb4 regs->eax=12 ret=1
[SYSCALL] regs=0x00131fb4 regs->eax=12 ret=1
[SYSCALL] regs=0x00131fb4 regs->eax=12 ret=1
[SYSCALL] regs=0x00131fb4 regs->eax=12 ret=1
[SYSCALL] regs=0x00131fb4 regs->eax=12 ret=1
[SYSCALL] regs=0x00131fb4 regs->eax=12 ret=1
[SYSCALL] regs=0x00131fb4 regs->eax=12 ret=1
[SYSCALL] regs=0x00131fb4 regs->eax=12 ret=1
[SYSCALL] regs=0x00131fb4 regs->eax=12 ret=1
[SYSCALL] regs=0x00131fb4 regs->eax=12 ret=1
[SYSCALL] regs=0x00131fb4 regs->eax=12 ret=1
[SYSCALL] regs=0x00131fb4 regs->eax=12 ret=1
[SYSCALL] regs=0x00131fb4 regs->eax=12 ret=1
[SYSCALL] regs=0x00131fb4 regs->eax=12 ret=1
[SYSCALL] regs=0x00131fb4 regs->eax=12 ret=1
[SYSCALL] regs=0x00131fb4 regs->eax=12 ret=1
[SYSCALL] regs=0x00131fb4 regs->eax=12 ret=1
[SYSCALL] regs=0x00131fb4 regs->eax=12 ret=1
[SYSCALL] regs=0x00131fb4 regs->eax=12 ret=1
[SYSCALL] regs=0x00131fb4 regs->eax=12 ret=1
[SYSCALL] regs=0x00131fb4 regs->eax=12 ret=1
[SYSCALL] regs=0x00131fb4 regs->eax=12 ret=1
[SYSCALL] regs=0x00131fb4 regs->eax=12 ret=1
[SYSCALL] regs=0x00131fb4 regs->eax=12 ret=1
[SYSCALL] regs=0x00131fb4 regs->eax=12 ret=1
[SYSCALL] regs=0x00131fb4 regs->eax=12 ret=1
[SYSCALL] regs=0x00131fb4 regs->eax=12 ret=1
[SYSCALL] regs=0x00131fb4 regs->eax=12 ret=1
[SYSCALL] regs=0x00131fb4 regs->eax=12 ret=1
[SYSCALL] regs=0x00131fb4 regs->eax=12 ret=1
[SYSCALL] regs=0x00131fb4 regs->eax=12 ret=1
[SYSCALL] regs=0x00131fb4 regs->eax=12 ret=1
[SYSCALL] regs=0x00131fb4 regs->eax=12 ret=1
[SYSCALL] regs=0x00131fb4 regs->eax=12 ret=1
[SYSCALL] regs=0x00131fb4 regs->eax=12 ret=1
[SYSCALL] regs=0x00131fb4 regs->eax=12 ret=1
[SYSCALL] regs=0x00131fb4 regs->eax=12 ret=1
[SYSCALL] regs=0x00131fb4 regs->eax=14 ret=0
[SYSCALL] regs=0x00131fb4 regs->eax=8 ret=0
[SYSCALL] regs=0x00131fb4 regs->eax=12 ret=1
[SYSCALL] regs=0x00131fb4 regs->eax=14 ret=0
[SYSCALL] regs=0x00131fb4 regs->eax=12 ret=1
[SYSCALL] regs=0x00131fb4 regs->eax=12 ret=1
[SYSCALL] regs=0x00131fb4 regs->eax=12 ret=1
[SYSCALL] regs=0x00131fb4 regs->eax=12 ret=1
[SYSCALL] regs=0x00131fb4 regs->eax=12 ret=1
[SYSCALL] regs=0x00131fb4 regs->eax=12 ret=1
[SYSCALL] regs=0x00131fb4 regs->eax=12 ret=1
[SYSCALL] regs=0x00131fb4 regs->eax=12 ret=1
[SYSCALL] regs=0x00131fb4 regs->eax=12 ret=1
[SYSCALL] regs=0x00131fb4 regs->eax=12 ret=1
[SYSCALL] regs=0x00131fb4 regs->eax=12 ret=1
[SYSCALL] regs=0x00131fb4 regs->eax=12 ret=1
[SYSCALL] regs=0x00131fb4 regs->eax=12 ret=1
[SYSCALL] regs=0x00131fb4 regs->eax=12 ret=1
[SYSCALL] regs=0x00131fb4 regs->eax=12 ret=1
[SYSCALL] regs=0x00131fb4 regs->eax=12 ret=1
[SYSCALL] regs=0x00131fb4 regs->eax=12 ret=1
[SYSCALL] regs=0x00131fb4 regs->eax=12 ret=1
[SYSCALL] regs=0x00131fb4 regs->eax=12 ret=1
[SYSCALL] regs=0x00131fb4 regs->eax=12 ret=1
[SYSCALL] regs=0x00131fb4 regs->eax=12 ret=1
[SYSCALL] regs=0x00131fb4 regs->eax=12 ret=1
[SYSCALL] regs=0x00131fb4 regs->eax=12 ret=1
[SYSCALL] regs=0x00131fb4 regs->eax=12 ret=1
[SYSCALL] regs=0x00131fb4 regs->eax=12 ret=1
[SYSCALL] regs=0x00131fb4 regs->eax=12 ret=1
[SYSCALL] regs=0x00131fb4 regs->eax=12 ret=1
[SYSCALL] regs=0x00131fb4 regs->eax=12 ret=1
[SYSCALL] regs=0x00131fb4 regs->eax=12 ret=1
[SYSCALL] regs=0x00131fb4 regs->eax=12 ret=1
[SYSCALL] regs=0x00131fb4 regs->eax=12 ret=1
[SYSCALL] regs=0x00131fb4 regs->eax=12 ret=1
[SYSCALL] regs=0x00131fb4 regs->eax=12 ret=1
[SYSCALL] regs=0x00131fb4 regs->eax=12 ret=1
[SYSCALL] regs=0x00131fb4 regs->eax=12 ret=1
[SYSCALL] regs=0x00131fb4 regs->eax=12 ret=1
[SYSCALL] regs=0x00131fb4 regs->eax=12 ret=1
[SYSCALL] regs=0x00131fb4 regs->eax=12 ret=1
[SYSCALL] regs=0x00131fb4 regs->eax=12 ret=1
[SYSCALL] regs=0x00131fb4 regs->eax=12 ret=1
[SYSCALL] regs=0x00131fb4 regs->eax=12 ret=1
[SYSCALL] regs=0x00131fb4 regs->eax=14 ret=0
[SYSCALL] regs=0x00131fb4 regs->eax=12 ret=1
[SYSCALL] regs=0x00131fb4 regs->eax=12 ret=1
[SYSCALL] regs=0x00131fb4 regs->eax=12 ret=1
[SYSCALL] regs=0x00131fb4 regs->eax=12 ret=1
[SYSCALL] regs=0x00131fb4 regs->eax=12 ret=1
[SYSCALL] regs=0x00131fb4 regs->eax=12 ret=1
[SYSCALL] regs=0x00131fb4 regs->eax=12 ret=1
[SYSCALL] regs=0x00131fb4 regs->eax=12 ret=1
[SYSCALL] regs=0x00131fb4 regs->eax=12 ret=1
[SYSCALL] regs=0x00131fb4 regs->eax=12 ret=1
[SYSCALL] regs=0x00131fb4 regs->eax=12 ret=1
[SYSCALL] regs=0x00131fb4 regs->eax=12 ret=1
[SYSCALL] regs=0x00131fb4 regs->eax=12 ret=1
[SYSCALL] regs=0x00131fb4 regs->eax=12 ret=1
[SYSCALL] regs=0x00131fb4 regs->eax=12 ret=1
[SYSCALL] regs=0x00131fb4 regs->eax=12 ret=1
[SYSCALL] regs=0x00131fb4 regs->eax=12 ret=1
[SYSCALL] regs=0x00131fb4 regs->eax=12 ret=1
[SYSCALL] regs=0x00131fb4 regs->eax=12 ret=1
[SYSCALL] regs=0x00131fb4 regs->eax=12 ret=1
[SYSCALL] regs=0x00131fb4 regs->eax=12 ret=1
[SYSCALL] regs=0x00131fb4 regs->eax=12 ret=1
[SYSCALL] regs=0x00131fb4 regs->eax=14 ret=0
[SYSCALL] regs=0x00131fb4 regs->eax=12 ret=1
[SYSCALL] regs=0x00131fb4 regs->eax=12 ret=1
[SYSCALL] regs=0x00131fb4 regs->eax=12 ret=1
[SYSCALL] regs=0x00131fb4 regs->eax=12 ret=1
[SYSCALL] regs=0x00131fb4 regs->eax=12 ret=1
[SYSCALL] regs=0x00131fb4 regs->eax=12 ret=1
[SYSCALL] regs=0x00131fb4 regs->eax=12 ret=1
[SYSCALL] regs=0x00131fb4 regs->eax=12 ret=1
[SYSCALL] regs=0x00131fb4 regs->eax=12 ret=1
[SYSCALL] regs=0x00131fb4 regs->eax=12 ret=1
[SYSCALL] regs=0x00131fb4 regs->eax=12 ret=1
[SYSCALL] regs=0x00131fb4 regs->eax=12 ret=1
[SYSCALL] regs=0x00131fb4 regs->eax=12 ret=1
[SYSCALL] regs=0x00131fb4 regs->eax=12 ret=1
[SYSCALL] regs=0x00131fb4 regs->eax=12 ret=1
[SYSCALL] regs=0x00131fb4 regs->eax=12 ret=1
[SYSCALL] regs=0x00131fb4 regs->eax=12 ret=1
[SYSCALL] regs=0x00131fb4 regs->eax=12 ret=1
[SYSCALL] regs=0x00131fb4 regs->eax=12 ret=1
[SYSCALL] regs=0x00131fb4 regs->eax=12 ret=1
[SYSCALL] regs=0x00131fb4 regs->eax=12 ret=1
[SYSCALL] regs=0x00131fb4 regs->eax=12 ret=1
[SYSCALL] regs=0x00131fb4 regs->eax=12 ret=1
[SYSCALL] regs=0x00131fb4 regs->eax=12 ret=1
[SYSCALL] regs=0x00131fb4 regs->eax=12 ret=1
[SYSCALL] regs=0x00131fb4 regs->eax=12 ret=1
[SYSCALL] regs=0x00131fb4 regs->eax=12 ret=1
[SYSCALL] regs=0x00131fb4 regs->eax=12 ret=1
[SYSCALL] regs=0x00131fb4 regs->eax=12 ret=1
[SYSCALL] regs=0x00131fb4 regs->eax=12 ret=1
[SYSCALL] regs=0x00131fb4 regs->eax=12 ret=1
[SYSCALL] regs=0x00131fb4 regs->eax=12 ret=1
[SYSCALL] regs=0x00131fb4 regs->eax=12 ret=1
[SYSCALL] regs=0x00131fb4 regs->eax=12 ret=1
[SYSCALL] regs=0x00131fb4 regs->eax=12 ret=1
[SYSCALL] regs=0x00131fb4 regs->eax=12 ret=1
[SYSCALL] regs=0x00131fb4 regs->eax=12 ret=1
[SYSCALL] regs=0x00131fb4 regs->eax=12 ret=1
[SYSCALL] regs=0x00131fb4 regs->eax=12 ret=1
[SYSCALL] regs=0x00131fb4 regs->eax=12 ret=1
[SYSCALL] regs=0x00131fb4 regs->eax=12 ret=1
[SYSCALL] regs=0x00131fb4 regs->eax=14 ret=0
[SYSCALL] Process 3 exiting with status 1
[TASK] Process 3 exiting with status 1
[SYSCALL] regs=0x00125fb4 regs->eax=8 ret=0
[SYSCALL] regs=0x00125fb4 regs->eax=14 ret=0
[SYSCALL] regs=0x00125fb4 regs->eax=12 ret=1
[SYSCALL] regs=0x00125fb4 regs->eax=12 ret=1
[SYSCALL] regs=0x00125fb4 regs->eax=14 ret=0
[SYSCALL] regs=0x00125fb4 regs->eax=11 ret=0
[SYSCALL] regs=0x00125fb4 regs->eax=11 ret=0
[SYSCALL] regs=0x00125fb4 regs->eax=11 ret=0
[SYSCALL] regs=0x00125fb4 regs->eax=11 ret=0
[SYSCALL] regs=0x00125fb4 regs->eax=11 ret=0
[SYSCALL] regs=0x00125fb4 regs->eax=11 ret=0
[SYSCALL] regs=0x00125fb4 regs->eax=11 ret=0
[SYSCALL] regs=0x00125fb4 regs->eax=11 ret=0
[SYSCALL] regs=0x00125fb4 regs->eax=11 ret=0
[SYSCALL] regs=0x00125fb4 regs->eax=11 ret=0
[SYSCALL] regs=0x00125fb4 regs->eax=11 ret=0
[SYSCALL] regs=0x00125fb4 regs->eax=11 ret=0
[SYSCALL] regs=0x00125fb4 regs->eax=11 ret=0
[SYSCALL] regs=0x00125fb4 regs->eax=11 ret=0
[SYSCALL] regs=0x00125fb4 regs->eax=11 ret=0
[SYSCALL] regs=0x00125fb4 regs->eax=11 ret=0
[SYSCALL] regs=0x00125fb4 regs->eax=11 ret=0
[SYSCALL] regs=0x00125fb4 regs->eax=11 ret=0
[SYSCALL] regs=0x00125fb4 regs->eax=11 ret=0
[SYSCALL] regs=0x00125fb4 regs->eax=11 ret=0
[SYSCALL] regs=0x00125fb4 regs->eax=11 ret=0
[SYSCALL] regs=0x00125fb4 regs->eax=11 ret=0
[SYSCALL] regs=0x00125fb4 regs->eax=11 ret=0
[SYSCALL] regs=0x00125fb4 regs->eax=11 ret=0
[SYSCALL] regs=0x00125fb4 regs->eax=11 ret=0
[SYSCALL] regs=0x00125fb4 regs->eax=11 ret=0
[SYSCALL] regs=0x00125fb4 regs->eax=11 ret=0
[SYSCALL] regs=0x00125fb4 regs->eax=11 ret=0
[SYSCALL] regs=0x00125fb4 regs->eax=11 ret=0
[SYSCALL] regs=0x00125fb4 regs->eax=11 ret=0
[SYSCALL] regs=0x00125fb4 regs->eax=11 ret=0
[SYSCALL] regs=0x00125fb4 regs->eax=11 ret=0
[SYSCALL] regs=0x00125fb4 regs->eax=11 ret=0
[SYSCALL] regs=0x00125fb4 regs->eax=11 ret=0
[SYSCALL] regs=0x00125fb4 regs->eax=11 ret=0
[SYSCALL] regs=0x00125fb4 regs->eax=11 ret=0
[SYSCALL] regs=0x00125fb4 regs->eax=11 ret=0
[SYSCALL] regs=0x00125fb4 regs->eax=11 ret=0
[SYSCALL] regs=0x00125fb4 regs->eax=11 ret=0
[SYSCALL] regs=0x00125fb4 regs->eax=11 ret=0
[SYSCALL] regs=0x00125fb4 regs->eax=11 ret=0
[SYSCALL] regs=0x00125fb4 regs->eax=11 ret=0
[SYSCALL] regs=0x00125fb4 regs->eax=11 ret=0
[SYSCALL] regs=0x00125fb4 regs->eax=11 ret=0
[SYSCALL] regs=0x00125fb4 regs->eax=11 ret=0
[SYSCALL] regs=0x00125fb4 regs->eax=11 ret=0
[SYSCALL] regs=0x00125fb4 regs->eax=11 ret=0
[SYSCALL] regs=0x00125fb4 regs->eax=11 ret=0
[SYSCALL] regs=0x00125fb4 regs->eax=11 ret=0
[SYSCALL] regs=0x00125fb4 regs->eax=11 ret=0
[SYSCALL] regs=0x00125fb4 regs->eax=11 ret=0
[SYSCALL] regs=0x00125fb4 regs->eax=11 ret=0
[SYSCALL] regs=0x00125fb4 regs->eax=11 ret=0
[SYSCALL] regs=0x00125fb4 regs->eax=11 ret=0
[SYSCALL] regs=0x00125fb4 regs->eax=11 ret=0
[SYSCALL] regs=0x00125fb4 regs->eax=11 ret=0
[SYSCALL] regs=0x00125fb4 regs->eax=11 ret=0
[SYSCALL] regs=0x00125fb4 regs->eax=11 ret=0
[SYSCALL] regs=0x00125fb4 regs->eax=11 ret=0
[SYSCALL] regs=0x00125fb4 regs->eax=11 ret=0
[SYSCALL] regs=0x00125fb4 regs->eax=11 ret=0
[SYSCALL] regs=0x00125fb4 regs->eax=11 ret=0
[SYSCALL] regs=0x00125fb4 regs->eax=11 ret=0
[SYSCALL] regs=0x00125fb4 regs->eax=11 ret=0
[SYSCALL] regs=0x00125fb4 regs->eax=11 ret=0
[SYSCALL] regs=0x00125fb4 regs->eax=11 ret=0
[SYSCALL] regs=0x00125fb4 regs->eax=11 ret=0
[SYSCALL] regs=0x00125fb4 regs->eax=11 ret=0
[SYSCALL] regs=0x00125fb4 regs->eax=11 ret=0
[SYSCALL] regs=0x00125fb4 regs->eax=11 ret=0
[SYSCALL] regs=0x00125fb4 regs->eax=11 ret=0
[SYSCALL] regs=0x00125fb4 regs->eax=11 ret=0
[SYSCALL] regs=0x00125fb4 regs->eax=11 ret=0
[SYSCALL] regs=0x00125fb4 regs->eax=11 ret=0
[SYSCALL] regs=0x00125fb4 regs->eax=11 ret=0
[SYSCALL] regs=0x00125fb4 regs->eax=11 ret=0
[SYSCALL] regs=0x00125fb4 regs->eax=11 ret=0
[SYSCALL] regs=0x00125fb4 regs->eax=11 ret=0
[SYSCALL] regs=0x00125fb4 regs->eax=11 ret=0
[SYSCALL] regs=0x00125fb4 regs->eax=11 ret=0
[SYSCALL] regs=0x00125fb4 regs->eax=11 ret=0
[SYSCALL] regs=0x00125fb4 regs->eax=11 ret=0
[SYSCALL] regs=0x00125fb4 regs->eax=11 ret=0
[SYSCALL] regs=0x00125fb4 regs->eax=11 ret=0
[SYSCALL] regs=0x00125fb4 regs->eax=11 ret=0
[SYSCALL] regs=0x00125fb4 regs->eax=11 ret=0
[SYSCALL] regs=0x00125fb4 regs->eax=11 ret=0
[SYSCALL] regs=0x00125fb4 regs->eax=11 ret=0
[SYSCALL] regs=0x00125fb4 regs->eax=11 ret=0
[SYSCALL] regs=0x00125fb4 regs->eax=11 ret=0
[SYSCALL] regs=0x00125fb4 regs->eax=11 ret=0
[SYSCALL] regs=0x00125fb4 regs->eax=11 ret=0
[SYSCALL] regs=0x00125fb4 regs->eax=11 ret=0
[SYSCALL] regs=0x00125fb4 regs->eax=11 ret=0
[SYSCALL] regs=0x00125fb4 regs->eax=11 ret=0
[SYSCALL] regs=0x00125fb4 regs->eax=11 ret=0
[SYSCALL] regs=0x00125fb4 regs->eax=11 ret=0
[SYSCALL] regs=0x00125fb4 regs->eax=11 ret=0
[SYSCALL] regs=0x00125fb4 regs->eax=11 ret=0
[SYSCALL] regs=0x00125fb4 regs->eax=11 ret=0
[SYSCALL] regs=0x00125fb4 regs->eax=11 ret=0
[SYSCALL] regs=0x00125fb4 regs->eax=11 ret=0
[SYSCALL] regs=0x00125fb4 regs->eax=11 ret=0
[SYSCALL] regs=0x00125fb4 regs->eax=11 ret=0
[SYSCALL] regs=0x00125fb4 regs->eax=11 ret=0
[SYSCALL] regs=0x00125fb4 regs->eax=11 ret=0
[SYSCALL] regs=0x00125fb4 regs->eax=11 ret=0
[SYSCALL] regs=0x00125fb4 regs->eax=11 ret=0
[SYSCALL] regs=0x00125fb4 regs->eax=11 ret=0
[SYSCALL] regs=0x00125fb4 regs->eax=11 ret=0
[SYSCALL] regs=0x00125fb4 regs->eax=11 ret=0
[SYSCALL] regs=0x00125fb4 regs->eax=11 ret=0
[SYSCALL] regs=0x00125fb4 regs->eax=11 ret=0
[SYSCALL] regs=0x00125fb4 regs->eax=11 ret=0
[SYSCALL] regs=0x00125fb4 regs->eax=11 ret=0
[SYSCALL] regs=0x00125fb4 regs->eax=11 ret=0
[SYSCALL] regs=0x00125fb4 regs->eax=11 ret=0
[SYSCALL] regs=0x00125fb4 regs->eax=11 ret=0
[SYSCALL] regs=0x00125fb4 regs->eax=11 ret=0
[SYSCALL] regs=0x00125fb4 regs->eax=11 ret=0
[SYSCALL] regs=0x00125fb4 regs->eax=11 ret=0
[SYSCALL] regs=0x00125fb4 regs->eax=11 ret=0
[SYSCALL] regs=0x00125fb4 regs->eax=11 ret=0
[SYSCALL] regs=0x00125fb4 regs->eax=11 ret=0
[SYSCALL] regs=0x00125fb4 regs->eax=11 ret=0
[SYSCALL] regs=0x00125fb4 regs->eax=11 ret=0
[SYSCALL] regs=0x00125fb4 regs->eax=11 ret=0
[SYSCALL] regs=0x00125fb4 regs->eax=11 ret=0
[SYSCALL] regs=0x00125fb4 regs->eax=11 ret=0
[SYSCALL] regs=0x00125fb4 regs->eax=11 ret=0
[SYSCALL] regs=0x00125fb4 regs->eax=11 ret=0
[SYSCALL] regs=0x00125fb4 regs->eax=11 ret=0
[SYSCALL] regs=0x00125fb4 regs->eax=11 ret=0
[SYSCALL] regs=0x00125fb4 regs->eax=11 ret=0
[SYSCALL] regs=0x00125fb4 regs->eax=11 ret=0
[SYSCALL] regs=0x00125fb4 regs->eax=11 ret=0
[SYSCALL] regs=0x00125fb4 regs->eax=11 ret=0
[SYSCALL] regs=0x00125fb4 regs->eax=11 ret=0
[SYSCALL] regs=0x00125fb4 regs->eax=11 ret=0
[SYSCALL] regs=0x00125fb4 regs->eax=11 ret=0
[SYSCALL] regs=0x00125fb4 regs->eax=11 ret=0
[SYSCALL] regs=0x00125fb4 regs->eax=11 ret=0
[SYSCALL] regs=0x00125fb4 regs->eax=11 ret=0
[SYSCALL] regs=0x00125fb4 regs->eax=11 ret=0
[SYSCALL] regs=0x00125fb4 regs->eax=11 ret=0
[SYSCALL] regs=0x00125fb4 regs->eax=11 ret=0
[SYSCALL] regs=0x00125fb4 regs->eax=11 ret=0
[SYSCALL] regs=0x00125fb4 regs->eax=11 ret=0
[SYSCALL] regs=0x00125fb4 regs->eax=11 ret=0
[SYSCALL] regs=0x00125fb4 regs->eax=11 ret=0
[SYSCALL] regs=0x00125fb4 regs->eax=11 ret=0
[SYSCALL] regs=0x00125fb4 regs->eax=11 ret=0
[SYSCALL] regs=0x00125fb4 regs->eax=11 ret=0
[SYSCALL] regs=0x00125fb4 regs->eax=11 ret=0
[SYSCALL] regs=0x00125fb4 regs->eax=11 ret=0
[SYSCALL] regs=0x00125fb4 regs->eax=11 ret=0
[SYSCALL] regs=0x00125fb4 regs->eax=11 ret=0
[SYSCALL] regs=0x00125fb4 regs->eax=11 ret=0
[SYSCALL] regs=0x00125fb4 regs->eax=11 ret=0
[SYSCALL] regs=0x00125fb4 regs->eax=11 ret=0
[SYSCALL] regs=0x00125fb4 regs->eax=11 ret=0
[SYSCALL] regs=0x00125fb4 regs->eax=11 ret=0
[SYSCALL] regs=0x00125fb4 regs->eax=11 ret=0
[SYSCALL] regs=0x00125fb4 regs->eax=11 ret=0
[SYSCALL] regs=0x00125fb4 regs->eax=11 ret=0
[SYSCALL] regs=0x00125fb4 regs->eax=11 ret=0
[SYSCALL] regs=0x00125fb4 regs->eax=11 ret=0
[SYSCALL] regs=0x00125fb4 regs->eax=11 ret=0
[SYSCALL] regs=0x00125fb4 regs->eax=11 ret=0
[SYSCALL] regs=0x00125fb4 regs->eax=11 ret=0
[SYSCALL] regs=0x00125fb4 regs->eax=11 ret=0
[SYSCALL] regs=0x00125fb4 regs->eax=11 ret=0
[SYSCALL] regs=0x00125fb4 regs->eax=11 ret=0
[SYSCALL] regs=0x00125fb4 regs->eax=11 ret=0
[SYSCALL] regs=0x00125fb4 regs->eax=11 ret=0
[SYSCALL] regs=0x00125fb4 regs->eax=11 ret=0
[SYSCALL] regs=0x00125fb4 regs->eax=11 ret=0
[SYSCALL] regs=0x00125fb4 regs->eax=11 ret=0
[SYSCALL] regs=0x00125fb4 regs->eax=11 ret=0
[SYSCALL] regs=0x00125fb4 regs->eax=11 ret=0
[SYSCALL] regs=0x00125fb4 regs->eax=11 ret=0
[SYSCALL] regs=0x00125fb4 regs->eax=11 ret=0
[SYSCALL] regs=0x00125fb4 regs->eax=11 ret=0
[SYSCALL] regs=0x00125fb4 regs->eax=11 ret=0
[SYSCALL] regs=0x00125fb4 regs->eax=11 ret=0
[SYSCALL] regs=0x00125fb4 regs->eax=11 ret=0
[SYSCALL] regs=0x00125fb4 regs->eax=11 ret=0
[SYSCALL] regs=0x00125fb4 regs->eax=11 ret=0
[SYSCALL] regs=0x00125fb4 regs->eax=11 ret=0
[SYSCALL] regs=0x00125fb4 regs->eax=11 ret=0
[SYSCALL] regs=0x00125fb4 regs->eax=11 ret=0
[SYSCALL] regs=0x00125fb4 regs->eax=11 ret=0
[SYSCALL] regs=0x00125fb4 regs->eax=11 ret=0
[SYSCALL] regs=0x00125fb4 regs->eax=11 ret=0
[SYSCALL] regs=0x00125fb4 regs->eax=11 ret=0
[SYSCALL] regs=0x00125fb4 regs->eax=11 ret=0
[SYSCALL] regs=0x00125fb4 regs->eax=11 ret=0
[SYSCALL] regs=0x00125fb4 regs->eax=11 ret=0
[SYSCALL] regs=0x00125fb4 regs->eax=11 ret=0
[SYSCALL] regs=0x00125fb4 regs->eax=11 ret=0
[SYSCALL] regs=0x00125fb4 regs->eax=11 ret=0
[SYSCALL] regs=0x00125fb4 regs->eax=11 ret=0
[SYSCALL] regs=0x00125fb4 regs->eax=11 ret=0
[SYSCALL] regs=0x00125fb4 regs->eax=11 ret=0
[SYSCALL] regs=0x00125fb4 regs->eax=11 ret=0
[SYSCALL] regs=0x00125fb4 regs->eax=11 ret=0
[SYSCALL] regs=0x00125fb4 regs->eax=11 ret=0
[SYSCALL] regs=0x00125fb4 regs->eax=11 ret=0
[SYSCALL] regs=0x00125fb4 regs->eax=11 ret=0
[SYSCALL] regs=0x00125fb4 regs->eax=11 ret=0
[SYSCALL] regs=0x00125fb4 regs->eax=11 ret=0
[SYSCALL] regs=0x00125fb4 regs->eax=11 ret=0
[SYSCALL] regs=0x00125fb4 regs->eax=11 ret=0
[SYSCALL] regs=0x00125fb4 regs->eax=11 ret=0
[SYSCALL] regs=0x00125fb4 regs->eax=11 ret=0
[SYSCALL] regs=0x00125fb4 regs->eax=11 ret=0
[SYSCALL] regs=0x00125fb4 regs->eax=11 ret=0
[SYSCALL] regs=0x00125fb4 regs->eax=11 ret=0
[SYSCALL] regs=0x00125fb4 regs->eax=11 ret=0
[SYSCALL] regs=0x00125fb4 regs->eax=11 ret=0
[SYSCALL] regs=0x00125fb4 regs->eax=11 ret=0
[SYSCALL] regs=0x00125fb4 regs->eax=11 ret=0
[SYSCALL] regs=0x00125fb4 regs->eax=11 ret=0
[SYSCALL] regs=0x00125fb4 regs->eax=11 ret=0
[SYSCALL] regs=0x00125fb4 regs->eax=11 ret=0
[SYSCALL] regs=0x00125fb4 regs->eax=11 ret=0
[SYSCALL] regs=0x00125fb4 regs->eax=11 ret=0
[SYSCALL] regs=0x00125fb4 regs->eax=11 ret=0
[SYSCALL] regs=0x00125fb4 regs->eax=11 ret=0
[SYSCALL] regs=0x00125fb4 regs->eax=11 ret=0
[SYSCALL] regs=0x00125fb4 regs->eax=11 ret=0
[SYSCALL] regs=0x00125fb4 regs->eax=11 ret=0
[SYSCALL] regs=0x00125fb4 regs->eax=11 ret=0
[SYSCALL] regs=0x00125fb4 regs->eax=11 ret=0
[SYSCALL] regs=0x00125fb4 regs->eax=11 ret=0
[SYSCALL] regs=0x00125fb4 regs->eax=11 ret=0
[SYSCALL] regs=0x00125fb4 regs->eax=11 ret=0
[SYSCALL] regs=0x00125fb4 regs->eax=11 ret=0
[SYSCALL] regs=0x00125fb4 regs->eax=11 ret=0
[SYSCALL] regs=0x00125fb4 regs->eax=11 ret=0
[SYSCALL] regs=0x00125fb4 regs->eax=11 ret=0
[SYSCALL] regs=0x00125fb4 regs->eax=11 ret=0
[SYSCALL] regs=0x00125fb4 regs->eax=11 ret=0
[SYSCALL] regs=0x00125fb4 regs->eax=11 ret=0
[SYSCALL] regs=0x00125fb4 regs->eax=11 ret=0
[SYSCALL] regs=0x00125fb4 regs->eax=11 ret=0
[SYSCALL] regs=0x00125fb4 regs->eax=11 ret=0
[SYSCALL] regs=0x00125fb4 regs->eax=11 ret=0
[SYSCALL] regs=0x00125fb4 regs->eax=11 ret=0
[SYSCALL] regs=0x00125fb4 regs->eax=11 ret=0
[SYSCALL] regs=0x00125fb4 regs->eax=11 ret=0
[SYSCALL] regs=0x00125fb4 regs->eax=11 ret=0
[SYSCALL] regs=0x00125fb4 regs->eax=11 ret=0
[SYSCALL] regs=0x00125fb4 regs->eax=11 ret=0
[SYSCALL] regs=0x00125fb4 regs->eax=11 ret=0
[SYSCALL] regs=0x00125fb4 regs->eax=11 ret=0
[SYSCALL] regs=0x00125fb4 regs->eax=11 ret=0
[SYSCALL] regs=0x00125fb4 regs->eax=11 ret=0
[SYSCALL] regs=0x00125fb4 regs->eax=11 ret=0
[SYSCALL] regs=0x00125fb4 regs->eax=11 ret=0
[SYSCALL] regs=0x00125fb4 regs->eax=11 ret=0
[SYSCALL] regs=0x00125fb4 regs->eax=11 ret=0
[SYSCALL] regs=0x00125fb4 regs->eax=11 ret=0
[SYSCALL] regs=0x00125fb4 regs->eax=11 ret=0
[SYSCALL] regs=0x00125fb4 regs->eax=11 ret=0
[SYSCALL] regs=0x00125fb4 regs->eax=11 ret=0
[SYSCALL] regs=0x00125fb4 regs->eax=11 ret=0
[SYSCALL] regs=0x00125fb4 regs->eax=11 ret=0
[SYSCALL] regs=0x00125fb4 regs->eax=11 ret=0
[SYSCALL] regs=0x00125fb4 regs->eax=11 ret=0
[SYSCALL] regs=0x00125fb4 regs->eax=11 ret=0
[SYSCALL] regs=0x00125fb4 regs->eax=11 ret=0
[SYSCALL] regs=0x00125fb4 regs->eax=11 ret=0
[SYSCALL] regs=0x00125fb4 regs->eax=11 ret=0
[SYSCALL] regs=0x00125fb4 regs->eax=11 ret=0
[SYSCALL] regs=0x00125fb4 regs->eax=11 ret=0
[SYSCALL] regs=0x00125fb4 regs->eax=11 ret=0
[SYSCALL] regs=0x00125fb4 regs->eax=11 ret=0
[SYSCALL] regs=0x00125fb4 regs->eax=11 ret=0
[SYSCALL] regs=0x00125fb4 regs->eax=11 ret=0
[SYSCALL] regs=0x00125fb4 regs->eax=11 ret=0
[SYSCALL] regs=0x00125fb4 regs->eax=11 ret=0
[SYSCALL] regs=0x00125fb4 regs->eax=11 ret=0
[SYSCALL] regs=0x00125fb4 regs->eax=11 ret=0
[SYSCALL] regs=0x00125fb4 regs->eax=11 ret=0
[SYSCALL] regs=0x00125fb4 regs->eax=11 ret=0
[SYSCALL] regs=0x00125fb4 regs->eax=11 ret=0
[SYSCALL] regs=0x00125fb4 regs->eax=11 ret=0
[SYSCALL] regs=0x00125fb4 regs->eax=11 ret=0
[SYSCALL] regs=0x00125fb4 regs->eax=11 ret=0
[SYSCALL] regs=0x00125fb4 regs->eax=11 ret=0
[SYSCALL] regs=0x00125fb4 regs->eax=11 ret=0
[SYSCALL] regs=0x00125fb4 regs->eax=11 ret=0
[SYSCALL] regs=0x00125fb4 regs->eax=11 ret=0
[SYSCALL] regs=0x00125fb4 regs->eax=11 ret=0
[SYSCALL] regs=0x00125fb4 regs->eax=11 ret=0
[SYSCALL] regs=0x00125fb4 regs->eax=11 ret=0
[SYSCALL] regs=0x00125fb4 regs->eax=11 ret=0
[SYSCALL] regs=0x00125fb4 regs->eax=11 ret=0
[SYSCALL] regs=0x00125fb4 regs->eax=11 ret=0
[SYSCALL] regs=0x00125fb4 regs->eax=11 ret=0
[SYSCALL] regs=0x00125fb4 regs->eax=11 ret=0
[SYSCALL] regs=0x00125fb4 regs->eax=11 ret=0
[SYSCALL] regs=0x00125fb4 regs->eax=11 ret=0
[SYSCALL] regs=0x00125fb4 regs->eax=11 ret=0
[SYSCALL] regs=0x00125fb4 regs->eax=11 ret=0
[SYSCALL] regs=0x00125fb4 regs->eax=11 ret=0
[SYSCALL] regs=0x00125fb4 regs->eax=11 ret=0
[SYSCALL] regs=0x00125fb4 regs->eax=11 ret=0
[SYSCALL] regs=0x00125fb4 regs->eax=11 ret=0
[SYSCALL] regs=0x00125fb4 regs->eax=11 ret=0
[SYSCALL] regs=0x00125fb4 regs->eax=11 ret=0
[SYSCALL] regs=0x00125fb4 regs->eax=11 ret=0
[SYSCALL] regs=0x00125fb4 regs->eax=11 ret=0
[SYSCALL] regs=0x00125fb4 regs->eax=11 ret=0
[SYSCALL] regs=0x00125fb4 regs->eax=11 ret=0
[SYSCALL] regs=0x00125fb4 regs->eax=11 ret=0
[SYSCALL] regs=0x00125fb4 regs->eax=11 ret=0
[SYSCALL] regs=0x00125fb4 regs->eax=11 ret=0
[SYSCALL] regs=0x00125fb4 regs->eax=11 ret=0
[SYSCALL] regs=0x00125fb4 regs->eax=11 ret=0
[SYSCALL] regs=0x00125fb4 regs->eax=11 ret=0
[SYSCALL] regs=0x00125fb4 regs->eax=11 ret=0
[SYSCALL] regs=0x00125fb4 regs->eax=11 ret=0
[SYSCALL] regs=0x00125fb4 regs->eax=11 ret=0
[SYSCALL] regs=0x00125fb4 regs->eax=11 ret=0
[SYSCALL] regs=0x00125fb4 regs->eax=11 ret=0
[SYSCALL] regs=0x00125fb4 regs->eax=11 ret=0
[SYSCALL] regs=0x00125fb4 regs->eax=11 ret=0
[SYSCALL] regs=0x00125fb4 regs->eax=11 ret=0
[SYSCALL] regs=0x00125fb4 regs->eax=11 ret=0
[SYSCALL] regs=0x00125fb4 regs->eax=11 ret=0
[SYSCALL] regs=0x00125fb4 regs->eax=11 ret=0
[SYSCALL] regs=0x00125fb4 regs->eax=11 ret=0
[SYSCALL] regs=0x00125fb4 regs->eax=11 ret=0
[SYSCALL] regs=0x00125fb4 regs->eax=11 ret=0
[SYSCALL] regs=0x00125fb4 regs->eax=11 ret=0
[SYSCALL] regs=0x00125fb4 regs->eax=11 ret=0
[SYSCALL] regs=0x00125fb4 regs->eax=11 ret=0
[SYSCALL] regs=0x00125fb4 regs->eax=11 ret=0
[SYSCALL] regs=0x00125fb4 regs->eax=11 ret=0
[SYSCALL] regs=0x00125fb4 regs->eax=11 ret=0
[SYSCALL] regs=0x00125fb4 regs->eax=11 ret=0
[SYSCALL] regs=0x00125fb4 regs->eax=11 ret=0
[SYSCALL] regs=0x00125fb4 regs->eax=11 ret=0
[SYSCALL] regs=0x00125fb4 regs->eax=11 ret=0
[SYSCALL] regs=0x00125fb4 regs->eax=11 ret=0
[SYSCALL] regs=0x00125fb4 regs->eax=11 ret=0
[SYSCALL] regs=0x00125fb4 regs->eax=11 ret=0
[SYSCALL] regs=0x00125fb4 regs->eax=11 ret=0
[SYSCALL] regs=0x00125fb4 regs->eax=11 ret=0
[SYSCALL] regs=0x00125fb4 regs->eax=11 ret=0
[SYSCALL] regs=0x00125fb4 regs->eax=11 ret=0
[SYSCALL] regs=0x00125fb4 regs->eax=11 ret=0
[SYSCALL] regs=0x00125fb4 regs->eax=11 ret=0
[SYSCALL] regs=0x00125fb4 regs->eax=11 ret=0
[SYSCALL] regs=0x00125fb4 regs->eax=11 ret=0
[SYSCALL] regs=0x00125fb4 regs->eax=11 ret=0
[SYSCALL] regs=0x00125fb4 regs->eax=11 ret=0
[SYSCALL] regs=0x00125fb4 regs->eax=11 ret=0
[SYSCALL] regs=0x00125fb4 regs->eax=11 ret=0
[SYSCALL] regs=0x00125fb4 regs->eax=11 ret=0
[SYSCALL] regs=0x00125fb4 regs->eax=11 ret=0
[SYSCALL] regs=0x00125fb4 regs->eax=11 ret=0
[SYSCALL] regs=0x00125fb4 regs->eax=11 ret=0
[SYSCALL] regs=0x00125fb4 regs->eax=11 ret=0
[SYSCALL] regs=0x00125fb4 regs->eax=11 ret=0
[SYSCALL] regs=0x00125fb4 regs->eax=11 ret=0
[SYSCALL] regs=0x00125fb4 regs->eax=11 ret=0
[SYSCALL] regs=0x00125fb4 regs->eax=11 ret=0
[SYSCALL] regs=0x00125fb4 regs->eax=11 ret=0
[SYSCALL] regs=0x00125fb4 regs->eax=11 ret=0
[SYSCALL] regs=0x00125fb4 regs->eax=11 ret=0
[SYSCALL] regs=0x00125fb4 regs->eax=11 ret=0
[SYSCALL] regs=0x00125fb4 regs->eax=11 ret=0
[SYSCALL] regs=0x00125fb4 regs->eax=11 ret=0
[SYSCALL] regs=0x00125fb4 regs->eax=11 ret=0
[SYSCALL] regs=0x00125fb4 regs->eax=11 ret=0
[SYSCALL] regs=0x00125fb4 regs->eax=11 ret=0
[SYSCALL] regs=0x00125fb4 regs->eax=11 ret=0
[SYSCALL] regs=0x00125fb4 regs->eax=11 ret=0
[SYSCALL] regs=0x00125fb4 regs->eax=11 ret=0
[SYSCALL] regs=0x00125fb4 regs->eax=11 ret=0
[SYSCALL] regs=0x00125fb4 regs->eax=11 ret=0
[SYSCALL] regs=0x00125fb4 regs->eax=11 ret=0
[SYSCALL] regs=0x00125fb4 regs->eax=11 ret=0
[SYSCALL] regs=0x00125fb4 regs->eax=11 ret=0
[SYSCALL] regs=0x00125fb4 regs->eax=11 ret=0
[SYSCALL] regs=0x00125fb4 regs->eax=11 ret=0
[SYSCALL] regs=0x00125fb4 regs->eax=11 ret=0
[SYSCALL] regs=0x00125fb4 regs->eax=11 ret=0
[SYSCALL] regs=0x00125fb4 regs->eax=11 ret=0
[SYSCALL] regs=0x00125fb4 regs->eax=11 ret=0
[SYSCALL] regs=0x00125fb4 regs->eax=11 ret=0
[SYSCALL] regs=0x00125fb4 regs->eax=11 ret=0
[SYSCALL] regs=0x00125fb4 regs->eax=11 ret=0
[SYSCALL] regs=0x00125fb4 regs->eax=11 ret=0
[SYSCALL] regs=0x00125fb4 regs->eax=11 ret=0
[SYSCALL] regs=0x00125fb4 regs->eax=11 ret=0
[SYSCALL] regs=0x00125fb4 regs->eax=11 ret=0
[SYSCALL] regs=0x00125fb4 regs->eax=11 ret=0
[SYSCALL] regs=0x00125fb4 regs->eax=11 ret=0
[SYSCALL] regs=0x00125fb4 regs->eax=11 ret=0
[SYSCALL] regs=0x00125fb4 regs->eax=11 ret=0
[SYSCALL] regs=0x00125fb4 regs->eax=11 ret=0
[SYSCALL] regs=0x00125fb4 regs->eax=11 ret=0
[SYSCALL] regs=0x00125fb4 regs->eax=11 ret=0
[SYSCALL] regs=0x00125fb4 regs->eax=11 ret=0
[SYSCALL] regs=0x00125fb4 regs->eax=11 ret=0
[SYSCALL] regs=0x00125fb4 regs->eax=11 ret=0
[SYSCALL] regs=0x00125fb4 regs->eax=11 ret=0
[SYSCALL] regs=0x00125fb4 regs->eax=11 ret=0
[SYSCALL] regs=0x00125fb4 regs->eax=11 ret=0
[SYSCALL] regs=0x00125fb4 regs->eax=11 ret=0
[SYSCALL] regs=0x00125fb4 regs->eax=11 ret=0
[SYSCALL] regs=0x00125fb4 regs->eax=11 ret=0
[SYSCALL] regs=0x00125fb4 regs->eax=11 ret=0
[SYSCALL] regs=0x00125fb4 regs->eax=11 ret=0
[SYSCALL] regs=0x00125fb4 regs->eax=11 ret=0
[SYSCALL] regs=0x00125fb4 regs->eax=11 ret=0
[SYSCALL] regs=0x00125fb4 regs->eax=11 ret=0
[SYSCALL] regs=0x00125fb4 regs->eax=11 ret=0
[SYSCALL] regs=0x00125fb4 regs->eax=11 ret=0
[SYSCALL] regs=0x00125fb4 regs->eax=11 ret=0
[SYSCALL] regs=0x00125fb4 regs->eax=11 ret=0
[SYSCALL] regs=0x00125fb4 regs->eax=11 ret=0
[SYSCALL] regs=0x00125fb4 regs->eax=11 ret=0
[SYSCALL] regs=0x00125fb4 regs->eax=11 ret=0
[SYSCALL] regs=0x00125fb4 regs->eax=11 ret=0
[SYSCALL] regs=0x00125fb4 regs->eax=11 ret=0
[SYSCALL] regs=0x00125fb4 regs->eax=11 ret=0
[SYSCALL] regs=0x00125fb4 regs->eax=11 ret=0
[SYSCALL] regs=0x00125fb4 regs->eax=11 ret=0
[SYSCALL] regs=0x00125fb4 regs->eax=11 ret=0
[SYSCALL] regs=0x00125fb4 regs->eax=11 ret=0
[SYSCALL] regs=0x00125fb4 regs->eax=11 ret=0
[SYSCALL] regs=0x00125fb4 regs->eax=11 ret=0
[SYSCALL] regs=0x00125fb4 regs->eax=11 ret=0
[SYSCALL] regs=0x00125fb4 regs->eax=11 ret=0
[SYSCALL] regs=0x00125fb4 regs->eax=11 ret=0
[SYSCALL] regs=0x00125fb4 regs->eax=11 ret=0
[SYSCALL] regs=0x00125fb4 regs->eax=11 ret=0
[SYSCALL] regs=0x00125fb4 regs->eax=11 ret=0
[SYSCALL] regs=0x00125fb4 regs->eax=11 ret=0
[SYSCALL] regs=0x00125fb4 regs->eax=11 ret=0
[SYSCALL] regs=0x00125fb4 regs->eax=11 ret=0
[SYSCALL] regs=0x00125fb4 regs->eax=11 ret=0
[SYSCALL] regs=0x00125fb4 regs->eax=11 ret=0
[SYSCALL] regs=0x00125fb4 regs->eax=11 ret=0
[SYSCALL] regs=0x00125fb4 regs->eax=11 ret=0
[SYSCALL] regs=0x00125fb4 regs->eax=11 ret=0
[SYSCALL] regs=0x00125fb4 regs->eax=11 ret=0
[SYSCALL] regs=0x00125fb4 regs->eax=11 ret=0
[SYSCALL] regs=0x00125fb4 regs->eax=11 ret=0
[SYSCALL] regs=0x00125fb4 regs->eax=11 ret=0
[SYSCALL] regs=0x00125fb4 regs->eax=11 ret=0
[SYSCALL] regs=0x00125fb4 regs->eax=11 ret=0
[SYSCALL] regs=0x00125fb4 regs->eax=11 ret=0
[SYSCALL] regs=0x00125fb4 regs->eax=11 ret=0
[SYSCALL] regs=0x00125fb4 regs->eax=11 ret=0
[SYSCALL] regs=0x00125fb4 regs->eax=11 ret=0
[SYSCALL] regs=0x00125fb4 regs->eax=11 ret=0
[SYSCALL] regs=0x00125fb4 regs->eax=11 ret=0
[SYSCALL] regs=0x00125fb4 regs->eax=11 ret=0
[SYSCALL] regs=0x00125fb4 regs->eax=11 ret=0
[SYSCALL] regs=0x00125fb4 regs->eax=11 ret=0
[SYSCALL] regs=0x00125fb4 regs->eax=11 ret=0
[SYSCALL] regs=0x00125fb4 regs->eax=11 ret=0
[SYSCALL] regs=0x00125fb4 regs->eax=11 ret=0
[SYSCALL] regs=0x00125fb4 regs->eax=11 ret=0
[SYSCALL] regs=0x00125fb4 regs->eax=11 ret=0
[SYSCALL] regs=0x00125fb4 regs->eax=11 ret=0
[SYSCALL] regs=0x00125fb4 regs->eax=11 ret=0
[SYSCALL] regs=0x00125fb4 regs->eax=11 ret=0
[SYSCALL] regs=0x00125fb4 regs->eax=11 ret=0
[SYSCALL] regs=0x00125fb4 regs->eax=11 ret=0
[SYSCALL] regs=0x00125fb4 regs->eax=11 ret=0
[SYSCALL] regs=0x00125fb4 regs->eax=11 ret=0
[SYSCALL] regs=0x00125fb4 regs->eax=11 ret=0
[SYSCALL] regs=0x00125fb4 regs->eax=11 ret=0
[SYSCALL] regs=0x00125fb4 regs->eax=11 ret=0
[SYSCALL] regs=0x00125fb4 regs->eax=11 ret=0
[SYSCALL] regs=0x00125fb4 regs->eax=11 ret=0
[SYSCALL] regs=0x00125fb4 regs->eax=11 ret=0
[SYSCALL] regs=0x00125fb4 regs->eax=11 ret=0
[SYSCALL] regs=0x00125fb4 regs->eax=11 ret=0
[SYSCALL] regs=0x00125fb4 regs->eax=11 ret=0
[SYSCALL] regs=0x00125fb4 regs->eax=11 ret=0
[SYSCALL] regs=0x00125fb4 regs->eax=11 ret=0
[SYSCALL] regs=0x00125fb4 regs->eax=11 ret=0
[SYSCALL] regs=0x00125fb4 regs->eax=11 ret=0
[SYSCALL] regs=0x00125fb4 regs->eax=11 ret=0
[SYSCALL] regs=0x00125fb4 regs->eax=11 ret=0
[SYSCALL] regs=0x00125fb4 regs->eax=11 ret=0
[SYSCALL] regs=0x00125fb4 regs->eax=11 ret=0
[SYSCALL] regs=0x00125fb4 regs->eax=11 ret=0
[SYSCALL] regs=0x00125fb4 regs->eax=11 ret=0
[SYSCALL] regs=0x00125fb4 regs->eax=11 ret=0
[SYSCALL] regs=0x00125fb4 regs->eax=11 ret=0
[SYSCALL] regs=0x00125fb4 regs->eax=11 ret=0
[SYSCALL] regs=0x00125fb4 regs->eax=11 ret=0
[SYSCALL] regs=0x00125fb4 regs->eax=11 ret=0
[SYSCALL] regs=0x00125fb4 regs->eax=11 ret=0
[SYSCALL] regs=0x00125fb4 regs->eax=11 ret=0
[SYSCALL] regs=0x00125fb4 regs->eax=11 ret=0
[SYSCALL] regs=0x00125fb4 regs->eax=11 ret=0
[SYSCALL] regs=0x00125fb4 regs->eax=11 ret=0
[SYSCALL] regs=0x00125fb4 regs->eax=11 ret=0
[SYSCALL] regs=0x00125fb4 regs->eax=11 ret=0
[SYSCALL] regs=0x00125fb4 regs->eax=11 ret=0
[SYSCALL] regs=0x00125fb4 regs->eax=11 ret=0
[SYSCALL] regs=0x00125fb4 regs->eax=11 ret=0
[SYSCALL] regs=0x00125fb4 regs->eax=11 ret=0
[SYSCALL] regs=0x00125fb4 regs->eax=11 ret=0
[SYSCALL] regs=0x00125fb4 regs->eax=11 ret=0
[SYSCALL] regs=0x00125fb4 regs->eax=11 ret=0
[SYSCALL] regs=0x00125fb4 regs->eax=11 ret=0
[SYSCALL] regs=0x00125fb4 regs->eax=11 ret=0
[SYSCALL] regs=0x00125fb4 regs->eax=11 ret=0
[SYSCALL] regs=0x00125fb4 regs->eax=11 ret=0
[SYSCALL] regs=0x00125fb4 regs->eax=11 ret=0
[SYSCALL] regs=0x00125fb4 regs->eax=11 ret=0
[SYSCALL] regs=0x00125fb4 regs->eax=11 ret=0
[SYSCALL] regs=0x00125fb4 regs->eax=11 ret=0
[SYSCALL] regs=0x00125fb4 regs->eax=11 ret=0
[SYSCALL] regs=0x00125fb4 regs->eax=11 ret=0
[SYSCALL] regs=0x00125fb4 regs->eax=11 ret=0
[SYSCALL] regs=0x00125fb4 regs->eax=11 ret=0
[SYSCALL] regs=0x00125fb4 regs->eax=11 ret=0
[SYSCALL] regs=0x00125fb4 regs->eax=11 ret=0
[SYSCALL] regs=0x00125fb4 regs->eax=11 ret=0
[SYSCALL] regs=0x00125fb4 regs->eax=11 ret=0
[SYSCALL] regs=0x00125fb4 regs->eax=11 ret=0
[SYSCALL] regs=0x00125fb4 regs->eax=11 ret=0
[SYSCALL] regs=0x00125fb4 regs->eax=11 ret=0
[SYSCALL] regs=0x00125fb4 regs->eax=11 ret=0
[SYSCALL] regs=0x00125fb4 regs->eax=11 ret=0
[SYSCALL] regs=0x00125fb4 regs->eax=11 ret=0
[SYSCALL] regs=0x00125fb4 regs->eax=11 ret=0
[SYSCALL] regs=0x00125fb4 regs->eax=11 ret=0
[SYSCALL] regs=0x00125fb4 regs->eax=11 ret=0
[SYSCALL] regs=0x00125fb4 regs->eax=11 ret=0
[SYSCALL] regs=0x00125fb4 regs->eax=11 ret=0
[SYSCALL] regs=0x00125fb4 regs->eax=11 ret=0
[SYSCALL] regs=0x00125fb4 regs->eax=11 ret=0
[SYSCALL] regs=0x00125fb4 regs->eax=11 ret=0
[SYSCALL] regs=0x00125fb4 regs->eax=11 ret=0
[SYSCALL] regs=0x00125fb4 regs->eax=11 ret=0
[SYSCALL] regs=0x00125fb4 regs->eax=11 ret=0
[SYSCALL] regs=0x00125fb4 regs->eax=11 ret=0
[SYSCALL] regs=0x00125fb4 regs->eax=11 ret=0
[SYSCALL] regs=0x00125fb4 regs->eax=11 ret=0
[SYSCALL] regs=0x00125fb4 regs->eax=11 ret=0
[SYSCALL] regs=0x00125fb4 regs->eax=11 ret=0
[SYSCALL] regs=0x00125fb4 regs->eax=11 ret=0
[SYSCALL] regs=0x00125fb4 regs->eax=11 ret=0
[SYSCALL] regs=0x00125fb4 regs->eax=11 ret=0
[SYSCALL] regs=0x00125fb4 regs->eax=11 ret=0
[SYSCALL] regs=0x00125fb4 regs->eax=11 ret=0
[SYSCALL] regs=0x00125fb4 regs->eax=11 ret=0
[SYSCALL] regs=0x00125fb4 regs->eax=11 ret=0
[SYSCALL] regs=0x00125fb4 regs->eax=11 ret=0
[SYSCALL] regs=0x00125fb4 regs->eax=11 ret=0
[SYSCALL] regs=0x00125fb4 regs->eax=11 ret=0
[SYSCALL] regs=0x00125fb4 regs->eax=11 ret=0
[SYSCALL] regs=0x00125fb4 regs->eax=11 ret=0
[SYSCALL] regs=0x00125fb4 regs->eax=11 ret=0
[SYSCALL] regs=0x00125fb4 regs->eax=11 ret=0
[SYSCALL] regs=0x00125fb4 regs->eax=11 ret=0
[SYSCALL] regs=0x00125fb4 regs->eax=11 ret=0
[SYSCALL] regs=0x00125fb4 regs->eax=11 ret=0
[SYSCALL] regs=0x00125fb4 regs->eax=11 ret=0
[SYSCALL] regs=0x00125fb4 regs->eax=11 ret=0
[SYSCALL] regs=0x00125fb4 regs->eax=11 ret=0
[SYSCALL] regs=0x00125fb4 regs->eax=11 ret=0
[SYSCALL] regs=0x00125fb4 regs->eax=11 ret=0
[SYSCALL] regs=0x00125fb4 regs->eax=11 ret=0
[SYSCALL] regs=0x00125fb4 regs->eax=11 ret=0
[SYSCALL] regs=0x00125fb4 regs->eax=11 ret=0
[SYSCALL] regs=0x00125fb4 regs->eax=11 ret=0
[SYSCALL] regs=0x00125fb4 regs->eax=11 ret=0
[SYSCALL] regs=0x00125fb4 regs->eax=11 ret=0
[SYSCALL] regs=0x00125fb4 regs->eax=11 ret=0
[SYSCALL] regs=0x00125fb4 regs->eax=11 ret=0
[SYSCALL] regs=0x00125fb4 regs->eax=11 ret=0
[SYSCALL] regs=0x00125fb4 regs->eax=11 ret=0
[SYSCALL] regs=0x00125fb4 regs->eax=11 ret=0
[SYSCALL] regs=0x00125fb4 regs->eax=11 ret=0
[SYSCALL] regs=0x00125fb4 regs->eax=11 ret=0
[SYSCALL] regs=0x00125fb4 regs->eax=11 ret=0
[SYSCALL] regs=0x00125fb4 regs->eax=11 ret=0
[SYSCALL] regs=0x00125fb4 regs->eax=11 ret=0
[SYSCALL] regs=0x00125fb4 regs->eax=11 ret=0
[SYSCALL] regs=0x00125fb4 regs->eax=11 ret=0
[SYSCALL] regs=0x00125fb4 regs->eax=11 ret=0
[SYSCALL] regs=0x00125fb4 regs->eax=11 ret=0
[SYSCALL] regs=0x00125fb4 regs->eax=11 ret=0
[SYSCALL] regs=0x00125fb4 regs->eax=11 ret=0
[SYSCALL] regs=0x00125fb4 regs->eax=11 ret=0
[SYSCALL] regs=0x00125fb4 regs->eax=11 ret=0
[SYSCALL] regs=0x00125fb4 regs->eax=11 ret=0
[SYSCALL] regs=0x00125fb4 regs->eax=11 ret=0
[SYSCALL] regs=0x00125fb4 regs->eax=11 ret=0
[SYSCALL] regs=0x00125fb4 regs->eax=11 ret=0
[SYSCALL] regs=0x00125fb4 regs->eax=11 ret=0
[SYSCALL] regs=0x00125fb4 regs->eax=11 ret=0
[SYSCALL] regs=0x00125fb4 regs->eax=11 ret=0
[SYSCALL] regs=0x00125fb4 regs->eax=11 ret=0
[SYSCALL] regs=0x00125fb4 regs->eax=11 ret=0
[SYSCALL] regs=0x00125fb4 regs->eax=11 ret=0
[SYSCALL] regs=0x00125fb4 regs->eax=11 ret=0
[SYSCALL] regs=0x00125fb4 regs->eax=11 ret=0
[SYSCALL] regs=0x00125fb4 regs->eax=11 ret=0
[SYSCALL] regs=0x00125fb4 regs->eax=11 ret=0
[SYSCALL] regs=0x00125fb4 regs->eax=11 ret=0
[SYSCALL] regs=0x00125fb4 regs->eax=11 ret=0
[SYSCALL] regs=0x00125fb4 regs->eax=11 ret=0
[SYSCALL] regs=0x00125fb4 regs->eax=11 ret=0
[SYSCALL] regs=0x00125fb4 regs->eax=11 ret=0
[SYSCALL] regs=0x00125fb4 regs->eax=11 ret=0
[SYSCALL] regs=0x00125fb4 regs->eax=11 ret=0
[SYSCALL] regs=0x00125fb4 regs->eax=11 ret=0
[SYSCALL] regs=0x00125fb4 regs->eax=11 ret=0
[SYSCALL] regs=0x00125fb4 regs->eax=11 ret=0
[SYSCALL] regs=0x00125fb4 regs->eax=11 ret=0
[SYSCALL] regs=0x00125fb4 regs->eax=11 ret=0
[SYSCALL] regs=0x00125fb4 regs->eax=11 ret=0
[SYSCALL] regs=0x00125fb4 regs->eax=11 ret=0
[SYSCALL] regs=0x00125fb4 regs->eax=11 ret=0
[SYSCALL] regs=0x00125fb4 regs->eax=11 ret=0
[SYSCALL] regs=0x00125fb4 regs->eax=11 ret=0
[SYSCALL] regs=0x00125fb4 regs->eax=11 ret=0
[SYSCALL] regs=0x00125fb4 regs->eax=11 ret=0
[SYSCALL] regs=0x00125fb4 regs->eax=11 ret=0
[SYSCALL] regs=0x00125fb4 regs->eax=11 ret=0
[SYSCALL] regs=0x00125fb4 regs->eax=11 ret=0
[SYSCALL] regs=0x00125fb4 regs->eax=11 ret=0
[SYSCALL] regs=0x00125fb4 regs->eax=11 ret=0
[SYSCALL] regs=0x00125fb4 regs->eax=11 ret=0
[SYSCALL] regs=0x00125fb4 regs->eax=11 ret=0
[SYSCALL] regs=0x00125fb4 regs->eax=11 ret=0
[SYSCALL] regs=0x00125fb4 regs->eax=11 ret=0
[SYSCALL] regs=0x00125fb4 regs->eax=11 ret=0
[SYSCALL] regs=0x00125fb4 regs->eax=11 ret=0
[SYSCALL] regs=0x00125fb4 regs->eax=11 ret=0
[SYSCALL] regs=0x00125fb4 regs->eax=11 ret=0
[SYSCALL] regs=0x00125fb4 regs->eax=11 ret=0
[SYSCALL] regs=0x00125fb4 regs->eax=11 ret=0
[SYSCALL] regs=0x00125fb4 regs->eax=11 ret=0
[SYSCALL] regs=0x00125fb4 regs->eax=11 ret=0
[SYSCALL] regs=0x00125fb4 regs->eax=11 ret=0
[SYSCALL] regs=0x00125fb4 regs->eax=11 ret=0
[SYSCALL] regs=0x00125fb4 regs->eax=11 ret=0
[SYSCALL] regs=0x00125fb4 regs->eax=11 ret=0
[SYSCALL] regs=0x00125fb4 regs->eax=11 ret=0
[SYSCALL] regs=0x00125fb4 regs->eax=11 ret=0
[SYSCALL] regs=0x00125fb4 regs->eax=11 ret=0
[SYSCALL] regs=0x00125fb4 regs->eax=11 ret=0
[SYSCALL] regs=0x00125fb4 regs->eax=11 ret=0
[SYSCALL] regs=0x00125fb4 regs->eax=11 ret=0
[SYSCALL] regs=0x00125fb4 regs->eax=11 ret=0
[SYSCALL] regs=0x00125fb4 regs->eax=11 ret=0
[SYSCALL] regs=0x00125fb4 regs->eax=11 ret=0
[SYSCALL] regs=0x00125fb4 regs->eax=11 ret=0
[SYSCALL] regs=0x00125fb4 regs->eax=11 ret=0
[SYSCALL] regs=0x00125fb4 regs->eax=11 ret=0
[SYSCALL] regs=0x00125fb4 regs->eax=11 ret=0
[SYSCALL] regs=0x00125fb4 regs->eax=11 ret=0
[SYSCALL] regs=0x00125fb4 regs->eax=11 ret=0
[SYSCALL] regs=0x00125fb4 regs->eax=11 ret=0
[SYSCALL] regs=0x00125fb4 regs->eax=11 ret=0
[SYSCALL] regs=0x00125fb4 regs->eax=11 ret=0
[SYSCALL] regs=0x00125fb4 regs->eax=11 ret=0
[SYSCALL] regs=0x00125fb4 regs->eax=11 ret=0
[SYSCALL] regs=0x00125fb4 regs->eax=11 ret=0
[SYSCALL] regs=0x00125fb4 regs->eax=11 ret=0
[SYSCALL] regs=0x00125fb4 regs->eax=11 ret=0
[SYSCALL] regs=0x00125fb4 regs->eax=11 ret=0
[SYSCALL] regs=0x00125fb4 regs->eax=11 ret=0
[SYSCALL] regs=0x00125fb4 regs->eax=11 ret=0
[SYSCALL] regs=0x00125fb4 regs->eax=11 ret=0
[SYSCALL] regs=0x00125fb4 regs->eax=11 ret=0
[SYSCALL] regs=0x00125fb4 regs->eax=11 ret=0
[SYSCALL] regs=0x00125fb4 regs->eax=11 ret=0
[SYSCALL] regs=0x00125fb4 regs->eax=11 ret=0
[SYSCALL] regs=0x00125fb4 regs->eax=11 ret=0
[SYSCALL] regs=0x00125fb4 regs->eax=11 ret=0
[SYSCALL] regs=0x00125fb4 regs->eax=11 ret=0
[SYSCALL] regs=0x00125fb4 regs->eax=11 ret=0
[SYSCALL] regs=0x00125fb4 regs->eax=11 ret=0
[SYSCALL] regs=0x00125fb4 regs->eax=11 ret=0
[SYSCALL] regs=0x00125fb4 regs->eax=11 ret=0
[SYSCALL] regs=0x00125fb4 regs->eax=11 ret=0
[SYSCALL] regs=0x00125fb4 regs->eax=11 ret=0
[SYSCALL] regs=0x00125fb4 regs->eax=11 ret=0
[SYSCALL] regs=0x00125fb4 regs->eax=11 ret=0
[SYSCALL] regs=0x00125fb4 regs->eax=11 ret=0
[SYSCALL] regs=0x00125fb4 regs->eax=11 ret=0
[SYSCALL] regs=0x00125fb4 regs->eax=11 ret=0
[SYSCALL] regs=0x00125fb4 regs->eax=11 ret=0
[SYSCALL] regs=0x00125fb4 regs->eax=11 ret=0
[SYSCALL] regs=0x00125fb4 regs->eax=11 ret=0
[SYSCALL] regs=0x00125fb4 regs->eax=11 ret=0
[SYSCALL] regs=0x00125fb4 regs->eax=11 ret=0
[SYSCALL] regs=0x00125fb4 regs->eax=11 ret=0
[SYSCALL] regs=0x00125fb4 regs->eax=11 ret=0
[SYSCALL] regs=0x00125fb4 regs->eax=11 ret=0
[SYSCALL] regs=0x00125fb4 regs->eax=11 ret=0
[SYSCALL] regs=0x00125fb4 regs->eax=11 ret=0
[SYSCALL] regs=0x00125fb4 regs->eax=11 ret=0
[SYSCALL] regs=0x00125fb4 regs->eax=11 ret=0
[SYSCALL] regs=0x00125fb4 regs->eax=11 ret=0
[SYSCALL] regs=0x00125fb4 regs->eax=11 ret=0
[SYSCALL] regs=0x00125fb4 regs->eax=11 ret=0
[SYSCALL] regs=0x00125fb4 regs->eax=11 ret=0
[SYSCALL] regs=0x00125fb4 regs->eax=11 ret=0
[SYSCALL] regs=0x00125fb4 regs->eax=11 ret=0
[SYSCALL] regs=0x00125fb4 regs->eax=11 ret=0
[SYSCALL] regs=0x00125fb4 regs->eax=11 ret=0
[SYSCALL] regs=0x00125fb4 regs->eax=11 ret=0
[SYSCALL] regs=0x00125fb4 regs->eax=11 ret=0
[SYSCALL] regs=0x00125fb4 regs->eax=11 ret=0
[SYSCALL] regs=0x00125fb4 regs->eax=11 ret=0
[SYSCALL] regs=0x00125fb4 regs->eax=11 ret=0
[SYSCALL] regs=0x00125fb4 regs->eax=11 ret=0
[SYSCALL] regs=0x00125fb4 regs->eax=11 ret=0
[SYSCALL] regs=0x00125fb4 regs->eax=11 ret=0
[SYSCALL] regs=0x00125fb4 regs->eax=11 ret=0
[SYSCALL] regs=0x00125fb4 regs->eax=11 ret=0
[SYSCALL] regs=0x00125fb4 regs->eax=11 ret=0
[SYSCALL] regs=0x00125fb4 regs->eax=11 ret=0
[SYSCALL] regs=0x00125fb4 regs->eax=11 ret=0
[SYSCALL] regs=0x00125fb4 regs->eax=11 ret=0
[SYSCALL] regs=0x00125fb4 regs->eax=11 ret=0
[SYSCALL] regs=0x00125fb4 regs->eax=11 ret=0
[SYSCALL] regs=0x00125fb4 regs->eax=11 ret=0
[SYSCALL] regs=0x00125fb4 regs->eax=11 ret=0
[SYSCALL] regs=0x00125fb4 regs->eax=11 ret=0
[SYSCALL] regs=0x00125fb4 regs->eax=11 ret=0
[SYSCALL] regs=0x00125fb4 regs->eax=11 ret=0
[SYSCALL] regs=0x00125fb4 regs->eax=11 ret=0
[SYSCALL] regs=0x00125fb4 regs->eax=11 ret=0
[SYSCALL] regs=0x00125fb4 regs->eax=11 ret=0
[SYSCALL] regs=0x00125fb4 regs->eax=11 ret=0
[SYSCALL] regs=0x00125fb4 regs->eax=11 ret=0
[SYSCALL] regs=0x00125fb4 regs->eax=11 ret=0
[SYSCALL] regs=0x00125fb4 regs->eax=11 ret=0
[SYSCALL] regs=0x00125fb4 regs->eax=11 ret=0
[SYSCALL] regs=0x00125fb4 regs->eax=11 ret=0
[SYSCALL] regs=0x00125fb4 regs->eax=11 ret=0
[SYSCALL] regs=0x00125fb4 regs->eax=11 ret=0
[SYSCALL] regs=0x00125fb4 regs->eax=11 ret=0
[SYSCALL] regs=0x00125fb4 regs->eax=11 ret=0
[SYSCALL] regs=0x00125fb4 regs->eax=11 ret=0
[SYSCALL] regs=0x00125fb4 regs->eax=11 ret=0
[SYSCALL] regs=0x00125fb4 regs->eax=11 ret=0
[SYSCALL] regs=0x00125fb4 regs->eax=11 ret=0
[SYSCALL] regs=0x00125fb4 regs->eax=11 ret=0
[SYSCALL] regs=0x00125fb4 regs->eax=11 ret=0
[SYSCALL] regs=0x00125fb4 regs->eax=11 ret=0
[SYSCALL] regs=0x00125fb4 regs->eax=11 ret=0
[SYSCALL] regs=0x00125fb4 regs->eax=11 ret=0
[SYSCALL] regs=0x00125fb4 regs->eax=11 ret=0
[SYSCALL] regs=0x00125fb4 regs->eax=11 ret=0
[SYSCALL] regs=0x00125fb4 regs->eax=11 ret=0
[SYSCALL] regs=0x00125fb4 regs->eax=11 ret=0
[SYSCALL] regs=0x00125fb4 regs->eax=11 ret=0
[SYSCALL] regs=0x00125fb4 regs->eax=11 ret=0
[SYSCALL] regs=0x00125fb4 regs->eax=11 ret=0
[SYSCALL] regs=0x00125fb4 regs->eax=11 ret=0
[SYSCALL] regs=0x00125fb4 regs->eax=11 ret=0
[SYSCALL] regs=0x00125fb4 regs->eax=11 ret=0
[SYSCALL] regs=0x00125fb4 regs->eax=11 ret=0
[SYSCALL] regs=0x00125fb4 regs->eax=11 ret=0
[SYSCALL] regs=0x00125fb4 regs->eax=11 ret=0
[SYSCALL] regs=0x00125fb4 regs->eax=11 ret=0
[SYSCALL] regs=0x00125fb4 regs->eax=11 ret=0
[SYSCALL] regs=0x00125fb4 regs->eax=11 ret=0
[SYSCALL] regs=0x00125fb4 regs->eax=11 ret=0
[SYSCALL] regs=0x00125fb4 regs->eax=11 ret=0
[SYSCALL] regs=0x00125fb4 regs->eax=11 ret=0
[SYSCALL] regs=0x00125fb4 regs->eax=11 ret=0
[SYSCALL] regs=0x00125fb4 regs->eax=11 ret=0
[SYSCALL] regs=0x00125fb4 regs->eax=11 ret=0
[SYSCALL] regs=0x00125fb4 regs->eax=11 ret=0
[SYSCALL] regs=0x00125fb4 regs->eax=11 ret=0
[SYSCALL] regs=0x00125fb4 regs->eax=11 ret=0
[SYSCALL] regs=0x00125fb4 regs->eax=11 ret=0
[SYSCALL] regs=0x00125fb4 regs->eax=11 ret=0
[SYSCALL] regs=0x00125fb4 regs->eax=11 ret=0
[SYSCALL] regs=0x00125fb4 regs->eax=11 ret=0
[SYSCALL] regs=0x00125fb4 regs->eax=11 ret=0
[SYSCALL] regs=0x00125fb4 regs->eax=11 ret=0
[SYSCALL] regs=0x00125fb4 regs->eax=11 ret=0
[SYSCALL] regs=0x00125fb4 regs->eax=11 ret=0
[SYSCALL] regs=0x00125fb4 regs->eax=11 ret=0
[SYSCALL] regs=0x00125fb4 regs->eax=11 ret=0
[SYSCALL] regs=0x00125fb4 regs->eax=11 ret=0
[SYSCALL] regs=0x00125fb4 regs->eax=11 ret=0
[SYSCALL] regs=0x00125fb4 regs->eax=11 ret=0
[SYSCALL] regs=0x00125fb4 regs->eax=11 ret=0
[SYSCALL] regs=0x00125fb4 regs->eax=11 ret=0
[SYSCALL] regs=0x00125fb4 regs->eax=11 ret=0
[SYSCALL] regs=0x00125fb4 regs->eax=11 ret=0
[SYSCALL] regs=0x00125fb4 regs->eax=11 ret=0
[SYSCALL] regs=0x00125fb4 regs->eax=11 ret=0
[SYSCALL] regs=0x00125fb4 regs->eax=11 ret=0
[SYSCALL] regs=0x00125fb4 regs->eax=11 ret=0
[SYSCALL] regs=0x00125fb4 regs->eax=11 ret=0
[SYSCALL] regs=0x00125fb4 regs->eax=11 ret=0
[SYSCALL] regs=0x00125fb4 regs->eax=11 ret=0
[SYSCALL] regs=0x00125fb4 regs->eax=11 ret=0
[SYSCALL] regs=0x00125fb4 regs->eax=11 ret=0
[SYSCALL] regs=0x00125fb4 regs->eax=11 ret=0
[SYSCALL] regs=0x00125fb4 regs->eax=11 ret=0
[SYSCALL] regs=0x00125fb4 regs->eax=11 ret=0
[SYSCALL] regs=0x00125fb4 regs->eax=11 ret=0
[SYSCALL] regs=0x00125fb4 regs->eax=11 ret=0
[SYSCALL] regs=0x00125fb4 regs->eax=11 ret=0
[SYSCALL] regs=0x00125fb4 regs->eax=11 ret=0
[SYSCALL] regs=0x00125fb4 regs->eax=11 ret=0
[SYSCALL] regs=0x00125fb4 regs->eax=11 ret=0
[SYSCALL] regs=0x00125fb4 regs->eax=11 ret=0
[SYSCALL] regs=0x00125fb4 regs->eax=11 ret=0
[SYSCALL] regs=0x00125fb4 regs->eax=11 ret=0
[SYSCALL] regs=0x00125fb4 regs->eax=11 ret=0
[SYSCALL] regs=0x00125fb4 regs->eax=11 ret=0
[SYSCALL] regs=0x00125fb4 regs->eax=11 ret=0
[SYSCALL] regs=0x00125fb4 regs->eax=11 ret=0
[SYSCALL] regs=0x00125fb4 regs->eax=11 ret=0
[SYSCALL] regs=0x00125fb4 regs->eax=11 ret=0
[SYSCALL] regs=0x00125fb4 regs->eax=11 ret=0
[SYSCALL] regs=0x00125fb4 regs->eax=11 ret=0
[SYSCALL] regs=0x00125fb4 regs->eax=11 ret=0
[SYSCALL] regs=0x00125fb4 regs->eax=11 ret=0
[SYSCALL] regs=0x00125fb4 regs->eax=11 ret=0
[SYSCALL] regs=0x00125fb4 regs->eax=11 ret=0
[SYSCALL] regs=0x00125fb4 regs->eax=11 ret=0
[SYSCALL] regs=0x00125fb4 regs->eax=11 ret=0
[SYSCALL] regs=0x00125fb4 regs->eax=11 ret=0
[SYSCALL] regs=0x00125fb4 regs->eax=11 ret=0
[SYSCALL] regs=0x00125fb4 regs->eax=11 ret=0
[SYSCALL] regs=0x00125fb4 regs->eax=11 ret=0
[SYSCALL] regs=0x00125fb4 regs->eax=11 ret=0
[SYSCALL] regs=0x00125fb4 regs->eax=11 ret=0
[SYSCALL] regs=0x00125fb4 regs->eax=11 ret=0
[SYSCALL] regs=0x00125fb4 regs->eax=11 ret=0
[SYSCALL] regs=0x00125fb4 regs->eax=11 ret=0
[SYSCALL] regs=0x00125fb4 regs->eax=11 ret=0
[SYSCALL] regs=0x00125fb4 regs->eax=11 ret=0
[SYSCALL] regs=0x00125fb4 regs->eax=11 ret=0
[SYSCALL] regs=0x00125fb4 regs->eax=11 ret=0
[SYSCALL] regs=0x00125fb4 regs->eax=11 ret=0
[SYSCALL] regs=0x00125fb4 regs->eax=11 ret=0
[SYSCALL] regs=0x00125fb4 regs->eax=11 ret=0
[SYSCALL] regs=0x00125fb4 regs->eax=11 ret=0
[SYSCALL] regs=0x00125fb4 regs->eax=11 ret=0
[SYSCALL] regs=0x00125fb4 regs->eax=11 ret=0
[SYSCALL] regs=0x00125fb4 regs->eax=11 ret=0
[SYSCALL] regs=0x00125fb4 regs->eax=11 ret=0
[SYSCALL] regs=0x00125fb4 regs->eax=11 ret=0
[SYSCALL] regs=0x00125fb4 regs->eax=11 ret=0
[SYSCALL] regs=0x00125fb4 regs->eax=11 ret=0
[SYSCALL] regs=0x00125fb4 regs->eax=11 ret=0
[SYSCALL] regs=0x00125fb4 regs->eax=11 ret=0
[SYSCALL] regs=0x00125fb4 regs->eax=11 ret=0
[SYSCALL] regs=0x00125fb4 regs->eax=11 ret=0
[SYSCALL] regs=0x00125fb4 regs->eax=11 ret=0
[SYSCALL] regs=0x00125fb4 regs->eax=11 ret=0
[SYSCALL] regs=0x00125fb4 regs->eax=11 ret=0
[SYSCALL] regs=0x00125fb4 regs->eax=11 ret=0
[SYSCALL] regs=0x00125fb4 regs->eax=11 ret=0
[SYSCALL] regs=0x00125fb4 regs->eax=11 ret=0
[SYSCALL] regs=0x00125fb4 regs->eax=11 ret=0
[SYSCALL] regs=0x00125fb4 regs->eax=11 ret=0
[SYSCALL] regs=0x00125fb4 regs->eax=11 ret=0
[SYSCALL] regs=0x00125fb4 regs->eax=11 ret=0
[SYSCALL] regs=0x00125fb4 regs->eax=11 ret=0
[SYSCALL] regs=0x00125fb4 regs->eax=11 ret=0
[SYSCALL] regs=0x00125fb4 regs->eax=11 ret=0
[SYSCALL] regs=0x00125fb4 regs->eax=11 ret=0
[SYSCALL] regs=0x00125fb4 regs->eax=11 ret=0
[SYSCALL] regs=0x00125fb4 regs->eax=11 ret=0
[SYSCALL] regs=0x00125fb4 regs->eax=11 ret=0
[SYSCALL] regs=0x00125fb4 regs->eax=11 ret=0
[SYSCALL] regs=0x00125fb4 regs->eax=11 ret=0
[SYSCALL] regs=0x00125fb4 regs->eax=11 ret=0
[SYSCALL] regs=0x00125fb4 regs->eax=11 ret=0
[SYSCALL] regs=0x00125fb4 regs->eax=11 ret=0
[SYSCALL] regs=0x00125fb4 regs->eax=11 ret=0
[SYSCALL] regs=0x00125fb4 regs->eax=11 ret=0
[SYSCALL] regs=0x00125fb4 regs->eax=11 ret=0
[SYSCALL] regs=0x00125fb4 regs->eax=11 ret=0
[SYSCALL] regs=0x00125fb4 regs->eax=11 ret=0
[SYSCALL] regs=0x00125fb4 regs->eax=11 ret=0
[SYSCALL] regs=0x00125fb4 regs->eax=11 ret=0
[SYSCALL] regs=0x00125fb4 regs->eax=11 ret=0
[SYSCALL] regs=0x00125fb4 regs->eax=11 ret=0
[SYSCALL] regs=0x00125fb4 regs->eax=11 ret=0
[SYSCALL] regs=0x00125fb4 regs->eax=11 ret=0
[SYSCALL] regs=0x00125fb4 regs->eax=11 ret=0
[SYSCALL] regs=0x00125fb4 regs->eax=11 ret=0
[SYSCALL] regs=0x00125fb4 regs->eax=11 ret=0
[SYSCALL] regs=0x00125fb4 regs->eax=11 ret=0
[SYSCALL] regs=0x00125fb4 regs->eax=11 ret=0
[SYSCALL] regs=0x00125fb4 regs->eax=11 ret=0
[SYSCALL] regs=0x00125fb4 regs->eax=11 ret=0
[SYSCALL] regs=0x00125fb4 regs->eax=11 ret=0
[SYSCALL] regs=0x00125fb4 regs->eax=11 ret=0
[SYSCALL] regs=0x00125fb4 regs->eax=11 ret=0
[SYSCALL] regs=0x00125fb4 regs->eax=11 ret=0
[SYSCALL] regs=0x00125fb4 regs->eax=11 ret=0
[SYSCALL] regs=0x00125fb4 regs->eax=11 ret=0
[SYSCALL] regs=0x00125fb4 regs->eax=11 ret=0
[SYSCALL] regs=0x00125fb4 regs->eax=11 ret=0
[SYSCALL] regs=0x00125fb4 regs->eax=11 ret=0
[SYSCALL] regs=0x00125fb4 regs->eax=11 ret=0
[SYSCALL] regs=0x00125fb4 regs->eax=11 ret=0
[SYSCALL] regs=0x00125fb4 regs->eax=11 ret=0
[SYSCALL] regs=0x00125fb4 regs->eax=11 ret=0
[SYSCALL] regs=0x00125fb4 regs->eax=11 ret=0
[SYSCALL] regs=0x00125fb4 regs->eax=11 ret=0
[SYSCALL] regs=0x00125fb4 regs->eax=11 ret=0
[SYSCALL] regs=0x00125fb4 regs->eax=11 ret=0
[SYSCALL] regs=0x00125fb4 regs->eax=11 ret=0
[SYSCALL] regs=0x00125fb4 regs->eax=11 ret=0
[SYSCALL] regs=0x00125fb4 regs->eax=11 ret=0
[SYSCALL] regs=0x00125fb4 regs->eax=11 ret=0
[SYSCALL] regs=0x00125fb4 regs->eax=11 ret=0
[SYSCALL] regs=0x00125fb4 regs->eax=11 ret=0
[SYSCALL] regs=0x00125fb4 regs->eax=11 ret=0
[SYSCALL] regs=0x00125fb4 regs->eax=11 ret=0
[SYSCALL] regs=0x00125fb4 regs->eax=11 ret=0
[SYSCALL] regs=0x00125fb4 regs->eax=11 ret=0
[SYSCALL] regs=0x00125fb4 regs->eax=11 ret=0
[SYSCALL] regs=0x00125fb4 regs->eax=11 ret=0
[SYSCALL] regs=0x00125fb4 regs->eax=11 ret=0
[SYSCALL] regs=0x00125fb4 regs->eax=11 ret=0
[SYSCALL] regs=0x00125fb4 regs->eax=11 ret=0
[SYSCALL] regs=0x00125fb4 regs->eax=11 ret=0
[SYSCALL] regs=0x00125fb4 regs->eax=11 ret=0
[SYSCALL] regs=0x00125fb4 regs->eax=11 ret=0
[SYSCALL] regs=0x00125fb4 regs->eax=11 ret=0
[SYSCALL] regs=0x00125fb4 regs->eax=11 ret=0
[SYSCALL] regs=0x00125fb4 regs->eax=11 ret=0
[SYSCALL] regs=0x00125fb4 regs->eax=11 ret=0
[SYSCALL] regs=0x00125fb4 regs->eax=11 ret=0
[SYSCALL] regs=0x00125fb4 regs->eax=11 ret=0
[SYSCALL] regs=0x00125fb4 regs->eax=11 ret=0
[SYSCALL] regs=0x00125fb4 regs->eax=11 ret=0
[SYSCALL] regs=0x00125fb4 regs->eax=11 ret=0
[SYSCALL] regs=0x00125fb4 regs->eax=11 ret=0
[SYSCALL] regs=0x00125fb4 regs->eax=11 ret=0
[SYSCALL] regs=0x00125fb4 regs->eax=11 ret=0
[SYSCALL] regs=0x00125fb4 regs->eax=11 ret=0
[SYSCALL] regs=0x00125fb4 regs->eax=11 ret=0
[SYSCALL] regs=0x00125fb4 regs->eax=11 ret=0
[SYSCALL] regs=0x00125fb4 regs->eax=11 ret=0
[SYSCALL] regs=0x00125fb4 regs->eax=11 ret=0
[SYSCALL] regs=0x00125fb4 regs->eax=11 ret=0
[SYSCALL] regs=0x00125fb4 regs->eax=11 ret=0
[SYSCALL] regs=0x00125fb4 regs->eax=11 ret=0
[SYSCALL] regs=0x00125fb4 regs->eax=11 ret=0
[SYSCALL] regs=0x00125fb4 regs->eax=11 ret=0
[SYSCALL] regs=0x00125fb4 regs->eax=11 ret=0
[SYSCALL] regs=0x00125fb4 regs->eax=11 ret=0
[SYSCALL] regs=0x00125fb4 regs->eax=11 ret=0
[SYSCALL] regs=0x00125fb4 regs->eax=11 ret=0
[SYSCALL] regs=0x00125fb4 regs->eax=11 ret=0
[SYSCALL] regs=0x00125fb4 regs->eax=11 ret=0
[SYSCALL] regs=0x00125fb4 regs->eax=11 ret=0
[SYSCALL] regs=0x00125fb4 regs->eax=11 ret=0
[SYSCALL] regs=0x00125fb4 regs->eax=11 ret=0
[SYSCALL] regs=0x00125fb4 regs->eax=11 ret=0
[SYSCALL] regs=0x00125fb4 regs->eax=11 ret=0
[SYSCALL] regs=0x00125fb4 regs->eax=11 ret=0
[SYSCALL] regs=0x00125fb4 regs->eax=11 ret=0
[SYSCALL] regs=0x00125fb4 regs->eax=11 ret=0
[SYSCALL] regs=0x00125fb4 regs->eax=11 ret=0
[SYSCALL] regs=0x00125fb4 regs->eax=11 ret=0
[SYSCALL] regs=0x00125fb4 regs->eax=11 ret=0
[SYSCALL] regs=0x00125fb4 regs->eax=11 ret=0
[SYSCALL] regs=0x00125fb4 regs->eax=11 ret=0
[SYSCALL] regs=0x00125fb4 regs->eax=11 ret=0
[SYSCALL] regs=0x00125fb4 regs->eax=11 ret=0
[SYSCALL] regs=0x00125fb4 regs->eax=11 ret=0
[SYSCALL] regs=0x00125fb4 regs->eax=11 ret=0
[SYSCALL] regs=0x00125fb4 regs->eax=11 ret=0
[SYSCALL] regs=0x00125fb4 regs->eax=11 ret=0
[SYSCALL] regs=0x00125fb4 regs->eax=11 ret=0
[SYSCALL] regs=0x00125fb4 regs->eax=11 ret=0
[SYSCALL] regs=0x00125fb4 regs->eax=11 ret=0
[SYSCALL] regs=0x00125fb4 regs->eax=11 ret=0
[SYSCALL] regs=0x00125fb4 regs->eax=11 ret=0
[SYSCALL] regs=0x00125fb4 regs->eax=11 ret=0
[SYSCALL] regs=0x00125fb4 regs->eax=11 ret=0
[SYSCALL] regs=0x00125fb4 regs->eax=11 ret=0
[SYSCALL] regs=0x00125fb4 regs->eax=11 ret=0
[SYSCALL] regs=0x00125fb4 regs->eax=11 ret=0
[SYSCALL] regs=0x00125fb4 regs->eax=11 ret=0
[SYSCALL] regs=0x00125fb4 regs->eax=11 ret=0
[SYSCALL] regs=0x00125fb4 regs->eax=11 ret=0
[SYSCALL] regs=0x00125fb4 regs->eax=11 ret=0
[SYSCALL] regs=0x00125fb4 regs->eax=11 ret=0
[SYSCALL] regs=0x00125fb4 regs->eax=11 ret=0
[SYSCALL] regs=0x00125fb4 regs->eax=11 ret=0
[SYSCALL] regs=0x00125fb4 regs->eax=11 ret=0
[SYSCALL] regs=0x00125fb4 regs->eax=11 ret=0
[SYSCALL] regs=0x00125fb4 regs->eax=11 ret=0
[SYSCALL] regs=0x00125fb4 regs->eax=11 ret=0
[SYSCALL] regs=0x00125fb4 regs->eax=11 ret=0
[SYSCALL] regs=0x00125fb4 regs->eax=11 ret=0
[SYSCALL] regs=0x00125fb4 regs->eax=11 ret=0
[SYSCALL] regs=0x00125fb4 regs->eax=11 ret=0
[SYSCALL] regs=0x00125fb4 regs->eax=11 ret=0
[SYSCALL] regs=0x00125fb4 regs->eax=11 ret=0
[SYSCALL] regs=0x00125fb4 regs->eax=11 ret=0
[SYSCALL] regs=0x00125fb4 regs->eax=11 ret=0
[SYSCALL] regs=0x00125fb4 regs->eax=11 ret=0
[SYSCALL] regs=0x00125fb4 regs->eax=11 ret=0
[SYSCALL] regs=0x00125fb4 regs->eax=11 ret=0
[SYSCALL] regs=0x00125fb4 regs->eax=11 ret=0
[SYSCALL] regs=0x00125fb4 regs->eax=11 ret=0
[SYSCALL] regs=0x00125fb4 regs->eax=11 ret=0
[SYSCALL] regs=0x00125fb4 regs->eax=11 ret=0
[SYSCALL] regs=0x00125fb4 regs->eax=11 ret=0
[SYSCALL] regs=0x00125fb4 regs->eax=11 ret=0
[SYSCALL] regs=0x00125fb4 regs->eax=11 ret=0
[SYSCALL] regs=0x00125fb4 regs->eax=11 ret=0
[SYSCALL] regs=0x00125fb4 regs->eax=11 ret=0
[SYSCALL] regs=0x00125fb4 regs->eax=11 ret=0
[SYSCALL] regs=0x00125fb4 regs->eax=11 ret=0
[SYSCALL] regs=0x00125fb4 regs->eax=11 ret=0
[SYSCALL] regs=0x00125fb4 regs->eax=11 ret=0
[SYSCALL] regs=0x00125fb4 regs->eax=11 ret=0
[SYSCALL] regs=0x00125fb4 regs->eax=11 ret=0
[SYSCALL] regs=0x00125fb4 regs->eax=11 ret=0
[SYSCALL] regs=0x00125fb4 regs->eax=11 ret=0
[SYSCALL] regs=0x00125fb4 regs->eax=11 ret=0
[SYSCALL] regs=0x00125fb4 regs->eax=11 ret=0
[SYSCALL] regs=0x00125fb4 regs->eax=11 ret=0
[SYSCALL] regs=0x00125fb4 regs->eax=11 ret=0
[SYSCALL] regs=0x00125fb4 regs->eax=11 ret=0
[SYSCALL] regs=0x00125fb4 regs->eax=11 ret=0
[SYSCALL] regs=0x00125fb4 regs->eax=11 ret=0
[SYSCALL] regs=0x00125fb4 regs->eax=11 ret=0
[SYSCALL] regs=0x00125fb4 regs->eax=11 ret=0
[SYSCALL] regs=0x00125fb4 regs->eax=11 ret=0
[SYSCALL] regs=0x00125fb4 regs->eax=11 ret=0
[SYSCALL] regs=0x00125fb4 regs->eax=11 ret=0
[SYSCALL] regs=0x00125fb4 regs->eax=11 ret=0
[SYSCALL] regs=0x00125fb4 regs->eax=11 ret=0
[SYSCALL] regs=0x00125fb4 regs->eax=11 ret=0
[SYSCALL] regs=0x00125fb4 regs->eax=11 ret=0
[SYSCALL] regs=0x00125fb4 regs->eax=11 ret=0
[SYSCALL] regs=0x00125fb4 regs->eax=11 ret=0
[SYSCALL] regs=0x00125fb4 regs->eax=11 ret=0
[SYSCALL] regs=0x00125fb4 regs->eax=11 ret=0
[SYSCALL] regs=0x00125fb4 regs->eax=11 ret=0
[SYSCALL] regs=0x00125fb4 regs->eax=11 ret=0
[SYSCALL] regs=0x00125fb4 regs->eax=11 ret=0
[SYSCALL] regs=0x00125fb4 regs->eax=11 ret=0
[SYSCALL] regs=0x00125fb4 regs->eax=11 ret=0
[SYSCALL] regs=0x00125fb4 regs->eax=11 ret=0
[SYSCALL] regs=0x00125fb4 regs->eax=11 ret=0
[SYSCALL] regs=0x00125fb4 regs->eax=11 ret=0
[SYSCALL] regs=0x00125fb4 regs->eax=11 ret=0
[SYSCALL] regs=0x00125fb4 regs->eax=11 ret=0
[SYSCALL] regs=0x00125fb4 regs->eax=11 ret=0
[SYSCALL] regs=0x00125fb4 regs->eax=11 ret=0
[SYSCALL] regs=0x00125fb4 regs->eax=11 ret=0
[SYSCALL] regs=0x00125fb4 regs->eax=11 ret=0
[SYSCALL] regs=0x00125fb4 regs->eax=11 ret=0
[SYSCALL] regs=0x00125fb4 regs->eax=11 ret=0
[SYSCALL] regs=0x00125fb4 regs->eax=11 ret=0
[SYSCALL] regs=0x00125fb4 regs->eax=11 ret=0
[SYSCALL] regs=0x00125fb4 regs->eax=11 ret=0
[SYSCALL] regs=0x00125fb4 regs->eax=11 ret=0
[SYSCALL] regs=0x00125fb4 regs->eax=11 ret=0
[SYSCALL] regs=0x00125fb4 regs->eax=11 ret=0
[SYSCALL] regs=0x00125fb4 regs->eax=11 ret=0
[SYSCALL] regs=0x00125fb4 regs->eax=11 ret=0
[SYSCALL] regs=0x00125fb4 regs->eax=11 ret=0
[SYSCALL] regs=0x00125fb4 regs->eax=11 ret=0
[SYSCALL] regs=0x00125fb4 regs->eax=11 ret=0
[SYSCALL] regs=0x00125fb4 regs->eax=11 ret=0
[SYSCALL] regs=0x00125fb4 regs->eax=11 ret=0
[SYSCALL] regs=0x00125fb4 regs->eax=11 ret=0
[SYSCALL] regs=0x00125fb4 regs->eax=11 ret=0
[SYSCALL] regs=0x00125fb4 regs->eax=11 ret=0
[SYSCALL] regs=0x00125fb4 regs->eax=11 ret=0
[SYSCALL] regs=0x00125fb4 regs->eax=11 ret=0
[SYSCALL] regs=0x00125fb4 regs->eax=11 ret=0
[SYSCALL] regs=0x00125fb4 regs->eax=11 ret=0
[SYSCALL] regs=0x00125fb4 regs->eax=11 ret=0
[SYSCALL] regs=0x00125fb4 regs->eax=11 ret=0
[SYSCALL] regs=0x00125fb4 regs->eax=11 ret=0
[SYSCALL] regs=0x00125fb4 regs->eax=11 ret=0
[SYSCALL] regs=0x00125fb4 regs->eax=11 ret=0
[SYSCALL] regs=0x00125fb4 regs->eax=11 ret=0
[SYSCALL] regs=0x00125fb4 regs->eax=11 ret=0
[SYSCALL] regs=0x00125fb4 regs->eax=11 ret=0
[SYSCALL] regs=0x00125fb4 regs->eax=11 ret=0
[SYSCALL] regs=0x00125fb4 regs->eax=11 ret=0
[SYSCALL] regs=0x00125fb4 regs->eax=11 ret=0
[SYSCALL] regs=0x00125fb4 regs->eax=11 ret=0
[SYSCALL] regs=0x00125fb4 regs->eax=11 ret=0
[SYSCALL] regs=0x00125fb4 regs->eax=11 ret=0
[SYSCALL] regs=0x00125fb4 regs->eax=11 ret=0
[SYSCALL] regs=0x00125fb4 regs->eax=11 ret=0
[SYSCALL] regs=0x00125fb4 regs->eax=11 ret=0
[SYSCALL] regs=0x00125fb4 regs->eax=11 ret=0
[SYSCALL] regs=0x00125fb4 regs->eax=11 ret=0
[SYSCALL] regs=0x00125fb4 regs->eax=11 ret=0
[SYSCALL] regs=0x00125fb4 regs->eax=11 ret=0
[SYSCALL] regs=0x00125fb4 regs->eax=11 ret=0
[SYSCALL] regs=0x00125fb4 regs->eax=11 ret=0
[SYSCALL] regs=0x00125fb4 regs->eax=11 ret=0
[SYSCALL] regs=0x00125fb4 regs->eax=11 ret=0
[SYSCALL] regs=0x00125fb4 regs->eax=11 ret=0
[SYSCALL] regs=0x00125fb4 regs->eax=11 ret=0
[SYSCALL] regs=0x00125fb4 regs->eax=11 ret=0
[SYSCALL] regs=0x00125fb4 regs->eax=11 ret=0
[SYSCALL] regs=0x00125fb4 regs->eax=11 ret=0
[SYSCALL] regs=0x00125fb4 regs->eax=11 ret=0
[SYSCALL] regs=0x00125fb4 regs->eax=11 ret=0
[SYSCALL] regs=0x00125fb4 regs->eax=11 ret=0
[SYSCALL] regs=0x00125fb4 regs->eax=11 ret=0
[SYSCALL] regs=0x00125fb4 regs->eax=11 ret=0
[SYSCALL] regs=0x00125fb4 regs->eax=11 ret=0
[SYSCALL] regs=0x00125fb4 regs->eax=11 ret=0
[SYSCALL] regs=0x00125fb4 regs->eax=11 ret=0
[SYSCALL] regs=0x00125fb4 regs->eax=11 ret=0
[SYSCALL] regs=0x00125fb4 regs->eax=11 ret=0
[SYSCALL] regs=0x00125fb4 regs->eax=11 ret=0
[SYSCALL] regs=0x00125fb4 regs->eax=11 ret=0
[SYSCALL] regs=0x00125fb4 regs->eax=11 ret=0
[SYSCALL] regs=0x00125fb4 regs->eax=11 ret=0
[SYSCALL] regs=0x00125fb4 regs->eax=11 ret=0
[SYSCALL] regs=0x00125fb4 regs->eax=11 ret=0
[SYSCALL] regs=0x00125fb4 regs->eax=11 ret=0
[SYSCALL] regs=0x00125fb4 regs->eax=11 ret=0
[SYSCALL] regs=0x00125fb4 regs->eax=11 ret=0
[SYSCALL] regs=0x00125fb4 regs->eax=11 ret=0
[SYSCALL] regs=0x00125fb4 regs->eax=11 ret=0
[SYSCALL] regs=0x00125fb4 regs->eax=11 ret=0
[SYSCALL] regs=0x00125fb4 regs->eax=11 ret=0
[SYSCALL] regs=0x00125fb4 regs->eax=11 ret=0
[SYSCALL] regs=0x00125fb4 regs->eax=11 ret=0
[SYSCALL] regs=0x00125fb4 regs->eax=11 ret=0
[SYSCALL] regs=0x00125fb4 regs->eax=11 ret=0
[SYSCALL] regs=0x00125fb4 regs->eax=11 ret=0
[SYSCALL] regs=0x00125fb4 regs->eax=11 ret=0
[SYSCALL] regs=0x00125fb4 regs->eax=11 ret=0
[SYSCALL] regs=0x00125fb4 regs->eax=11 ret=0
[SYSCALL] regs=0x00125fb4 regs->eax=11 ret=0
[SYSCALL] regs=0x00125fb4 regs->eax=11 ret=0
[SYSCALL] regs=0x00125fb4 regs->eax=11 ret=0
[SYSCALL] regs=0x00125fb4 regs->eax=11 ret=0
[SYSCALL] regs=0x00125fb4 regs->eax=11 ret=0
[SYSCALL] regs=0x00125fb4 regs->eax=11 ret=0
[SYSCALL] regs=0x00125fb4 regs->eax=11 ret=0
[SYSCALL] regs=0x00125fb4 regs->eax=11 ret=0
[SYSCALL] regs=0x00125fb4 regs->eax=11 ret=0
[SYSCALL] regs=0x00125fb4 regs->eax=11 ret=0
[SYSCALL] regs=0x00125fb4 regs->eax=11 ret=0
[SYSCALL] regs=0x00125fb4 regs->eax=11 ret=0
[SYSCALL] regs=0x00125fb4 regs->eax=11 ret=0
[SYSCALL] regs=0x00125fb4 regs->eax=11 ret=0
[SYSCALL] regs=0x00125fb4 regs->eax=11 ret=0
[SYSCALL] regs=0x00125fb4 regs->eax=11 ret=0
[SYSCALL] regs=0x00125fb4 regs->eax=11 ret=0
[SYSCALL] regs=0x00125fb4 regs->eax=11 ret=0
[SYSCALL] regs=0x00125fb4 regs->eax=11 ret=0
[SYSCALL] regs=0x00125fb4 regs->eax=11 ret=0
[SYSCALL] regs=0x00125fb4 regs->eax=11 ret=0
[SYSCALL] regs=0x00125fb4 regs->eax=11 ret=0
[SYSCALL] regs=0x00125fb4 regs->eax=11 ret=0
[SYSCALL] regs=0x00125fb4 regs->eax=11 ret=0
[SYSCALL] regs=0x00125fb4 regs->eax=11 ret=0
[SYSCALL] regs=0x00125fb4 regs->eax=11 ret=0
[SYSCALL] regs=0x00125fb4 regs->eax=11 ret=0
[SYSCALL] regs=0x00125fb4 regs->eax=11 ret=0
[SYSCALL] regs=0x00125fb4 regs->eax=11 ret=0
[SYSCALL] regs=0x00125fb4 regs->eax=11 ret=0
[SYSCALL] regs=0x00125fb4 regs->eax=11 ret=0
[SYSCALL] regs=0x00125fb4 regs->eax=11 ret=0
[SYSCALL] regs=0x00125fb4 regs->eax=11 ret=0
[SYSCALL] regs=0x00125fb4 regs->eax=11 ret=0
[SYSCALL] regs=0x00125fb4 regs->eax=11 ret=0
[SYSCALL] regs=0x00125fb4 regs->eax=11 ret=0
[SYSCALL] regs=0x00125fb4 regs->eax=11 ret=0
[SYSCALL] regs=0x00125fb4 regs->eax=11 ret=0
[SYSCALL] regs=0x00125fb4 regs->eax=11 ret=0
[SYSCALL] regs=0x00125fb4 regs->eax=11 ret=0
[SYSCALL] regs=0x00125fb4 regs->eax=11 ret=0
[SYSCALL] regs=0x00125fb4 regs->eax=11 ret=0
[SYSCALL] regs=0x00125fb4 regs->eax=11 ret=0
[SYSCALL] regs=0x00125fb4 regs->eax=11 ret=0
[SYSCALL] regs=0x00125fb4 regs->eax=11 ret=0
[SYSCALL] regs=0x00125fb4 regs->eax=11 ret=0
[SYSCALL] regs=0x00125fb4 regs->eax=11 ret=0
[SYSCALL] regs=0x00125fb4 regs->eax=11 ret=0
[SYSCALL] regs=0x00125fb4 regs->eax=11 ret=0
[SYSCALL] regs=0x00125fb4 regs->eax=11 ret=0
[SYSCALL] regs=0x00125fb4 regs->eax=11 ret=0
[SYSCALL] regs=0x00125fb4 regs->eax=11 ret=0
[SYSCALL] regs=0x00125fb4 regs->eax=11 ret=0
[SYSCALL] regs=0x00125fb4 regs->eax=11 ret=0
[SYSCALL] regs=0x00125fb4 regs->eax=11 ret=0
[SYSCALL] regs=0x00125fb4 regs->eax=11 ret=0
[SYSCALL] regs=0x00125fb4 regs->eax=11 ret=0
[SYSCALL] regs=0x00125fb4 regs->eax=11 ret=0
[SYSCALL] regs=0x00125fb4 regs->eax=11 ret=0
[SYSCALL] regs=0x00125fb4 regs->eax=11 ret=0
[SYSCALL] regs=0x00125fb4 regs->eax=11 ret=0
[SYSCALL] regs=0x00125fb4 regs->eax=11 ret=0
[SYSCALL] regs=0x00125fb4 regs->eax=11 ret=0
[SYSCALL] regs=0x00125fb4 regs->eax=11 ret=0
[SYSCALL] regs=0x00125fb4 regs->eax=11 ret=0
[SYSCALL] regs=0x00125fb4 regs->eax=11 ret=0
[SYSCALL] regs=0x00125fb4 regs->eax=11 ret=0
[SYSCALL] regs=0x00125fb4 regs->eax=11 ret=0
[SYSCALL] regs=0x00125fb4 regs->eax=11 ret=0
[SYSCALL] regs=0x00125fb4 regs->eax=11 ret=0
[SYSCALL] regs=0x00125fb4 regs->eax=11 ret=0
[SYSCALL] regs=0x00125fb4 regs->eax=11 ret=0
[SYSCALL] regs=0x00125fb4 regs->eax=11 ret=0
[SYSCALL] regs=0x00125fb4 regs->eax=11 ret=0
[SYSCALL] regs=0x00125fb4 regs->eax=11 ret=0
[SYSCALL] regs=0x00125fb4 regs->eax=11 ret=0
[SYSCALL] regs=0x00125fb4 regs->eax=11 ret=0
[SYSCALL] regs=0x00125fb4 regs->eax=11 ret=0
[SYSCALL] regs=0x00125fb4 regs->eax=11 ret=0
[SYSCALL] regs=0x00125fb4 regs->eax=11 ret=0
[SYSCALL] regs=0x00125fb4 regs->eax=11 ret=0
[SYSCALL] regs=0x00125fb4 regs->eax=11 ret=0
[SYSCALL] regs=0x00125fb4 regs->eax=11 ret=0
[SYSCALL] regs=0x00125fb4 regs->eax=11 ret=0
[SYSCALL] regs=0x00125fb4 regs->eax=11 ret=0
[SYSCALL] regs=0x00125fb4 regs->eax=11 ret=0
[SYSCALL] regs=0x00125fb4 regs->eax=11 ret=0
[SYSCALL] regs=0x00125fb4 regs->eax=11 ret=0
[SYSCALL] regs=0x00125fb4 regs->eax=11 ret=0
[SYSCALL] regs=0x00125fb4 regs->eax=11 ret=0
[SYSCALL] regs=0x00125fb4 regs->eax=11 ret=0
[SYSCALL] regs=0x00125fb4 regs->eax=11 ret=0
[SYSCALL] regs=0x00125fb4 regs->eax=11 ret=0
[SYSCALL] regs=0x00125fb4 regs->eax=11 ret=0
[SYSCALL] regs=0x00125fb4 regs->eax=11 ret=0
[SYSCALL] regs=0x00125fb4 regs->eax=11 ret=0
[SYSCALL] regs=0x00125fb4 regs->eax=11 ret=0
[SYSCALL] regs=0x00125fb4 regs->eax=11 ret=0
[SYSCALL] regs=0x00125fb4 regs->eax=11 ret=0
[SYSCALL] regs=0x00125fb4 regs->eax=11 ret=0
[SYSCALL] regs=0x00125fb4 regs->eax=11 ret=0
[SYSCALL] regs=0x00125fb4 regs->eax=11 ret=0
[SYSCALL] regs=0x00125fb4 regs->eax=11 ret=0
[SYSCALL] regs=0x00125fb4 regs->eax=11 ret=0
[SYSCALL] regs=0x00125fb4 regs->eax=11 ret=0
[SYSCALL] regs=0x00125fb4 regs->eax=11 ret=0
[SYSCALL] regs=0x00125fb4 regs->eax=11 ret=0
[SYSCALL] regs=0x00125fb4 regs->eax=11 ret=0
[SYSCALL] regs=0x00125fb4 regs->eax=11 ret=0
[SYSCALL] regs=0x00125fb4 regs->eax=11 ret=0
[SYSCALL] regs=0x00125fb4 regs->eax=11 ret=0
[SYSCALL] regs=0x00125fb4 regs->eax=11 ret=0
[SYSCALL] regs=0x00125fb4 regs->eax=11 ret=0
[SYSCALL] regs=0x00125fb4 regs->eax=11 ret=0
[SYSCALL] regs=0x00125fb4 regs->eax=11 ret=0
[SYSCALL] regs=0x00125fb4 regs->eax=11 ret=0
[SYSCALL] regs=0x00125fb4 regs->eax=11 ret=0
[SYSCALL] regs=0x00125fb4 regs->eax=11 ret=0
[SYSCALL] regs=0x00125fb4 regs->eax=11 ret=0
[SYSCALL] regs=0x00125fb4 regs->eax=11 ret=0
[SYSCALL] regs=0x00125fb4 regs->eax=11 ret=0
[SYSCALL] regs=0x00125fb4 regs->eax=11 ret=0
[SYSCALL] regs=0x00125fb4 regs->eax=11 ret=0
[SYSCALL] regs=0x00125fb4 regs->eax=11 ret=0
[SYSCALL] regs=0x00125fb4 regs->eax=11 ret=0
[SYSCALL] regs=0x00125fb4 regs->eax=11 ret=0
[SYSCALL] regs=0x00125fb4 regs->eax=11 ret=0
[SYSCALL] regs=0x00125fb4 regs->eax=11 ret=0
[SYSCALL] regs=0x00125fb4 regs->eax=11 ret=0
[SYSCALL] regs=0x00125fb4 regs->eax=11 ret=0
[SYSCALL] regs=0x00125fb4 regs->eax=11 ret=0
[SYSCALL] regs=0x00125fb4 regs->eax=11 ret=0
[SYSCALL] regs=0x00125fb4 regs->eax=11 ret=0
[SYSCALL] regs=0x00125fb4 regs->eax=11 ret=0
[SYSCALL] regs=0x00125fb4 regs->eax=11 ret=0
[SYSCALL] regs=0x00125fb4 regs->eax=11 ret=0
[SYSCALL] regs=0x00125fb4 regs->eax=11 ret=0
[SYSCALL] regs=0x00125fb4 regs->eax=11 ret=0
[SYSCALL] regs=0x00125fb4 regs->eax=11 ret=0
[SYSCALL] regs=0x00125fb4 regs->eax=11 ret=0
[SYSCALL] regs=0x00125fb4 regs->eax=11 ret=0
[SYSCALL] regs=0x00125fb4 regs->eax=11 ret=0
[SYSCALL] regs=0x00125fb4 regs->eax=11 ret=0
[SYSCALL] regs=0x00125fb4 regs->eax=11 ret=0
[SYSCALL] regs=0x00125fb4 regs->eax=11 ret=0
[SYSCALL] regs=0x00125fb4 regs->eax=11 ret=0
[SYSCALL] regs=0x00125fb4 regs->eax=11 ret=0
[SYSCALL] regs=0x00125fb4 regs->eax=11 ret=0
[SYSCALL] regs=0x00125fb4 regs->eax=11 ret=0
[SYSCALL] regs=0x00125fb4 regs->eax=11 ret=0
[SYSCALL] regs=0x00125fb4 regs->eax=11 ret=0
[SYSCALL] regs=0x00125fb4 regs->eax=11 ret=0
[SYSCALL] regs=0x00125fb4 regs->eax=11 ret=0
[SYSCALL] regs=0x00125fb4 regs->eax=11 ret=0
[SYSCALL] regs=0x00125fb4 regs->eax=11 ret=0
[SYSCALL] regs=0x00125fb4 regs->eax=11 ret=0
[SYSCALL] regs=0x00125fb4 regs->eax=11 ret=0
[SYSCALL] regs=0x00125fb4 regs->eax=11 ret=0
[SYSCALL] regs=0x00125fb4 regs->eax=11 ret=0
[SYSCALL] regs=0x00125fb4 regs->eax=11 ret=0
[SYSCALL] regs=0x00125fb4 regs->eax=11 ret=0
[SYSCALL] regs=0x00125fb4 regs->eax=11 ret=0
[SYSCALL] regs=0x00125fb4 regs->eax=11 ret=0
[SYSCALL] regs=0x00125fb4 regs->eax=11 ret=0
[SYSCALL] regs=0x00125fb4 regs->eax=11 ret=0
[SYSCALL] regs=0x00125fb4 regs->eax=11 ret=0
[SYSCALL] regs=0x00125fb4 regs->eax=11 ret=0
[SYSCALL] regs=0x00125fb4 regs->eax=11 ret=0
[SYSCALL] regs=0x00125fb4 regs->eax=11 ret=0
[SYSCALL] regs=0x00125fb4 regs->eax=11 ret=0
[SYSCALL] regs=0x00125fb4 regs->eax=11 ret=0
[SYSCALL] regs=0x00125fb4 regs->eax=11 ret=0
[SYSCALL] regs=0x00125fb4 regs->eax=11 ret=0
[SYSCALL] regs=0x00125fb4 regs->eax=11 ret=0
[SYSCALL] regs=0x00125fb4 regs->eax=11 ret=0
[SYSCALL] regs=0x00125fb4 regs->eax=11 ret=0
[SYSCALL] regs=0x00125fb4 regs->eax=11 ret=0
[SYSCALL] regs=0x00125fb4 regs->eax=11 ret=0
[SYSCALL] regs=0x00125fb4 regs->eax=11 ret=0
[SYSCALL] regs=0x00125fb4 regs->eax=11 ret=0
[SYSCALL] regs=0x00125fb4 regs->eax=11 ret=0
[SYSCALL] regs=0x00125fb4 regs->eax=11 ret=0
[SYSCALL] regs=0x00125fb4 regs->eax=11 ret=0
[SYSCALL] regs=0x00125fb4 regs->eax=11 ret=0
[SYSCALL] regs=0x00125fb4 regs->eax=11 ret=0
[SYSCALL] regs=0x00125fb4 regs->eax=11 ret=0
[SYSCALL] regs=0x00125fb4 regs->eax=11 ret=0
[SYSCALL] regs=0x00125fb4 regs->eax=11 ret=0
[SYSCALL] regs=0x00125fb4 regs->eax=11 ret=0
[SYSCALL] regs=0x00125fb4 regs->eax=11 ret=0
[SYSCALL] regs=0x00125fb4 regs->eax=11 ret=0
[SYSCALL] regs=0x00125fb4 regs->eax=11 ret=0
[SYSCALL] regs=0x00125fb4 regs->eax=11 ret=0
[SYSCALL] regs=0x00125fb4 regs->eax=11 ret=0
[SYSCALL] regs=0x00125fb4 regs->eax=11 ret=0
[SYSCALL] regs=0x00125fb4 regs->eax=11 ret=0
[SYSCALL] regs=0x00125fb4 regs->eax=11 ret=0
[SYSCALL] regs=0x00125fb4 regs->eax=11 ret=0
[SYSCALL] regs=0x00125fb4 regs->eax=11 ret=0
[SYSCALL] regs=0x00125fb4 regs->eax=11 ret=0
[SYSCALL] regs=0x00125fb4 regs->eax=11 ret=0
[SYSCALL] regs=0x00125fb4 regs->eax=11 ret=0
[SYSCALL] regs=0x00125fb4 regs->eax=11 ret=0
[SYSCALL] regs=0x00125fb4 regs->eax=11 ret=0
[SYSCALL] regs=0x00125fb4 regs->eax=11 ret=0
[SYSCALL] regs=0x00125fb4 regs->eax=11 ret=0
[SYSCALL] regs=0x00125fb4 regs->eax=11 ret=0
[SYSCALL] regs=0x00125fb4 regs->eax=11 ret=0
[SYSCALL] regs=0x00125fb4 regs->eax=11 ret=0
[SYSCALL] regs=0x00125fb4 regs->eax=11 ret=0
[SYSCALL] regs=0x00125fb4 regs->eax=11 ret=0
[SYSCALL] regs=0x00125fb4 regs->eax=11 ret=0
[SYSCALL] regs=0x00125fb4 regs->eax=11 ret=0
[SYSCALL] regs=0x00125fb4 regs->eax=11 ret=0
[SYSCALL] regs=0x00125fb4 regs->eax=11 ret=0
[SYSCALL] regs=0x00125fb4 regs->eax=11 ret=0
[SYSCALL] regs=0x00125fb4 regs->eax=11 ret=0
[SYSCALL] regs=0x00125fb4 regs->eax=11 ret=0
[SYSCALL] regs=0x00125fb4 regs->eax=11 ret=0
[SYSCALL] regs=0x00125fb4 regs->eax=11 ret=0
[SYSCALL] regs=0x00125fb4 regs->eax=11 ret=0
[SYSCALL] regs=0x00125fb4 regs->eax=11 ret=0
[SYSCALL] regs=0x00125fb4 regs->eax=11 ret=0
[SYSCALL] regs=0x00125fb4 regs->eax=11 ret=0
[SYSCALL] regs=0x00125fb4 regs->eax=11 ret=0
[SYSCALL] regs=0x00125fb4 regs->eax=11 ret=0
[SYSCALL] regs=0x00125fb4 regs->eax=11 ret=0
[SYSCALL] regs=0x00125fb4 regs->eax=11 ret=0
[SYSCALL] regs=0x00125fb4 regs->eax=11 ret=0
[SYSCALL] regs=0x00125fb4 regs->eax=11 ret=0
[SYSCALL] regs=0x00125fb4 regs->eax=11 ret=0
[SYSCALL] regs=0x00125fb4 regs->eax=11 ret=0
[SYSCALL] regs=0x00125fb4 regs->eax=11 ret=0
[SYSCALL] regs=0x00125fb4 regs->eax=11 ret=0
[SYSCALL] regs=0x00125fb4 regs->eax=11 ret=0
[SYSCALL] regs=0x00125fb4 regs->eax=11 ret=0
[SYSCALL] regs=0x00125fb4 regs->eax=11 ret=0
[SYSCALL] regs=0x00125fb4 regs->eax=11 ret=0
[SYSCALL] regs=0x00125fb4 regs->eax=11 ret=0
[SYSCALL] regs=0x00125fb4 regs->eax=11 ret=0
[SYSCALL] regs=0x00125fb4 regs->eax=11 ret=0
[SYSCALL] regs=0x00125fb4 regs->eax=11 ret=0
[SYSCALL] regs=0x00125fb4 regs->eax=11 ret=0
[SYSCALL] regs=0x00125fb4 regs->eax=11 ret=0
[SYSCALL] regs=0x00125fb4 regs->eax=11 ret=0
[SYSCALL] regs=0x00125fb4 regs->eax=11 ret=0
[SYSCALL] regs=0x00125fb4 regs->eax=11 ret=0
[SYSCALL] regs=0x00125fb4 regs->eax=11 ret=0
[SYSCALL] regs=0x00125fb4 regs->eax=11 ret=0
[SYSCALL] regs=0x00125fb4 regs->eax=11 ret=0
[SYSCALL] regs=0x00125fb4 regs->eax=11 ret=0
[SYSCALL] regs=0x00125fb4 regs->eax=11 ret=0
[SYSCALL] regs=0x00125fb4 regs->eax=11 ret=0
[SYSCALL] regs=0x00125fb4 regs->eax=11 ret=0
[SYSCALL] regs=0x00125fb4 regs->eax=11 ret=0
[SYSCALL] regs=0x00125fb4 regs->eax=11 ret=0
[SYSCALL] regs=0x00125fb4 regs->eax=11 ret=0
[SYSCALL] regs=0x00125fb4 regs->eax=11 ret=0
[SYSCALL] regs=0x00125fb4 regs->eax=11 ret=0
[SYSCALL] regs=0x00125fb4 regs->eax=11 ret=0
[SYSCALL] regs=0x00125fb4 regs->eax=11 ret=0
[SYSCALL] regs=0x00125fb4 regs->eax=11 ret=0
[SYSCALL] regs=0x00125fb4 regs->eax=11 ret=0
[SYSCALL] regs=0x00125fb4 regs->eax=11 ret=0
[SYSCALL] regs=0x00125fb4 regs->eax=11 ret=0
[SYSCALL] regs=0x00125fb4 regs->eax=11 ret=0
[SYSCALL] regs=0x00125fb4 regs->eax=11 ret=0
[SYSCALL] regs=0x00125fb4 regs->eax=11 ret=0
[SYSCALL] regs=0x00125fb4 regs->eax=11 ret=0
[SYSCALL] regs=0x00125fb4 regs->eax=11 ret=0
[SYSCALL] regs=0x00125fb4 regs->eax=11 ret=0
[SYSCALL] regs=0x00125fb4 regs->eax=11 ret=0
[SYSCALL] regs=0x00125fb4 regs->eax=11 ret=0
[SYSCALL] regs=0x00125fb4 regs->eax=11 ret=0
[SYSCALL] regs=0x00125fb4 regs->eax=11 ret=0
[SYSCALL] regs=0x00125fb4 regs->eax=11 ret=0
[SYSCALL] regs=0x00125fb4 regs->eax=11 ret=0
[SYSCALL] regs=0x00125fb4 regs->eax=11 ret=0
[SYSCALL] regs=0x00125fb4 regs->eax=11 ret=0
[SYSCALL] regs=0x00125fb4 regs->eax=11 ret=0
[SYSCALL] regs=0x00125fb4 regs->eax=11 ret=0
[SYSCALL] regs=0x00125fb4 regs->eax=11 ret=0
[SYSCALL] regs=0x00125fb4 regs->eax=11 ret=0
[SYSCALL] regs=0x00125fb4 regs->eax=11 ret=0
[SYSCALL] regs=0x00125fb4 regs->eax=11 ret=0
[SYSCALL] regs=0x00125fb4 regs->eax=11 ret=0
[SYSCALL] regs=0x00125fb4 regs->eax=11 ret=0
[SYSCALL] regs=0x00125fb4 regs->eax=11 ret=0
[SYSCALL] regs=0x00125fb4 regs->eax=11 ret=0
[SYSCALL] regs=0x00125fb4 regs->eax=11 ret=0
[SYSCALL] regs=0x00125fb4 regs->eax=11 ret=0
[SYSCALL] regs=0x00125fb4 regs->eax=11 ret=0
[SYSCALL] regs=0x00125fb4 regs->eax=11 ret=0
[SYSCALL] regs=0x00125fb4 regs->eax=11 ret=0
[SYSCALL] regs=0x00125fb4 regs->eax=11 ret=0
[SYSCALL] regs=0x00125fb4 regs->eax=11 ret=0
[SYSCALL] regs=0x00125fb4 regs->eax=11 ret=0
[SYSCALL] regs=0x00125fb4 regs->eax=11 ret=0
[SYSCALL] regs=0x00125fb4 regs->eax=11 ret=0
[SYSCALL] regs=0x00125fb4 regs->eax=11 ret=0
[SYSCALL] regs=0x00125fb4 regs->eax=11 ret=0
[SYSCALL] regs=0x00125fb4 regs->eax=11 ret=0
[SYSCALL] regs=0x00125fb4 regs->eax=11 ret=0
[SYSCALL] regs=0x00125fb4 regs->eax=11 ret=0
[SYSCALL] regs=0x00125fb4 regs->eax=11 ret=0
[SYSCALL] regs=0x00125fb4 regs->eax=11 ret=0
[SYSCALL] regs=0x00125fb4 regs->eax=11 ret=0
[SYSCALL] regs=0x00125fb4 regs->eax=11 ret=0
[SYSCALL] regs=0x00125fb4 regs->eax=11 ret=0
[SYSCALL] regs=0x00125fb4 regs->eax=11 ret=0
[SYSCALL] regs=0x00125fb4 regs->eax=11 ret=0
[SYSCALL] regs=0x00125fb4 regs->eax=11 ret=0
[SYSCALL] regs=0x00125fb4 regs->eax=11 ret=0
[SYSCALL] regs=0x00125fb4 regs->eax=11 ret=0
[SYSCALL] regs=0x00125fb4 regs->eax=11 ret=0
[SYSCALL] regs=0x00125fb4 regs->eax=11 ret=0
[SYSCALL] regs=0x00125fb4 regs->eax=11 ret=0
[SYSCALL] regs=0x00125fb4 regs->eax=11 ret=0
[SYSCALL] regs=0x00125fb4 regs->eax=11 ret=0
[SYSCALL] regs=0x00125fb4 regs->eax=11 ret=0
[SYSCALL] regs=0x00125fb4 regs->eax=11 ret=0
[SYSCALL] regs=0x00125fb4 regs->eax=11 ret=0
[SYSCALL] regs=0x00125fb4 regs->eax=11 ret=0
[SYSCALL] regs=0x00125fb4 regs->eax=11 ret=0
[SYSCALL] regs=0x00125fb4 regs->eax=11 ret=0
[SYSCALL] regs=0x00125fb4 regs->eax=11 ret=0
[SYSCALL] regs=0x00125fb4 regs->eax=11 ret=0
[SYSCALL] regs=0x00125fb4 regs->eax=11 ret=0
[SYSCALL] regs=0x00125fb4 regs->eax=11 ret=0
[SYSCALL] regs=0x00125fb4 regs->eax=11 ret=0
[SYSCALL] regs=0x00125fb4 regs->eax=11 ret=0
[SYSCALL] regs=0x00125fb4 regs->eax=11 ret=0
[SYSCALL] regs=0x00125fb4 regs->eax=11 ret=0
[SYSCALL] regs=0x00125fb4 regs->eax=11 ret=0
[SYSCALL] regs=0x00125fb4 regs->eax=11 ret=0
[SYSCALL] regs=0x00125fb4 regs->eax=11 ret=0
[SYSCALL] regs=0x00125fb4 regs->eax=11 ret=0
[SYSCALL] regs=0x00125fb4 regs->eax=11 ret=0
[SYSCALL] regs=0x00125fb4 regs->eax=11 ret=0
[SYSCALL] regs=0x00125fb4 regs->eax=11 ret=0
[SYSCALL] regs=0x00125fb4 regs->eax=11 ret=0
[SYSCALL] regs=0x00125fb4 regs->eax=11 ret=0
[SYSCALL] regs=0x00125fb4 regs->eax=11 ret=0
[SYSCALL] regs=0x00125fb4 regs->eax=11 ret=0
[SYSCALL] regs=0x00125fb4 regs->eax=11 ret=0
[SYSCALL] regs=0x00125fb4 regs->eax=11 ret=0
[SYSCALL] regs=0x00125fb4 regs->eax=11 ret=0
[SYSCALL] regs=0x00125fb4 regs->eax=11 ret=0
[SYSCALL] regs=0x00125fb4 regs->eax=11 ret=0
[SYSCALL] regs=0x00125fb4 regs->eax=11 ret=0
[SYSCALL] regs=0x00125fb4 regs->eax=11 ret=0
[SYSCALL] regs=0x00125fb4 regs->eax=11 ret=0
[SYSCALL] regs=0x00125fb4 regs->eax=11 ret=0
[SYSCALL] regs=0x00125fb4 regs->eax=11 ret=0
[SYSCALL] regs=0x00125fb4 regs->eax=11 ret=0
[SYSCALL] regs=0x00125fb4 regs->eax=11 ret=0
[SYSCALL] regs=0x00125fb4 regs->eax=11 ret=0
[SYSCALL] regs=0x00125fb4 regs->eax=11 ret=0
[SYSCALL] regs=0x00125fb4 regs->eax=11 ret=0
[SYSCALL] regs=0x00125fb4 regs->eax=11 ret=0
[SYSCALL] regs=0x00125fb4 regs->eax=11 ret=0
[SYSCALL] regs=0x00125fb4 regs->eax=11 ret=0
[SYSCALL] regs=0x00125fb4 regs->eax=11 ret=0
[SYSCALL] regs=0x00125fb4 regs->eax=11 ret=0
[SYSCALL] regs=0x00125fb4 regs->eax=11 ret=0
[SYSCALL] regs=0x00125fb4 regs->eax=11 ret=0
[SYSCALL] regs=0x00125fb4 regs->eax=11 ret=0
[SYSCALL] regs=0x00125fb4 regs->eax=11 ret=0
[SYSCALL] regs=0x00125fb4 regs->eax=11 ret=0
[SYSCALL] regs=0x00125fb4 regs->eax=11 ret=0
[SYSCALL] regs=0x00125fb4 regs->eax=11 ret=0
[SYSCALL] regs=0x00125fb4 regs->eax=11 ret=0
[SYSCALL] regs=0x00125fb4 regs->eax=11 ret=0
[SYSCALL] regs=0x00125fb4 regs->eax=11 ret=0
[SYSCALL] regs=0x00125fb4 regs->eax=11 ret=0
[SYSCALL] regs=0x00125fb4 regs->eax=11 ret=0
[SYSCALL] regs=0x00125fb4 regs->eax=11 ret=0
[SYSCALL] regs=0x00125fb4 regs->eax=11 ret=0
[SYSCALL] regs=0x00125fb4 regs->eax=11 ret=0
[SYSCALL] regs=0x00125fb4 regs->eax=11 ret=0
[SYSCALL] regs=0x00125fb4 regs->eax=11 ret=0
[SYSCALL] regs=0x00125fb4 regs->eax=11 ret=0
[SYSCALL] regs=0x00125fb4 regs->eax=11 ret=0
[SYSCALL] regs=0x00125fb4 regs->eax=11 ret=0
[SYSCALL] regs=0x00125fb4 regs->eax=11 ret=0
[SYSCALL] regs=0x00125fb4 regs->eax=11 ret=0
[SYSCALL] regs=0x00125fb4 regs->eax=11 ret=0
[SYSCALL] regs=0x00125fb4 regs->eax=11 ret=0
[SYSCALL] regs=0x00125fb4 regs->eax=11 ret=0
[SYSCALL] regs=0x00125fb4 regs->eax=11 ret=0
[SYSCALL] regs=0x00125fb4 regs->eax=11 ret=0
[SYSCALL] regs=0x00125fb4 regs->eax=11 ret=0
[SYSCALL] regs=0x00125fb4 regs->eax=11 ret=0
[SYSCALL] regs=0x00125fb4 regs->eax=11 ret=0
[SYSCALL] regs=0x00125fb4 regs->eax=11 ret=0
[SYSCALL] regs=0x00125fb4 regs->eax=11 ret=0
[SYSCALL] regs=0x00125fb4 regs->eax=11 ret=0
[SYSCALL] regs=0x00125fb4 regs->eax=11 ret=0
[SYSCALL] regs=0x00125fb4 regs->eax=11 ret=0
[SYSCALL] regs=0x00125fb4 regs->eax=11 ret=0
[SYSCALL] regs=0x00125fb4 regs->eax=11 ret=0
[SYSCALL] regs=0x00125fb4 regs->eax=11 ret=0
[SYSCALL] regs=0x00125fb4 regs->eax=11 ret=0
[SYSCALL] regs=0x00125fb4 regs->eax=11 ret=0
[SYSCALL] regs=0x00125fb4 regs->eax=11 ret=0
[SYSCALL] regs=0x00125fb4 regs->eax=11 ret=0
[SYSCALL] regs=0x00125fb4 regs->eax=11 ret=0
[SYSCALL] regs=0x00125fb4 regs->eax=11 ret=0
[SYSCALL] regs=0x00125fb4 regs->eax=11 ret=0
[SYSCALL] regs=0x00125fb4 regs->eax=11 ret=0
[SYSCALL] regs=0x00125fb4 regs->eax=11 ret=0
[SYSCALL] regs=0x00125fb4 regs->eax=11 ret=0
[SYSCALL] regs=0x00125fb4 regs->eax=11 ret=0
[SYSCALL] regs=0x00125fb4 regs->eax=11 ret=0
[SYSCALL] regs=0x00125fb4 regs->eax=11 ret=0
[SYSCALL] regs=0x00125fb4 regs->eax=11 ret=0
[SYSCALL] regs=0x00125fb4 regs->eax=11 ret=0
[SYSCALL] regs=0x00125fb4 regs->eax=11 ret=0
[SYSCALL] regs=0x00125fb4 regs->eax=11 ret=0
[SYSCALL] regs=0x00125fb4 regs->eax=11 ret=0
[SYSCALL] regs=0x00125fb4 regs->eax=11 ret=0
[SYSCALL] regs=0x00125fb4 regs->eax=11 ret=0
[SYSCALL] regs=0x00125fb4 regs->eax=11 ret=0
[SYSCALL] regs=0x00125fb4 regs->eax=11 ret=0
[SYSCALL] regs=0x00125fb4 regs->eax=11 ret=0
[SYSCALL] regs=0x00125fb4 regs->eax=11 ret=0
[SYSCALL] regs=0x00125fb4 regs->eax=11 ret=0
[SYSCALL] regs=0x00125fb4 regs->eax=11 ret=0
[SYSCALL] regs=0x00125fb4 regs->eax=11 ret=0
[SYSCALL] regs=0x00125fb4 regs->eax=11 ret=0
[SYSCALL] regs=0x00125fb4 regs->eax=11 ret=0
[SYSCALL] regs=0x00125fb4 regs->eax=11 ret=0
[SYSCALL] regs=0x00125fb4 regs->eax=11 ret=0
[SYSCALL] regs=0x00125fb4 regs->eax=11 ret=0
[SYSCALL] regs=0x00125fb4 regs->eax=11 ret=0
[SYSCALL] regs=0x00125fb4 regs->eax=11 ret=0
[SYSCALL] regs=0x00125fb4 regs->eax=11 ret=0
[SYSCALL] regs=0x00125fb4 regs->eax=11 ret=0
[SYSCALL] regs=0x00125fb4 regs->eax=11 ret=0
[SYSCALL] regs=0x00125fb4 regs->eax=11 ret=0
[SYSCALL] regs=0x00125fb4 regs->eax=11 ret=0
[SYSCALL] regs=0x00125fb4 regs->eax=11 ret=0
[SYSCALL] regs=0x00125fb4 regs->eax=11 ret=0
[SYSCALL] regs=0x00125fb4 regs->eax=11 ret=0
[SYSCALL] regs=0x00125fb4 regs->eax=11 ret=0
[SYSCALL] regs=0x00125fb4 regs->eax=11 ret=0
[SYSCALL] regs=0x00125fb4 regs->eax=11 ret=0
[SYSCALL] regs=0x00125fb4 regs->eax=11 ret=0
[SYSCALL] regs=0x00125fb4 regs->eax=11 ret=0
[SYSCALL] regs=0x00125fb4 regs->eax=11 ret=0
[SYSCALL] regs=0x00125fb4 regs->eax=11 ret=0
[SYSCALL] regs=0x00125fb4 regs->eax=11 ret=0
[SYSCALL] regs=0x00125fb4 regs->eax=11 ret=0
[SYSCALL] regs=0x00125fb4 regs->eax=11 ret=0
[SYSCALL] regs=0x00125fb4 regs->eax=11 ret=0
[SYSCALL] regs=0x00125fb4 regs->eax=11 ret=0
[SYSCALL] regs=0x00125fb4 regs->eax=11 ret=0
[SYSCALL] regs=0x00125fb4 regs->eax=11 ret=0
[SYSCALL] regs=0x00125fb4 regs->eax=11 ret=0
[SYSCALL] regs=0x00125fb4 regs->eax=11 ret=0
[SYSCALL] regs=0x00125fb4 regs->eax=11 ret=0
[SYSCALL] regs=0x00125fb4 regs->eax=11 ret=0
[SYSCALL] regs=0x00125fb4 regs->eax=11 ret=0
[SYSCALL] regs=0x00125fb4 regs->eax=11 ret=0
[SYSCALL] regs=0x00125fb4 regs->eax=11 ret=0
[SYSCALL] regs=0x00125fb4 regs->eax=11 ret=0
[SYSCALL] regs=0x00125fb4 regs->eax=11 ret=0
[SYSCALL] regs=0x00125fb4 regs->eax=11 ret=0
[SYSCALL] regs=0x00125fb4 regs->eax=11 ret=0
[SYSCALL] regs=0x00125fb4 regs->eax=11 ret=0
[SYSCALL] regs=0x00125fb4 regs->eax=11 ret=0
[SYSCALL] regs=0x00125fb4 regs->eax=11 ret=0
[SYSCALL] regs=0x00125fb4 regs->eax=11 ret=0
[SYSCALL] regs=0x00125fb4 regs->eax=11 ret=0
[SYSCALL] regs=0x00125fb4 regs->eax=11 ret=0
[SYSCALL] regs=0x00125fb4 regs->eax=11 ret=0
[SYSCALL] regs=0x00125fb4 regs->eax=11 ret=0
[SYSCALL] regs=0x00125fb4 regs->eax=11 ret=0
[SYSCALL] regs=0x00125fb4 regs->eax=11 ret=0
[SYSCALL] regs=0x00125fb4 regs->eax=11 ret=0
[SYSCALL] regs=0x00125fb4 regs->eax=11 ret=0
[SYSCALL] regs=0x00125fb4 regs->eax=11 ret=0
[SYSCALL] regs=0x00125fb4 regs->eax=11 ret=0
[SYSCALL] regs=0x00125fb4 regs->eax=11 ret=0
[SYSCALL] regs=0x00125fb4 regs->eax=11 ret=0
[SYSCALL] regs=0x00125fb4 regs->eax=11 ret=0
[SYSCALL] regs=0x00125fb4 regs->eax=11 ret=0
[SYSCALL] regs=0x00125fb4 regs->eax=11 ret=0
[SYSCALL] regs=0x00125fb4 regs->eax=11 ret=0
[SYSCALL] regs=0x00125fb4 regs->eax=11 ret=0
[SYSCALL] regs=0x00125fb4 regs->eax=11 ret=0
[SYSCALL] regs=0x00125fb4 regs->eax=11 ret=0
[SYSCALL] regs=0x00125fb4 regs->eax=11 ret=0
[SYSCALL] regs=0x00125fb4 regs->eax=11 ret=0
[SYSCALL] regs=0x00125fb4 regs->eax=11 ret=0
[SYSCALL] regs=0x00125fb4 regs->eax=11 ret=0
[SYSCALL] regs=0x00125fb4 regs->eax=11 ret=0
[SYSCALL] regs=0x00125fb4 regs->eax=11 ret=0
[SYSCALL] regs=0x00125fb4 regs->eax=11 ret=0
[SYSCALL] regs=0x00125fb4 regs->eax=11 ret=0
[SYSCALL] regs=0x00125fb4 regs->eax=11 ret=0
[SYSCALL] regs=0x00125fb4 regs->eax=11 ret=0
[SYSCALL] regs=0x00125fb4 regs->eax=11 ret=0
[SYSCALL] regs=0x00125fb4 regs->eax=11 ret=0
[SYSCALL] regs=0x00125fb4 regs->eax=11 ret=0
[SYSCALL] regs=0x00125fb4 regs->eax=11 ret=0
[SYSCALL] regs=0x00125fb4 regs->eax=11 ret=0
[SYSCALL] regs=0x00125fb4 regs->eax=11 ret=0
[SYSCALL] regs=0x00125fb4 regs->eax=11 ret=0
[SYSCALL] regs=0x00125fb4 regs->eax=11 ret=0
[SYSCALL] regs=0x00125fb4 regs->eax=11 ret=0
[SYSCALL] regs=0x00125fb4 regs->eax=11 ret=0
[SYSCALL] regs=0x00125fb4 regs->eax=11 ret=0
[SYSCALL] regs=0x00125fb4 regs->eax=11 ret=0
[SYSCALL] regs=0x00125fb4 regs->eax=11 ret=0
[SYSCALL] regs=0x00125fb4 regs->eax=11 ret=0
[SYSCALL] regs=0x00125fb4 regs->eax=11 ret=0
[SYSCALL] regs=0x00125fb4 regs->eax=11 ret=0
[SYSCALL] regs=0x00125fb4 regs->eax=11 ret=0
[SYSCALL] regs=0x00125fb4 regs->eax=11 ret=0
[SYSCALL] regs=0x00125fb4 regs->eax=11 ret=0
[SYSCALL] regs=0x00125fb4 regs->eax=11 ret=0
[SYSCALL] regs=0x00125fb4 regs->eax=11 ret=0
[SYSCALL] regs=0x00125fb4 regs->eax=11 ret=0
[SYSCALL] regs=0x00125fb4 regs->eax=11 ret=0
[SYSCALL] regs=0x00125fb4 regs->eax=11 ret=0
[SYSCALL] regs=0x00125fb4 regs->eax=11 ret=0
[SYSCALL] regs=0x00125fb4 regs->eax=11 ret=0
[SYSCALL] regs=0x00125fb4 regs->eax=11 ret=0
[SYSCALL] regs=0x00125fb4 regs->eax=11 ret=0
[SYSCALL] regs=0x00125fb4 regs->eax=11 ret=0
[SYSCALL] regs=0x00125fb4 regs->eax=11 ret=0
[SYSCALL] regs=0x00125fb4 regs->eax=11 ret=0
[SYSCALL] regs=0x00125fb4 regs->eax=11 ret=0
[SYSCALL] regs=0x00125fb4 regs->eax=11 ret=0
[SYSCALL] regs=0x00125fb4 regs->eax=11 ret=0
[SYSCALL] regs=0x00125fb4 regs->eax=11 ret=0
[SYSCALL] regs=0x00125fb4 regs->eax=11 ret=0
[SYSCALL] regs=0x00125fb4 regs->eax=11 ret=0
[SYSCALL] regs=0x00125fb4 regs->eax=11 ret=0
[SYSCALL] regs=0x00125fb4 regs->eax=11 ret=0
[SYSCALL] regs=0x00125fb4 regs->eax=11 ret=0
[SYSCALL] regs=0x00125fb4 regs->eax=11 ret=0
[SYSCALL] regs=0x00125fb4 regs->eax=11 ret=0
[SYSCALL] regs=0x00125fb4 regs->eax=11 ret=0
[SYSCALL] regs=0x00125fb4 regs->eax=11 ret=0
[SYSCALL] regs=0x00125fb4 regs->eax=11 ret=0
[SYSCALL] regs=0x00125fb4 regs->eax=11 ret=0
[SYSCALL] regs=0x00125fb4 regs->eax=11 ret=0
[SYSCALL] regs=0x00125fb4 regs->eax=11 ret=0
[SYSCALL] regs=0x00125fb4 regs->eax=11 ret=0
[SYSCALL] regs=0x00125fb4 regs->eax=11 ret=0
[SYSCALL] regs=0x00125fb4 regs->eax=11 ret=0
[SYSCALL] regs=0x00125fb4 regs->eax=11 ret=0
[SYSCALL] regs=0x00125fb4 regs->eax=11 ret=0
[SYSCALL] regs=0x00125fb4 regs->eax=11 ret=0
[SYSCALL] regs=0x00125fb4 regs->eax=11 ret=0
[SYSCALL] regs=0x00125fb4 regs->eax=11 ret=0
[SYSCALL] regs=0x00125fb4 regs->eax=11 ret=0
[SYSCALL] regs=0x00125fb4 regs->eax=11 ret=0
[SYSCALL] regs=0x00125fb4 regs->eax=11 ret=0
[SYSCALL] regs=0x00125fb4 regs->eax=11 ret=0
[SYSCALL] regs=0x00125fb4 regs->eax=11 ret=0
[SYSCALL] regs=0x00125fb4 regs->eax=11 ret=0
[SYSCALL] regs=0x00125fb4 regs->eax=11 ret=0
[SYSCALL] regs=0x00125fb4 regs->eax=11 ret=0
[SYSCALL] regs=0x00125fb4 regs->eax=11 ret=0
[SYSCALL] regs=0x00125fb4 regs->eax=11 ret=0
[SYSCALL] regs=0x00125fb4 regs->eax=11 ret=0
[SYSCALL] regs=0x00125fb4 regs->eax=11 ret=0
[SYSCALL] regs=0x00125fb4 regs->eax=11 ret=0
[SYSCALL] regs=0x00125fb4 regs->eax=11 ret=0
[SYSCALL] regs=0x00125fb4 regs->eax=11 ret=0
[SYSCALL] regs=0x00125fb4 regs->eax=11 ret=0
[SYSCALL] regs=0x00125fb4 regs->eax=11 ret=0
[SYSCALL] regs=0x00125fb4 regs->eax=11 ret=0
[SYSCALL] regs=0x00125fb4 regs->eax=11 ret=0
[SYSCALL] regs=0x00125fb4 regs->eax=11 ret=0
[SYSCALL] regs=0x00125fb4 regs->eax=11 ret=0
[SYSCALL] regs=0x00125fb4 regs->eax=11 ret=0
[SYSCALL] regs=0x00125fb4 regs->eax=11 ret=0
[SYSCALL] regs=0x00125fb4 regs->eax=11 ret=0
[SYSCALL] regs=0x00125fb4 regs->eax=11 ret=0
[SYSCALL] regs=0x00125fb4 regs->eax=11 ret=0
[SYSCALL] regs=0x00125fb4 regs->eax=11 ret=0
[SYSCALL] regs=0x00125fb4 regs->eax=11 ret=0
[SYSCALL] regs=0x00125fb4 regs->eax=11 ret=0
[SYSCALL] regs=0x00125fb4 regs->eax=11 ret=0
[SYSCALL] regs=0x00125fb4 regs->eax=11 ret=0
[SYSCALL] regs=0x00125fb4 regs->eax=11 ret=0
[SYSCALL] regs=0x00125fb4 regs->eax=11 ret=0
[SYSCALL] regs=0x00125fb4 regs->eax=11 ret=0
[SYSCALL] regs=0x00125fb4 regs->eax=11 ret=0
[SYSCALL] regs=0x00125fb4 regs->eax=11 ret=0
[SYSCALL] regs=0x00125fb4 regs->eax=11 ret=0
[SYSCALL] regs=0x00125fb4 regs->eax=11 ret=0
[SYSCALL] regs=0x00125fb4 regs->eax=11 ret=0
[SYSCALL] regs=0x00125fb4 regs->eax=11 ret=0
[SYSCALL] regs=0x00125fb4 regs->eax=11 ret=0
[SYSCALL] regs=0x00125fb4 regs->eax=11 ret=0
[SYSCALL] regs=0x00125fb4 regs->eax=11 ret=0
[SYSCALL] regs=0x00125fb4 regs->eax=11 ret=0
[SYSCALL] regs=0x00125fb4 regs->eax=11 ret=0
[SYSCALL] regs=0x00125fb4 regs->eax=11 ret=0
[SYSCALL] regs=0x00125fb4 regs->eax=11 ret=0
[SYSCALL] regs=0x00125fb4 regs->eax=11 ret=0
[SYSCALL] regs=0x00125fb4 regs->eax=11 ret=0
[SYSCALL] regs=0x00125fb4 regs->eax=11 ret=0
[SYSCALL] regs=0x00125fb4 regs->eax=11 ret=0
[SYSCALL] regs=0x00125fb4 regs->eax=11 ret=0
[SYSCALL] regs=0x00125fb4 regs->eax=11 ret=0
[SYSCALL] regs=0x00125fb4 regs->eax=11 ret=0
[SYSCALL] regs=0x00125fb4 regs->eax=11 ret=0
[SYSCALL] regs=0x00125fb4 regs->eax=11 ret=0
[SYSCALL] regs=0x00125fb4 regs->eax=11 ret=0
[SYSCALL] regs=0x00125fb4 regs->eax=11 ret=0
[SYSCALL] regs=0x00125fb4 regs->eax=11 ret=0
[SYSCALL] regs=0x00125fb4 regs->eax=11 ret=0
[SYSCALL] regs=0x00125fb4 regs->eax=11 ret=0
[SYSCALL] regs=0x00125fb4 regs->eax=11 ret=0
[SYSCALL] regs=0x00125fb4 regs->eax=11 ret=0
[SYSCALL] regs=0x00125fb4 regs->eax=11 ret=0
[SYSCALL] regs=0x00125fb4 regs->eax=11 ret=0
[SYSCALL] regs=0x00125fb4 regs->eax=11 ret=0
[SYSCALL] regs=0x00125fb4 regs->eax=11 ret=0
[SYSCALL] regs=0x00125fb4 regs->eax=11 ret=0
[SYSCALL] regs=0x00125fb4 regs->eax=11 ret=0
[SYSCALL] regs=0x00125fb4 regs->eax=11 ret=0
[SYSCALL] regs=0x00125fb4 regs->eax=11 ret=0
[SYSCALL] regs=0x00125fb4 regs->eax=11 ret=0
[SYSCALL] regs=0x00125fb4 regs->eax=11 ret=0
[SYSCALL] regs=0x00125fb4 regs->eax=11 ret=0
[SYSCALL] regs=0x00125fb4 regs->eax=11 ret=0
[SYSCALL] regs=0x00125fb4 regs->eax=11 ret=0
[SYSCALL] regs=0x00125fb4 regs->eax=11 ret=0
[SYSCALL] regs=0x00125fb4 regs->eax=11 ret=0
[SYSCALL] regs=0x00125fb4 regs->eax=11 ret=0
[SYSCALL] regs=0x00125fb4 regs->eax=11 ret=0
[SYSCALL] regs=0x00125fb4 regs->eax=11 ret=0
[SYSCALL] regs=0x00125fb4 regs->eax=11 ret=0
[SYSCALL] regs=0x00125fb4 regs->eax=11 ret=0
[SYSCALL] regs=0x00125fb4 regs->eax=11 ret=0
[SYSCALL] regs=0x00125fb4 regs->eax=11 ret=0
[SYSCALL] regs=0x00125fb4 regs->eax=11 ret=0
[SYSCALL] regs=0x00125fb4 regs->eax=11 ret=0
[SYSCALL] regs=0x00125fb4 regs->eax=11 ret=0
[SYSCALL] regs=0x00125fb4 regs->eax=11 ret=0
[SYSCALL] regs=0x00125fb4 regs->eax=11 ret=0
[SYSCALL] regs=0x00125fb4 regs->eax=11 ret=0
[SYSCALL] regs=0x00125fb4 regs->eax=11 ret=0
[SYSCALL] regs=0x00125fb4 regs->eax=11 ret=0
[SYSCALL] regs=0x00125fb4 regs->eax=11 ret=0
[SYSCALL] regs=0x00125fb4 regs->eax=11 ret=0
[SYSCALL] regs=0x00125fb4 regs->eax=11 ret=0
[SYSCALL] regs=0x00125fb4 regs->eax=11 ret=0
[SYSCALL] regs=0x00125fb4 regs->eax=11 ret=0
[SYSCALL] regs=0x00125fb4 regs->eax=11 ret=0
[SYSCALL] regs=0x00125fb4 regs->eax=11 ret=0
[SYSCALL] regs=0x00125fb4 regs->eax=11 ret=0
[SYSCALL] regs=0x00125fb4 regs->eax=11 ret=0
[SYSCALL] regs=0x00125fb4 regs->eax=11 ret=0
[SYSCALL] regs=0x00125fb4 regs->eax=11 ret=0
[SYSCALL] regs=0x00125fb4 regs->eax=11 ret=0
[SYSCALL] regs=0x00125fb4 regs->eax=11 ret=0
[SYSCALL] regs=0x00125fb4 regs->eax=11 ret=0
[SYSCALL] regs=0x00125fb4 regs->eax=11 ret=0
[SYSCALL] regs=0x00125fb4 regs->eax=11 ret=0
[SYSCALL] regs=0x00125fb4 regs->eax=11 ret=0
[SYSCALL] regs=0x00125fb4 regs->eax=11 ret=0
[SYSCALL] regs=0x00125fb4 regs->eax=11 ret=0
[SYSCALL] regs=0x00125fb4 regs->eax=11 ret=0
[SYSCALL] regs=0x00125fb4 regs->eax=11 ret=0
[SYSCALL] regs=0x00125fb4 regs->eax=11 ret=0
[SYSCALL] regs=0x00125fb4 regs->eax=11 ret=0
[SYSCALL] regs=0x00125fb4 regs->eax=11 ret=0
[SYSCALL] regs=0x00125fb4 regs->eax=11 ret=0
[SYSCALL] regs=0x00125fb4 regs->eax=11 ret=0
[SYSCALL] regs=0x00125fb4 regs->eax=11 ret=0
[SYSCALL] regs=0x00125fb4 regs->eax=11 ret=0
[SYSCALL] regs=0x00125fb4 regs->eax=11 ret=0
[SYSCALL] regs=0x00125fb4 regs->eax=11 ret=0
[SYSCALL] regs=0x00125fb4 regs->eax=11 ret=0
[SYSCALL] regs=0x00125fb4 regs->eax=11 ret=0
[SYSCALL] regs=0x00125fb4 regs->eax=11 ret=0
[SYSCALL] regs=0x00125fb4 regs->eax=11 ret=0
[SYSCALL] regs=0x00125fb4 regs->eax=11 ret=0
[SYSCALL] regs=0x00125fb4 regs->eax=11 ret=0
[SYSCALL] regs=0x00125fb4 regs->eax=11 ret=0
[SYSCALL] regs=0x00125fb4 regs->eax=11 ret=0
[SYSCALL] regs=0x00125fb4 regs->eax=11 ret=0
[SYSCALL] regs=0x00125fb4 regs->eax=11 ret=0
[SYSCALL] regs=0x00125fb4 regs->eax=11 ret=0
[SYSCALL] regs=0x00125fb4 regs->eax=11 ret=0
[SYSCALL] regs=0x00125fb4 regs->eax=11 ret=0
[SYSCALL] regs=0x00125fb4 regs->eax=11 ret=0
[SYSCALL] regs=0x00125fb4 regs->eax=11 ret=0
[SYSCALL] regs=0x00125fb4 regs->eax=11 ret=0
[SYSCALL] regs=0x00125fb4 regs->eax=11 ret=0
[SYSCALL] regs=0x00125fb4 regs->eax=11 ret=0
[SYSCALL] regs=0x00125fb4 regs->eax=11 ret=0
[SYSCALL] regs=0x00125fb4 regs->eax=11 ret=0
[SYSCALL] regs=0x00125fb4 regs->eax=11 ret=0
[SYSCALL] regs=0x00125fb4 regs->eax=11 ret=0
[SYSCALL] regs=0x00125fb4 regs->eax=11 ret=0
[SYSCALL] regs=0x00125fb4 regs->eax=11 ret=0
[SYSCALL] regs=0x00125fb4 regs->eax=11 ret=0
[SYSCALL] regs=0x00125fb4 regs->eax=11 ret=0
[SYSCALL] regs=0x00125fb4 regs->eax=11 ret=0
[SYSCALL] regs=0x00125fb4 regs->eax=11 ret=0
[SYSCALL] regs=0x00125fb4 regs->eax=11 ret=0
[SYSCALL] regs=0x00125fb4 regs->eax=11 ret=0
[SYSCALL] regs=0x00125fb4 regs->eax=11 ret=0
[SYSCALL] regs=0x00125fb4 regs->eax=11 ret=0
[SYSCALL] regs=0x00125fb4 regs->eax=11 ret=0
[SYSCALL] regs=0x00125fb4 regs->eax=11 ret=0
[SYSCALL] regs=0x00125fb4 regs->eax=11 ret=0
[SYSCALL] regs=0x00125fb4 regs->eax=11 ret=0
[SYSCALL] regs=0x00125fb4 regs->eax=11 ret=0
[SYSCALL] regs=0x00125fb4 regs->eax=11 ret=0
[SYSCALL] regs=0x00125fb4 regs->eax=11 ret=0
[SYSCALL] regs=0x00125fb4 regs->eax=11 ret=0
[SYSCALL] regs=0x00125fb4 regs->eax=11 ret=0
[SYSCALL] regs=0x00125fb4 regs->eax=11 ret=0
[SYSCALL] regs=0x00125fb4 regs->eax=11 ret=0
[SYSCALL] regs=0x00125fb4 regs->eax=11 ret=0
[SYSCALL] regs=0x00125fb4 regs->eax=11 ret=0
[SYSCALL] regs=0x00125fb4 regs->eax=11 ret=0
[SYSCALL] regs=0x00125fb4 regs->eax=11 ret=0
[SYSCALL] regs=0x00125fb4 regs->eax=11 ret=0
[SYSCALL] regs=0x00125fb4 regs->eax=11 ret=0
[SYSCALL] regs=0x00125fb4 regs->eax=11 ret=0
[SYSCALL] regs=0x00125fb4 regs->eax=11 ret=0
[SYSCALL] regs=0x00125fb4 regs->eax=11 ret=0
[SYSCALL] regs=0x00125fb4 regs->eax=11 ret=0
[SYSCALL] regs=0x00125fb4 regs->eax=11 ret=0
[SYSCALL] regs=0x00125fb4 regs->eax=11 ret=0
[SYSCALL] regs=0x00125fb4 regs->eax=11 ret=0
[SYSCALL] regs=0x00125fb4 regs->eax=11 ret=0
[SYSCALL] regs=0x00125fb4 regs->eax=11 ret=0
[SYSCALL] regs=0x00125fb4 regs->eax=11 ret=0
[SYSCALL] regs=0x00125fb4 regs->eax=11 ret=0
[SYSCALL] regs=0x00125fb4 regs->eax=11 ret=0
[SYSCALL] regs=0x00125fb4 regs->eax=11 ret=0
[SYSCALL] regs=0x00125fb4 regs->eax=11 ret=0
[SYSCALL] regs=0x00125fb4 regs->eax=11 ret=0
[SYSCALL] regs=0x00125fb4 regs->eax=11 ret=0
[SYSCALL] regs=0x00125fb4 regs->eax=11 ret=0
[SYSCALL] regs=0x00125fb4 regs->eax=11 ret=0
[SYSCALL] regs=0x00125fb4 regs->eax=11 ret=0
[SYSCALL] regs=0x00125fb4 regs->eax=11 ret=0
[SYSCALL] regs=0x00125fb4 regs->eax=11 ret=0
[SYSCALL] regs=0x00125fb4 regs->eax=11 ret=0
[SYSCALL] regs=0x00125fb4 regs->eax=11 ret=0
[SYSCALL] regs=0x00125fb4 regs->eax=11 ret=0
[SYSCALL] regs=0x00125fb4 regs->eax=11 ret=0
[SYSCALL] regs=0x00125fb4 regs->eax=11 ret=0
[SYSCALL] regs=0x00125fb4 regs->eax=11 ret=0
[SYSCALL] regs=0x00125fb4 regs->eax=11 ret=0
[SYSCALL] regs=0x00125fb4 regs->eax=11 ret=0
[SYSCALL] regs=0x00125fb4 regs->eax=11 ret=0
[SYSCALL] regs=0x00125fb4 regs->eax=11 ret=0
[SYSCALL] regs=0x00125fb4 regs->eax=11 ret=0
[SYSCALL] regs=0x00125fb4 regs->eax=11 ret=0
[SYSCALL] regs=0x00125fb4 regs->eax=11 ret=0
[SYSCALL] regs=0x00125fb4 regs->eax=11 ret=0
[SYSCALL] regs=0x00125fb4 regs->eax=11 ret=0
[SYSCALL] regs=0x00125fb4 regs->eax=11 ret=0
[SYSCALL] regs=0x00125fb4 regs->eax=11 ret=0
[SYSCALL] regs=0x00125fb4 regs->eax=11 ret=0
[SYSCALL] regs=0x00125fb4 regs->eax=11 ret=0
[SYSCALL] regs=0x00125fb4 regs->eax=11 ret=0
[SYSCALL] regs=0x00125fb4 regs->eax=11 ret=0
[SYSCALL] regs=0x00125fb4 regs->eax=11 ret=0
[SYSCALL] regs=0x00125fb4 regs->eax=11 ret=0
[SYSCALL] regs=0x00125fb4 regs->eax=11 ret=0
[SYSCALL] regs=0x00125fb4 regs->eax=11 ret=0
[SYSCALL] regs=0x00125fb4 regs->eax=11 ret=0
[SYSCALL] regs=0x00125fb4 regs->eax=11 ret=0
[SYSCALL] regs=0x00125fb4 regs->eax=11 ret=0
[SYSCALL] regs=0x00125fb4 regs->eax=11 ret=0
[SYSCALL] regs=0x00125fb4 regs->eax=11 ret=0
[SYSCALL] regs=0x00125fb4 regs->eax=11 ret=0
[SYSCALL] regs=0x00125fb4 regs->eax=11 ret=0
[SYSCALL] regs=0x00125fb4 regs->eax=11 ret=0
[SYSCALL] regs=0x00125fb4 regs->eax=11 ret=0
[SYSCALL] regs=0x00125fb4 regs->eax=11 ret=0
[SYSCALL] regs=0x00125fb4 regs->eax=11 ret=0
[SYSCALL] regs=0x00125fb4 regs->eax=11 ret=0
[SYSCALL] regs=0x00125fb4 regs->eax=11 ret=0
[SYSCALL] regs=0x00125fb4 regs->eax=11 ret=0
[SYSCALL] regs=0x00125fb4 regs->eax=11 ret=0
[SYSCALL] regs=0x00125fb4 regs->eax=11 ret=0
[SYSCALL] regs=0x00125fb4 regs->eax=11 ret=0
[SYSCALL] regs=0x00125fb4 regs->eax=11 ret=0
[SYSCALL] regs=0x00125fb4 regs->eax=11 ret=0
[SYSCALL] regs=0x00125fb4 regs->eax=11 ret=0
[SYSCALL] regs=0x00125fb4 regs->eax=11 ret=0
[SYSCALL] regs=0x00125fb4 regs->eax=11 ret=0
[SYSCALL] regs=0x00125fb4 regs->eax=11 ret=0
[SYSCALL] regs=0x00125fb4 regs->eax=11 ret=0
[SYSCALL] regs=0x00125fb4 regs->eax=11 ret=0
[SYSCALL] regs=0x00125fb4 regs->eax=11 ret=0
[SYSCALL] regs=0x00125fb4 regs->eax=11 ret=0
[SYSCALL] regs=0x00125fb4 regs->eax=11 ret=0
[SYSCALL] regs=0x00125fb4 regs->eax=11 ret=0
[SYSCALL] regs=0x00125fb4 regs->eax=11 ret=0
[SYSCALL] regs=0x00125fb4 regs->eax=11 ret=0
[SYSCALL] regs=0x00125fb4 regs->eax=11 ret=0
[SYSCALL] regs=0x00125fb4 regs->eax=11 ret=0
[SYSCALL] regs=0x00125fb4 regs->eax=11 ret=0
[SYSCALL] regs=0x00125fb4 regs->eax=11 ret=0
[SYSCALL] regs=0x00125fb4 regs->eax=11 ret=0
[SYSCALL] regs=0x00125fb4 regs->eax=11 ret=0
[SYSCALL] regs=0x00125fb4 regs->eax=11 ret=0
[SYSCALL] regs=0x00125fb4 regs->eax=11 ret=0
[SYSCALL] regs=0x00125fb4 regs->eax=11 ret=0
[SYSCALL] regs=0x00125fb4 regs->eax=11 ret=0
[SYSCALL] regs=0x00125fb4 regs->eax=11 ret=0
[SYSCALL] regs=0x00125fb4 regs->eax=11 ret=0
[SYSCALL] regs=0x00125fb4 regs->eax=11 ret=0
[SYSCALL] regs=0x00125fb4 regs->eax=11 ret=0
[SYSCALL] regs=0x00125fb4 regs->eax=11 ret=0
[SYSCALL] regs=0x00125fb4 regs->eax=11 ret=0
[SYSCALL] regs=0x00125fb4 regs->eax=11 ret=0
[SYSCALL] regs=0x00125fb4 regs->eax=11 ret=0
[SYSCALL] regs=0x00125fb4 regs->eax=11 ret=0
[SYSCALL] regs=0x00125fb4 regs->eax=11 ret=0
[SYSCALL] regs=0x00125fb4 regs->eax=11 ret=0
[SYSCALL] regs=0x00125fb4 regs->eax=11 ret=0
[SYSCALL] regs=0x00125fb4 regs->eax=11 ret=0
[SYSCALL] regs=0x00125fb4 regs->eax=11 ret=0
[SYSCALL] regs=0x00125fb4 regs->eax=11 ret=0
[SYSCALL] regs=0x00125fb4 regs->eax=11 ret=0
[SYSCALL] regs=0x00125fb4 regs->eax=11 ret=0
[SYSCALL] regs=0x00125fb4 regs->eax=11 ret=0
[SYSCALL] regs=0x00125fb4 regs->eax=11 ret=0
[SYSCALL] regs=0x00125fb4 regs->eax=11 ret=0
[SYSCALL] regs=0x00125fb4 regs->eax=11 ret=0
[SYSCALL] regs=0x00125fb4 regs->eax=11 ret=0
[SYSCALL] regs=0x00125fb4 regs->eax=11 ret=0
[SYSCALL] regs=0x00125fb4 regs->eax=11 ret=0
[SYSCALL] regs=0x00125fb4 regs->eax=11 ret=0
[SYSCALL] regs=0x00125fb4 regs->eax=11 ret=0
[SYSCALL] regs=0x00125fb4 regs->eax=11 ret=0
[SYSCALL] regs=0x00125fb4 regs->eax=11 ret=0
[SYSCALL] regs=0x00125fb4 regs->eax=11 ret=0
[SYSCALL] regs=0x00125fb4 regs->eax=11 ret=0
[SYSCALL] regs=0x00125fb4 regs->eax=11 ret=0
[SYSCALL] regs=0x00125fb4 regs->eax=11 ret=0
[SYSCALL] regs=0x00125fb4 regs->eax=11 ret=0
[SYSCALL] regs=0x00125fb4 regs->eax=11 ret=0
[SYSCALL] regs=0x00125fb4 regs->eax=11 ret=0
[SYSCALL] regs=0x00125fb4 regs->eax=11 ret=0
[SYSCALL] regs=0x00125fb4 regs->eax=11 ret=0
[SYSCALL] regs=0x00125fb4 regs->eax=11 ret=0
[SYSCALL] regs=0x00125fb4 regs->eax=11 ret=0
[SYSCALL] regs=0x00125fb4 regs->eax=11 ret=0
[SYSCALL] regs=0x00125fb4 regs->eax=11 ret=0
[SYSCALL] regs=0x00125fb4 regs->eax=11 ret=0
[SYSCALL] regs=0x00125fb4 regs->eax=11 ret=0
[SYSCALL] regs=0x00125fb4 regs->eax=11 ret=0
[SYSCALL] regs=0x00125fb4 regs->eax=11 ret=0
[SYSCALL] regs=0x00125fb4 regs->eax=11 ret=0
[SYSCALL] regs=0x00125fb4 regs->eax=11 ret=0
[SYSCALL] regs=0x00125fb4 regs->eax=11 ret=0
[SYSCALL] regs=0x00125fb4 regs->eax=11 ret=0
[SYSCALL] regs=0x00125fb4 regs->eax=11 ret=0
[SYSCALL] regs=0x00125fb4 regs->eax=11 ret=0
[SYSCALL] regs=0x00125fb4 regs->eax=11 ret=0
[SYSCALL] regs=0x00125fb4 regs->eax=11 ret=0
[SYSCALL] regs=0x00125fb4 regs->eax=11 ret=0
[SYSCALL] regs=0x00125fb4 regs->eax=11 ret=0
[SYSCALL] regs=0x00125fb4 regs->eax=11 ret=0
[SYSCALL] regs=0x00125fb4 regs->eax=11 ret=0
[SYSCALL] regs=0x00125fb4 regs->eax=11 ret=0
[SYSCALL] regs=0x00125fb4 regs->eax=11 ret=0
[SYSCALL] regs=0x00125fb4 regs->eax=11 ret=0
[SYSCALL] regs=0x00125fb4 regs->eax=11 ret=0
[SYSCALL] regs=0x00125fb4 regs->eax=11 ret=0
[SYSCALL] regs=0x00125fb4 regs->eax=11 ret=0
[SYSCALL] regs=0x00125fb4 regs->eax=11 ret=0
[SYSCALL] regs=0x00125fb4 regs->eax=11 ret=0
[SYSCALL] regs=0x00125fb4 regs->eax=11 ret=0
[SYSCALL] regs=0x00125fb4 regs->eax=11 ret=0
[SYSCALL] regs=0x00125fb4 regs->eax=11 ret=0
[SYSCALL] regs=0x00125fb4 regs->eax=11 ret=0
[SYSCALL] regs=0x00125fb4 regs->eax=11 ret=0
[SYSCALL] regs=0x00125fb4 regs->eax=11 ret=0
[SYSCALL] regs=0x00125fb4 regs->eax=11 ret=0
[SYSCALL] regs=0x00125fb4 regs->eax=11 ret=0
[SYSCALL] regs=0x00125fb4 regs->eax=11 ret=0
[SYSCALL] regs=0x00125fb4 regs->eax=11 ret=0
[SYSCALL] regs=0x00125fb4 regs->eax=11 ret=0
[SYSCALL] regs=0x00125fb4 regs->eax=11 ret=0
[SYSCALL] regs=0x00125fb4 regs->eax=11 ret=0
[SYSCALL] regs=0x00125fb4 regs->eax=11 ret=0
[SYSCALL] regs=0x00125fb4 regs->eax=11 ret=0
[SYSCALL] regs=0x00125fb4 regs->eax=11 ret=0
[SYSCALL] regs=0x00125fb4 regs->eax=11 ret=0
[SYSCALL] regs=0x00125fb4 regs->eax=11 ret=0
[SYSCALL] regs=0x00125fb4 regs->eax=11 ret=0
[SYSCALL] regs=0x00125fb4 regs->eax=11 ret=0
[SYSCALL] regs=0x00125fb4 regs->eax=11 ret=0
[SYSCALL] regs=0x00125fb4 regs->eax=11 ret=0
[SYSCALL] regs=0x00125fb4 regs->eax=11 ret=0
[SYSCALL] regs=0x00125fb4 regs->eax=11 ret=0
[SYSCALL] regs=0x00125fb4 regs->eax=11 ret=0
[SYSCALL] regs=0x00125fb4 regs->eax=11 ret=0
[SYSCALL] regs=0x00125fb4 regs->eax=11 ret=0
[SYSCALL] regs=0x00125fb4 regs->eax=11 ret=0
[SYSCALL] regs=0x00125fb4 regs->eax=11 ret=0
[SYSCALL] regs=0x00125fb4 regs->eax=11 ret=0
[SYSCALL] regs=0x00125fb4 regs->eax=11 ret=0
[SYSCALL] regs=0x00125fb4 regs->eax=11 ret=0
[SYSCALL] regs=0x00125fb4 regs->eax=11 ret=0
[SYSCALL] regs=0x00125fb4 regs->eax=11 ret=0
[SYSCALL] regs=0x00125fb4 regs->eax=11 ret=0
[SYSCALL] regs=0x00125fb4 regs->eax=11 ret=0
[SYSCALL] regs=0x00125fb4 regs->eax=11 ret=0
[SYSCALL] regs=0x00125fb4 regs->eax=11 ret=0
[SYSCALL] regs=0x00125fb4 regs->eax=11 ret=0
[SYSCALL] regs=0x00125fb4 regs->eax=11 ret=0
[SYSCALL] regs=0x00125fb4 regs->eax=11 ret=0
[SYSCALL] regs=0x00125fb4 regs->eax=11 ret=0
[SYSCALL] regs=0x00125fb4 regs->eax=11 ret=0
[SYSCALL] regs=0x00125fb4 regs->eax=11 ret=0
[SYSCALL] regs=0x00125fb4 regs->eax=11 ret=0
[SYSCALL] regs=0x00125fb4 regs->eax=11 ret=0
[SYSCALL] regs=0x00125fb4 regs->eax=11 ret=0
[SYSCALL] regs=0x00125fb4 regs->eax=11 ret=0
[SYSCALL] regs=0x00125fb4 regs->eax=11 ret=0
[SYSCALL] regs=0x00125fb4 regs->eax=11 ret=0
[SYSCALL] regs=0x00125fb4 regs->eax=11 ret=0
[SYSCALL] regs=0x00125fb4 regs->eax=11 ret=0
[SYSCALL] regs=0x00125fb4 regs->eax=11 ret=0
[SYSCALL] regs=0x00125fb4 regs->eax=11 ret=0
[SYSCALL] regs=0x00125fb4 regs->eax=11 ret=0
[SYSCALL] regs=0x00125fb4 regs->eax=11 ret=0
[SYSCALL] regs=0x00125fb4 regs->eax=11 ret=0
[SYSCALL] regs=0x00125fb4 regs->eax=11 ret=0
[SYSCALL] regs=0x00125fb4 regs->eax=11 ret=0
[SYSCALL] regs=0x00125fb4 regs->eax=11 ret=0
[SYSCALL] regs=0x00125fb4 regs->eax=11 ret=0
[SYSCALL] regs=0x00125fb4 regs->eax=11 ret=0
[SYSCALL] regs=0x00125fb4 regs->eax=11 ret=0
[SYSCALL] regs=0x00125fb4 regs->eax=11 ret=0
[SYSCALL] regs=0x00125fb4 regs->eax=11 ret=0
[SYSCALL] regs=0x00125fb4 regs->eax=11 ret=0
[SYSCALL] regs=0x00125fb4 regs->eax=11 ret=0
[SYSCALL] regs=0x00125fb4 regs->eax=11 ret=0
[SYSCALL] regs=0x00125fb4 regs->eax=11 ret=0
[SYSCALL] regs=0x00125fb4 regs->eax=11 ret=0
[SYSCALL] regs=0x00125fb4 regs->eax=11 ret=0
[SYSCALL] regs=0x00125fb4 regs->eax=11 ret=0
[SYSCALL] regs=0x00125fb4 regs->eax=11 ret=0
[SYSCALL] regs=0x00125fb4 regs->eax=11 ret=0
[SYSCALL] regs=0x00125fb4 regs->eax=11 ret=0
[SYSCALL] regs=0x00125fb4 regs->eax=11 ret=0
[SYSCALL] regs=0x00125fb4 regs->eax=11 ret=0
[SYSCALL] regs=0x00125fb4 regs->eax=11 ret=0
[SYSCALL] regs=0x00125fb4 regs->eax=11 ret=0
[SYSCALL] regs=0x00125fb4 regs->eax=11 ret=0
[SYSCALL] regs=0x00125fb4 regs->eax=11 ret=0
[SYSCALL] regs=0x00125fb4 regs->eax=11 ret=0
[SYSCALL] regs=0x00125fb4 regs->eax=11 ret=0
[SYSCALL] regs=0x00125fb4 regs->eax=11 ret=0
[SYSCALL] regs=0x00125fb4 regs->eax=11 ret=0
